Row,Count_Frac_Human,Count_Frac_Natur,Area_Frac_Human,Area_Frac_Natur
Urban-edge,0.943459350953496,0.0565406490465038,0.684514098286416,0.315485901713584
Wildland,0.737199511068858,0.262800488931142,0.445559783049658,0.554440216950342
