ndviM,elevation,slope,vs,vd,ppt,tmean,vpdmax,tmin,tmax,ignition,FFMC,DMC,DC
,1695.1852407033728,20.148905297844923,1.7000000477,74.0,488.4050002717,23.096251249313354,32.454999685287476,16.25849974155426,29.93537473678589,0.0,94.70512018641236,306.8233269329105,615.9245547490519
,421.4216163583252,22.149725305069587,4.6427618965,344.6381092096,1155.7059981587,22.876876115798954,36.78787469863892,13.345625042915344,32.40874981880188,,92.18956095365742,236.5992762934393,517.1738110357546
,1153.0485872171828,18.413998322145197,2.5561196156,315.3689229631,491.4914189524,27.890237458648528,50.23260692210921,19.50841210907224,36.27331561601667,0.0,96.35832739561008,182.80232041327545,607.3768668489904
,659.9141171078263,29.417803311047106,4.6394971911,338.0,1415.7046388376,23.11269641736489,30.80974240041077,16.786760546209308,29.43968282329094,,91.20534361078353,163.3606308718492,484.04111257672594
,470.08516833484987,17.239189413123903,2.2000000477,263.0,698.7085141637,31.430266470969315,67.47338707971755,21.615118089249194,41.24659280605644,0.0,98.1029214544217,235.26691179857,610.0588469729462
,2399.3121095475485,24.445158636392446,1.5942664616,322.8855526351,416.8073515588,16.881517026251228,20.04091469969267,9.450678931430971,24.313113773824288,0.0,92.19281333878858,189.33067368471183,402.07044082976
,746.4593423400459,20.530586398429566,4.5607290833,342.4567833511,1393.0531279737,24.496473053348545,35.85277020451331,17.498537329799362,31.495402011239708,,92.58546749474735,190.79244441346503,492.46529833475006
,897.9362549800796,26.24829303520998,2.7548067278,178.9236051181,443.2584149026,19.086319525841443,26.505915641773665,10.044193711276552,28.129034146435444,1.0,93.41682224612578,522.641728135912,969.3603783955577
,1821.863871270848,17.37247658199076,1.7999999523,316.0,430.945589859,22.64294927368717,38.62406316761471,13.228313336608784,32.05900323347631,0.0,95.61028042731743,118.56669103742685,450.2357111755588
,306.3125529596901,20.880971274780254,3.7267553106,330.4630690011,817.1381425882,22.45748401734961,41.92033334709494,11.326842421487548,33.58935994666053,,96.84539774310106,181.6975282905906,933.098071199923
,696.0769341179848,22.02243241933389,3.9829407921,339.0,888.867546674,25.064882671576044,45.30035620358997,14.742835858057129,35.38856955443906,,95.01906047772803,308.7449356703816,554.9075250740268
,2029.46638388123,9.378148351911523,2.1859598035,208.8047954588,524.9159997599,20.348751068115234,25.9377498626709,14.055500030517578,26.642250061035156,0.0,93.94653057713654,291.5256129911627,597.1656100737717
,1180.483076157292,18.42521059311344,2.7000000477,217.0,423.8973846957,25.28628105780962,51.12929274620605,14.141691443296368,36.431922447303336,0.0,95.85604538680758,133.80136460031034,688.7288777888914
,414.6222391469916,21.131604586921085,3.0490625432,250.0,428.1900366256,22.30102052897862,35.82269922184949,13.436141820029613,31.16685349752864,,93.9630543434419,61.86682836897174,231.0470172808895
,1542.7074074074073,13.305953896266441,,,,,,,,0.0,,,
,1163.447427293065,20.646859645672063,2.7999999523,274.0,1063.698604218,30.41765511574684,55.2113148090712,23.065573734731576,37.770415814858296,0.0,96.95546206794283,203.53910404912568,565.7059631936786
,1643.9013852242745,10.243946044546083,3.9000000954,250.0,228.3777801809,16.64307146605936,31.22953763183071,5.35735411807438,27.92995824938683,1.0,96.16223323253138,128.64004869685044,768.516186602893
,1182.642448103078,20.46351272857607,2.9000000954,283.0,972.258742862,22.8698054316835,40.88315749197788,13.617487886131382,32.123112943340196,0.0,94.32125169707449,208.69484648253538,538.0142463782524
,1023.8954326923077,29.157438115909315,2.9150664653,306.0,569.196997502,28.430251598358154,52.55900001525879,19.777000427246094,37.084500312805176,0.0,96.55443456349386,190.52222907366104,553.4131988779899
,82.47973273942094,7.960172053580826,4.278064667,296.0,466.6029944923,18.68700122833252,20.752749919891357,10.452250003814697,26.922500133514404,,92.49798142621214,438.984710260253,1022.449400802675
,1713.1167648634173,19.956256064106963,4.0,278.0,378.6170056413,17.889073258573134,28.887836101425265,8.203340532859372,27.576251306702186,1.0,94.78422221717464,107.577170287596,551.1766176107894
,168.58532504780115,14.506433456701656,3.3510672169,45.0,175.6370667981,18.28768561551589,20.653208889732163,10.902431577565775,25.67397533425275,,93.5057171427769,671.1745407928294,1618.5676942874566
,1154.3443708609273,24.38080140599615,,,,,,,,,,,
,1526.4256661991585,13.836963212026118,1.8999999762,254.0,282.1600007415,15.330000400543211,22.072499752044678,8.153500080108644,22.507750034332275,,95.83618078262961,31.618688932912896,56.415475577098576
,795.4156406192857,18.243624611070473,4.2840525269,85.8146349182,776.8513123696,19.11076449602382,23.43736435322576,10.88848294545925,27.333956353232395,,95.51805245611189,513.9123427599652,1218.6058061254253
,1956.7953294859751,11.606665773017985,2.2999999523,213.0,843.7151384729,21.570103106733775,27.793342465872296,15.529368976340335,27.61197624454534,0.0,92.85215923589891,272.3085799310157,833.3113519515973
,1560.0519902518279,19.93733332597754,2.5,338.0,528.9130892166,4.039925354298806,8.989112860458308,-1.377707874054414,9.458500431855615,1.0,93.44133216839975,16.700167478092588,385.05269054282456
,2152.6391254315304,22.45071349626855,2.8977529942,258.0,820.9261521661,16.706414705554277,22.368823424038865,9.177619011590355,24.235965811917353,0.0,93.25622112644072,200.6509036139069,915.7164938264212
,2034.7444933920706,21.19161764392387,2.5,220.0,890.9619336783,18.273432993536037,23.919658379405796,11.502311625900449,25.04558529650532,0.0,93.62688871395116,357.44568940308596,819.4643149447496
,995.1495327102804,27.075047704515686,2.3909228737,334.1568840146,785.6519980058,24.553001403808594,47.44025039672851,14.750250101089478,34.35674858093262,0.0,97.97021138319235,166.67063262347614,799.7656338050526
,940.4389038634322,21.254833195060627,3.3048734472,188.8537953622,638.2600000853,23.046001434326172,48.15974998474121,9.744750022888184,36.3487491607666,1.0,97.2170771070603,369.3272747019202,1038.7894082675257
,1382.3157556270096,8.3424092669579,2.0,226.0,430.9428759302,20.449871075328236,34.275577953644444,10.596414508847513,30.303852036937094,,95.31901230492718,175.52182251118288,796.7093193279934
,471.12918994413405,21.342796040896594,4.0735460703,94.0,730.1858156638,19.22057568863887,25.445933336962177,10.061319289640023,28.38058048981815,,96.63330621383392,574.4412563140938,1316.4225514905168
,1037.332901074472,16.597695190534484,3.8812155213,122.0,642.8498469121,20.94068185608142,29.974025604188913,13.81530034223997,28.067351884902,1.0,97.24991375596218,684.1536448877954,1425.6476512311972
,2014.515363944386,23.912647112241235,2.7000614956,225.9938552036,636.1077481184,18.04934427976054,24.185742686864444,11.29355395112466,24.805889029365588,1.0,94.47559010970465,153.84879135912192,913.51085801969
,1918.3226329442282,21.945741432340846,,,,,,,,,,,
,1471.675799086758,17.893874226367636,,,,,,,,,,,
,1065.8011162355458,18.068813973892723,2.7185716043,251.0,754.1624629221,26.145205389830046,51.730684033398134,16.072889818194657,36.2188060356528,1.0,97.19345439430106,257.30683463360805,835.6045572545637
,565.2793340002859,15.462548265386705,,,,,,,,,,,
,1338.9639022161298,14.69831318783929,2.9963632225,288.994699007,313.5009089573,19.456539596836723,27.547392918989143,11.081456052804603,27.832501671053404,1.0,95.90621630722927,256.5165115914271,663.5004752560069
,319.4384249471459,2.60549768484168,4.8429956098,170.0,579.2689697194,28.102665362968708,41.63306497781586,20.057149681810227,36.14880909771023,0.0,94.19382554749853,124.47739732884581,634.3225535845405
,1037.1839648544756,25.670058625754848,,,,,,,,1.0,,,
,1133.5716012084592,25.5363197161832,2.8958527524,342.0,303.7186191593,21.94374392042802,36.97792460450933,11.708937295496655,32.17943992411105,,95.58466023295824,126.85394423415315,664.3326756739486
,174.17206562894404,15.665726271781994,,,,,,,,,,,
,893.5971917507678,18.745196167734328,3.0279625315,219.2912007101,732.1090016136,28.421501636505127,52.29974937438965,19.037749767303467,37.806499481201165,1.0,97.6158443071472,290.7297231300341,924.2594038105042
,2702.2876224398933,18.452051398811797,1.7612844391,36.0,367.8707840091,10.281885378830543,4.676732922547828,5.281771566338768,15.28289378062395,0.0,70.11081183850865,67.20388706220217,546.8202391183454
,2406.523110151188,9.84698756176246,2.4000000954,58.0,813.9474688735,18.500357925633985,24.603729176976064,11.062030279067706,25.93943446796876,0.0,94.12543907186294,115.07991856342414,550.9706216184209
,1308.566970091027,15.163513811083133,2.9669572532,288.3391444347,305.2149996002,19.86975049972534,28.97000026702881,11.12975001335144,28.61050033569336,,96.22849083138068,264.3586794115052,635.296074317525
,1464.8156614785992,7.359831355700582,3.2999999523,151.0,428.7179998815,19.398751258850098,31.61800003051758,10.205750107765198,28.592750072479248,1.0,94.37431159191226,167.5484893543333,684.4525644015116
,917.7549312612074,27.167725460727414,2.7999999523,28.0,1177.6164175062,22.65878532144222,35.11146975522482,13.65045147098358,31.66764077890577,0.0,95.70321867511346,159.06444873099528,419.17328133702193
,2824.473161033797,21.028622509194495,2.0904689715,95.0,527.7570000308,8.78000044822693,4.916499972343446,3.299750030040741,14.261250019073486,0.0,77.81425594545321,52.964655004384326,445.9655882318544
,552.8173333333333,12.447679220199586,2.2000000477,142.0,589.9556677992,25.70797095881025,48.397760683075894,15.019412403144852,36.397277771442496,,96.11045446082703,156.88686684715833,771.4516607115768
,1989.099290780142,22.946749203594017,3.2252972575,34.095114856,681.11500411,16.397000789642334,19.56250047683716,9.001750111579899,23.79349994659424,0.0,87.28530343883396,106.86528287342733,391.5310348574257
,471.04380841121497,19.18749085191719,2.9000000954,228.2735725269,743.8768278095,17.990568124032645,14.102637783334668,12.481485444550326,23.500650797913497,,88.20886559396013,101.09760971800206,1402.5680589057843
,1377.458258795468,11.131143786088654,,,,,,,,,,,
,355.2788104089219,13.368155226508406,2.7000000477,259.0,486.7384682417,21.575087543844425,37.502760933616614,9.745296828290662,33.40585637404409,,96.99546439987986,241.23261382439807,975.7212173215978
,1496.677011707861,11.488552261979533,2.5,260.0494765007,689.8525958095,23.347067799014447,36.72232869301615,15.351864709159553,31.343519503076404,,94.78474483815674,152.94162306660797,467.24379740613074
,309.9262320171411,7.589795192173946,,,,,,,,,,,
,1328.6932797242964,20.160300604986222,3.7000000477,150.0,2339.3669479853,2.650114895521087,7.272829873219798,-2.332016956119303,7.632477005684394,1.0,82.11955046725227,24.00136638509312,511.15080348418394
,1879.5547489413188,16.78843956772876,5.1363461839,263.273073722,607.4945104094,14.874824049789327,25.516429465727555,3.993382937527204,25.75701913978868,,94.162704514396,86.12331461090648,270.42008224682195
,2684.94363256785,10.222310950960148,2.4000000954,155.0,884.4639685523,12.199088617986312,13.51075233387859,6.505567082584318,17.89359205028114,0.0,93.72633371071703,361.1359640275457,826.3929698201048
,383.98110392839385,17.176472600132655,1.6000000238,211.7042015018,672.7525076171,21.33132315475528,30.961097716334635,11.246820911219736,31.417323134765205,,96.0064284799912,539.6337579587711,1366.5282841599171
,416.6768861636897,17.18836955068684,,,,,,,,,,,
,1019.6925580670304,25.847771613032208,3.462500006,250.0,1587.9519996646,26.794715472630095,50.12339278629848,17.047214269638065,36.5431786945888,0.0,95.28474740173976,248.11537943505678,454.9248127243653
,1306.9085374813694,27.862925706438347,2.0999999046,25.0,683.7854958109,20.525375843048096,32.47437524795532,12.491999983787537,28.559875011444092,0.0,95.89384415800869,410.76591189803423,1055.9114529970454
,2307.5073004542505,10.557489701102117,,,,,,,,0.0,,,
,784.7873205327797,23.966449868066093,4.0620553511,250.0,1252.485895938,27.087992402575814,51.69057500536426,17.119156425137323,37.05770335123677,0.0,96.74397100742932,295.4493761255655,593.9329260036577
,392.2419873266599,12.890349383946019,2.4268639803,333.6568044743,422.4797052275,25.413121881264637,48.47268581581342,15.205437815411,35.62205896066911,1.0,96.74957293292844,259.7660267137678,534.8305567597621
,250.04409610313508,6.534975186108216,3.0999999046,199.7663547932,651.103384355,23.489638712462984,38.33759565963599,14.320096506218222,32.660391610875735,1.0,96.03673465752196,688.0345699892362,1147.389900612361
,1915.4539018768521,10.316157991144467,4.4787417267,224.0,316.6945741322,19.23866995970288,32.835838866794276,9.752773823122107,28.72532160456291,1.0,96.65319709375079,451.5895752975986,815.4114690171623
,1350.7129750982963,25.173594750583092,2.1786196674,20.0,873.6748494472,20.311735686986047,32.75774803905951,12.01124598608218,28.612775834767618,0.0,95.95144474714294,485.4717792113847,971.787706925031
,345.8413059984814,23.352957124726377,9.0012982414,332.1624145665,873.3050013278,21.524250984191895,34.33199977874756,11.352250099182127,31.69700002670288,,95.44622869489896,275.11953791705866,842.8147811937564
,592.8676470588235,18.27705515234099,1.9448103853,288.6836394485,424.4620023208,28.21800136566162,55.354000091552734,18.511499881744385,37.92525100708008,1.0,97.33865935899607,508.48141475864253,939.2236182309234
,341.03267211201864,17.19364007500673,2.9843850485,162.0,577.4360251731,23.160687073876012,38.667909134295414,14.085681446049392,32.23683583320876,,97.23770027297005,609.2675006333864,1033.3646964972925
,494.8119440914867,8.484960883155258,2.2999999523,197.0,478.1152303154,25.176793327675565,45.98351290189641,15.291256162381927,35.063388196312765,1.0,96.37990632730963,247.4433220252679,485.11382874626264
,223.07494866529774,12.858251590029292,2.6723425867,170.0,360.0810009241,15.4877507686615,16.522749662399292,9.135500192642212,21.841000080108643,,93.1321401596992,66.42248257411984,921.0546517480477
,418.78732331395946,15.954901998532655,,,,,,,,,,,
,376.7925598385081,11.593281093458081,4.0901524594,310.3298853442,1067.1978112124,24.7257415224613,39.17229476605502,16.542896621191357,32.909395346314554,1.0,94.80376795884872,192.47213596499887,453.474712183274
,1062.7878725590956,28.35151739668748,2.2999999523,18.5006221116,3029.0312610216,20.515650191480194,36.882755428705835,10.974572885077283,30.05723169830503,1.0,93.95761458740913,97.55764484751303,467.4441750474843
,1603.9613945032618,23.84192698267791,6.0984537469,312.0,1461.7911378804,11.120762340868882,14.706539354832874,4.291494923154829,17.951339687290492,1.0,92.7318958649903,509.5316129363182,999.9481113976735
,1197.703610411419,27.11382067393696,3.5963491655,175.0,2705.2929382682,20.465794099315808,27.02114279988517,13.270990334871467,27.661346736517107,1.0,93.7753687090686,266.38981749602993,556.8548384854822
,2433.6231967686094,12.033041063375853,3.0,180.0,1913.6741805813,19.493445326853234,24.064372420911486,13.71961823783096,25.268276774926996,0.0,92.40147770864621,124.40144130849646,324.34184234422946
,492.31575562700965,16.769180982097552,3.6235590283,178.0,1270.4426459657,20.724729502842806,35.10039047099434,11.2184177925742,30.232282127902042,1.0,96.07639593713412,566.220811540903,1115.0070746150923
,303.9934864992894,12.552813867494386,,,,,,,,,,,
,957.2370071797455,22.817564802734488,2.5999999642,308.6666666667,1080.6220028394,29.486701297760018,55.31934967041016,20.65114994049072,38.323349952697754,0.0,96.77458263839839,345.75805163931284,757.0481869736924
,64.34731783948621,1.467148182567605,5.6440621153,259.1780636011,621.1549059978,13.532117984518276,20.6060711861531,5.024392262082278,22.04102271335635,1.0,93.18792736647498,153.5391791942049,298.2951202366211
,2721.030656934306,13.393464535722318,2.9715021262,262.0,473.3226757851,17.75230601376647,24.758954083962543,10.098090084724909,25.406933121486595,0.0,93.5264174908787,186.61989557320646,593.4677086764954
,1942.6570420695061,21.25689815767236,1.8545540869,294.0388985939,1142.6734203022,21.95248609175508,27.57516673510406,15.808978452223728,28.09696614600896,0.0,94.1800773837711,154.7868006612854,506.9907297661503
,1437.6900964756842,20.94538863657411,2.812360306,294.0,815.1909971803,24.30737614631653,37.94337463378906,17.340499877929688,31.27500033378601,1.0,96.8298937745387,382.7625785403917,858.4494697378734
,1023.5950671453264,15.46018316367414,2.4577646883,79.0,1316.6824956929,27.441759975783214,50.90081043149807,18.01879774303143,36.86620016952415,0.0,95.00352367926104,277.11988979419493,670.4146589640693
,2356.607031061883,15.275420994219537,2.359947179,243.5310396489,1440.9039480246,7.073480011173656,7.106394608600528,2.138988665255925,12.008698457764345,0.0,71.72510095918196,82.41015737414098,256.71414629788734
,1488.8942901234568,18.412792972199345,2.8283511889,263.0,1152.4991568079,19.72789541402181,31.171480393767634,11.175252816392629,28.281358627102215,1.0,96.11275371815545,166.1420895794108,604.927623388415
,609.965606329727,18.1716299878652,3.5403722062,272.0,590.303002838,23.4035005569458,32.1732497215271,16.073750495910645,30.734500408172607,1.0,94.30714329722342,101.17447391197798,260.62558049329056
,2177.8425449871465,10.91477165022592,2.2000000477,81.9170490319,1410.3835680057,20.409039153264473,27.01342396248572,13.93621230070002,26.88278585295549,0.0,94.30040117003414,190.57064043112132,549.7450570731481
,293.09066305818675,9.83427735851808,,,,,,,,,,,
,2231.7935921133703,7.66167297438751,,,,,,,,,,,
,1521.3310836145483,27.721164580606374,2.326440159,13.0,1972.4293180477,24.30158418599442,38.87311673913502,16.710183284804074,31.8939984292519,0.0,95.03937331605385,204.08605587245836,640.3849747186354
,1413.8209366391184,23.963360627679926,3.0999999046,60.9354623999,2383.1467623688,24.397657735618566,40.79655970930786,16.181030578805622,32.615769047175476,0.0,94.59816061882131,185.69134335147362,600.1651976574944
,1058.3359739049395,16.412581815079673,2.0553466809,30.0,1307.6990016624,27.72075128555298,49.500750541687005,19.022000312805176,36.42099952697754,0.0,95.32487778575015,240.28812898802312,700.9824947806671
,2519.180467091295,16.263790741931945,1.7000000477,306.0,1724.9373986908,17.51393775520529,25.06939699446124,9.414996772336034,25.61352016551639,0.0,94.54580263213875,255.94621197422566,468.69538315301224
,1054.932336004006,18.37160258659413,4.7481711405,254.0,317.8722072548,25.501311619322212,40.34821803311199,17.21752608637642,33.78596854889087,1.0,97.13463434250068,461.2881837710701,739.545560465918
,709.4803759685,28.688351576321917,3.0620781172,205.0,350.1775490516,23.918312369347333,39.25075041355291,15.220324459235785,32.61729780406774,0.0,97.19806891966616,550.7840301579898,915.8785939438075
,1810.2402001668056,19.452374749525674,3.2000000477,153.0,219.060484141,24.800711105073688,39.80920295925536,16.974530861516953,32.62782421224527,,96.32526299352102,100.35297929839322,1056.60366572442
,2076.8675263774912,12.219727038337052,,,,,,,,0.0,,,
,2095.7100467666505,14.251699873063473,,,,,,,,0.0,,,
,2498.0343218927023,16.033623320168154,2.0442123434,3.0,578.869999565,10.509327872527601,15.44308897047705,3.268251118937695,17.751436141102005,0.0,92.43290584390931,188.9710645922661,277.8635414863377
,1137.6449925261584,26.090954660678836,4.1986784428,190.9075042611,2301.2799248789,18.984615660460896,27.475742703632093,11.307609554454064,26.66235141401156,1.0,93.29644341193476,120.61750211883938,197.41373416339215
,1038.7573138297873,21.989720807034285,3.7000000477,165.0,1177.0196066007,26.5668961800967,47.847149434638965,17.12530401054723,36.009735897525395,1.0,96.35917592332324,242.9865671140387,689.2240348111776
,1841.1485645122245,28.631464848959023,3.625,228.25,500.5590012249,17.368250846862793,19.166416724522907,10.68933327992757,24.048083464304604,1.0,95.40480185453842,408.2830370078997,983.089135704615
,616.8925781249999,23.41632686831872,2.5999999046,133.0,501.2819303252,23.730211719351917,24.309536812362403,19.150429701592564,28.311044301398407,1.0,92.53362156325215,207.82357323440743,1416.9055656228809
,993.5491255072059,25.793211175999446,4.0999999046,278.0,3182.1487332524,18.388605581281794,24.326246072615888,9.599487208961731,27.17899366453415,,90.96217237252198,101.4241492212954,958.1977634854534
,500.3785519486232,19.053460905649512,2.8112453698,193.0,1185.1681625642,20.83124271877645,30.515248424946144,12.654273783521674,29.009428885504896,1.0,95.94185826176115,599.8100092058354,1040.3271522143655
,752.0466517640197,21.001994843359117,3.0540934941,295.0,3280.9966483358,18.233197828875248,23.208673850789715,9.38938688580081,27.078215840168305,,89.8927110115125,78.17179683986183,857.7967377016612
,466.42085719680284,17.86286669314954,2.8725761742,355.0,839.0424273229,22.76536993494468,37.076870375721654,12.544050035919764,32.9879166970275,,95.74831602787515,377.6036116565791,701.7830886364989
,856.4516093229745,29.970143151541265,4.7888241106,274.0,1873.2255399089,19.61541175089628,26.929216297139284,10.283561889413754,28.94821729393515,,92.71213047354483,111.0523964902351,1030.9430752147414
,944.8921005091147,17.866708597647065,3.5999999046,304.0,2862.3558919057,18.485470961977008,21.152428541760848,10.054209646804313,26.91774451249104,,90.09102699157087,78.86943970916248,833.7004668336351
,372.4808933002481,7.778131450657218,3.2930372196,14.7911178207,1443.4701161219,24.75421675808362,37.31470927969352,16.41145647469509,33.09772519897337,1.0,95.13262607258346,306.8270193642311,524.3719635762887
,807.1204044117648,25.26053428691538,2.8829762942,285.0,3507.5759493694,18.09860301382608,22.782574599353687,9.793744348157283,26.404161232867892,,88.88438030977508,86.18148351041881,770.369780521079
,678.862105042896,28.15462249914057,4.8000001907,339.0,3097.3483816397,17.11045059818669,24.454062278790715,8.22457762854204,25.997245031638545,1.0,94.19564961015297,320.27408739541494,896.3522498081674
,849.4352346164653,15.897705147125038,3.4605075724,302.0,2916.6341795729,18.577295985518873,21.772753667774932,9.85476128493443,27.300827626102645,,89.54623885459355,73.3091668838268,813.9702557408104
,1068.924032658857,17.642145479248057,2.6884489229,295.4620450657,3564.5274316861,18.058610495965063,19.72488997593566,10.908853207314568,25.209202759334,,87.0852094314723,75.84472313217748,789.8995376618886
,910.8308457711441,19.176805887797578,3.6884233469,290.7365026305,3104.1212326077,18.318720811560887,20.65264166434092,10.048378878098356,26.590115431545748,,89.28746936024217,71.4542137179566,789.9745314077064
,510.55052395209583,17.699431758173212,3.4482209781,302.0,2914.6189966514,18.578501224517822,21.776249885559086,9.854249954223633,27.303750038146973,,90.72905208333641,95.23714762870269,969.0241478422683
,1211.0362694300518,21.0655289689779,3.944785187,285.1719992298,3699.7640126406,17.571751356124878,20.1657497882843,9.94099998474121,25.20324993133545,,88.29439653113761,66.00407770773052,740.1080550732023
,1267.8348375451264,20.71148470270074,3.9000000954,289.0,3144.1068576783,18.22559249774761,22.765559807131403,9.616599941639336,26.835581381748398,,88.07127066407517,64.14227121709487,685.2442040436283
,169.71641025641028,6.652631628253522,2.7999999523,164.0,1191.0989959249,30.180251598358154,48.91050052642822,21.98650026321411,38.3747501373291,1.0,97.37235760624203,486.3647858614555,945.9086889996473
,1237.5159268929503,26.646098151966424,4.7116526758,274.0,1998.2619944955,17.464251041412354,19.480249881744385,10.26200020313263,24.667500019073486,,91.37325582867524,95.31332664741659,911.7899292720741
,870.7138904261207,23.38606005031296,3.7756422634,281.0,3753.8789833896,17.574501037597656,22.270750045776367,8.953750133514404,26.196499824523922,,88.92998668093077,64.48600877414992,673.2567749497997
,950.692219020173,13.92343680020368,3.2999999523,302.0,3559.7130689664,18.41049882600067,21.001632836988502,10.464467583335399,26.35764813052987,,87.86034882703049,62.83941124142106,701.2833833694337
,510.93772893772893,20.023525133583426,4.5,277.0,1755.5791377048,20.180102715232564,28.906799434258534,9.964168553505338,30.397031866852586,,92.88246451512319,151.17689633028758,1229.7922651953595
,895.6727891156463,31.95011423526167,4.6999998093,274.0,1922.8407402897,18.394229172435203,22.09168931568636,10.36054430605019,26.42866240050019,,90.74031084302395,101.87851540272061,971.3708725567267
,871.2214419679854,23.00937920666065,4.8324004428,44.1962703099,1906.0781377421,13.052905545586903,16.643216513613407,5.696164019982138,20.410970658730108,1.0,94.91485469130666,209.1162941748426,1127.0182801005644
,429.698017757109,14.65744942580947,7.0888888571,348.2222222222,720.6998755848,22.843001008033752,38.99662482738495,14.590343832969666,31.09659379720688,1.0,97.58194449324444,797.0170870018738,1444.2732343683958
,1295.0257237369274,24.414177618717208,3.4000000358,201.0,2119.9291412421,22.82492971420288,36.56860685348511,15.103428500039236,30.54749992915562,0.0,93.58647760812286,148.47318207366675,835.2400294264838
,550.8437789698453,10.137996997320927,2.6999999682,179.3333333333,731.5373342134,27.491542975107826,50.94795815149942,18.408958117167156,36.5753747622172,0.0,95.78277756234266,156.18026347200305,985.8852755552898
,869.4167061389497,25.672826614714644,2.25,337.5,1482.2206677586,22.64416758219401,37.064750512440995,11.940249999364218,33.349000453948975,0.0,95.76752627099796,193.58763119408823,954.9217546820678
,931.8144638474743,24.0472831985228,2.0499999523,278.25,1820.8799990875,25.771751244862877,39.96616681416829,18.054833730061848,33.48999961217245,0.0,95.3839770757102,458.1132641796943,972.762367989389
,244.0393400669734,6.052547177184998,2.8134870284,183.5084449207,643.6604999301,27.394001245498657,53.459125518798835,17.470749974250793,37.31837463378906,0.0,96.17379245294953,229.83987319164663,1058.849860002094
,180.00195052752903,5.10807287460767,2.6996924797,180.4122317709,628.2105030552,27.055126428604122,51.54174995422363,17.323749780654907,36.78762483596802,0.0,96.2676848227687,191.65060567098854,1061.011085883832
,704.4651557200124,22.517803781940692,1.8999999762,262.0,1779.6388046386,27.14227585617595,44.758981428153035,19.201172253508332,35.08423284271112,0.0,95.62398643758958,475.4183226386233,999.6958083320679
,606.9317773211764,23.60825997341773,2.0499999523,262.0,1763.7048224554,26.788664157484106,48.7123803444387,17.49517761011221,36.083322958792365,0.0,95.63761810561019,500.10940852235854,1027.650627335426
,1427.8153679572863,22.66030278317657,3.3169211004,201.8284957793,1724.9845039273,21.673751115798954,38.611999988555915,12.260499894618988,31.088124752044678,0.0,94.06973177536659,152.90992507200275,842.6660213882806
,891.9682240858007,25.730867310709836,2.4595826452,255.0,1813.2468437296,27.216997360609824,48.31010194579121,18.768420291318016,35.66656525143175,0.0,95.57458126050321,503.966010673743,992.93574415656
,368.62030295913576,20.114755161500288,4.8029333161,338.6972729711,497.4219555922,24.65492530692057,40.17680646439394,16.717950453525127,32.59268212455457,,97.02669217494994,702.5486869538807,1314.7465679224917
,1462.114176142098,21.18862483372384,3.3650345843,200.0,2039.9948924121,22.279770033791685,36.718348222419934,14.207184920483037,30.35338991590405,0.0,93.5798974748259,129.4872226810991,796.3282951792139
,1847.6826719486373,17.895689455829075,,,,,,,,0.0,,,
,2292.0155814334917,9.0365560992841,2.7194826918,88.183064762,889.9537749603,19.280547375003213,23.218230575029793,12.91863454256738,25.6433915406552,0.0,91.41065629724434,160.2427800500243,427.65736818245017
,848.4598122485471,24.40089449580887,2.0999999046,273.5454540803,1912.9840647813,26.337075463589738,45.48542070438054,17.61568726769243,35.059711204844604,0.0,95.44178481129296,472.581661530254,1000.1650284960956
,580.7757432565465,23.056313081695635,2.8489531005,159.8953078181,1340.9984764995,25.23199128342492,44.61387919599178,16.047098951151646,34.417874144455,0.0,94.66793956944869,453.286885696111,938.5616501782577
,1127.6255005268704,23.92963001768883,2.101957596,287.727938917,2008.3067089396,25.38335268440883,37.47210728892287,18.206482148260076,32.56134162376782,0.0,95.04469222809811,258.98041891268207,965.5715319532284
,458.121185019564,22.46079681934492,2.7000000477,147.0,978.2493648757,25.977905459380825,47.801557351632646,15.996369939498226,35.96043778365385,0.0,95.21562038251433,482.39422853790967,1012.2788575080837
,1593.8037771706854,17.117800496482328,3.1678908471,142.0,1991.9936545908,19.945257648683796,31.310999034539265,11.964466807191588,27.927009460461935,0.0,94.09384332831324,229.83865753205652,800.5679582791337
,185.26714147754709,3.897283269933374,7.7284136982,341.9524949372,591.8122600912,25.71167491116131,38.892744905335455,17.810477859120255,33.614304656217016,1.0,95.41577408345348,193.48506802742344,480.8787146198455
,1363.4942094355724,3.544116001532134,5.1002246909,49.0,832.6250195283,11.404486218962997,17.865752615576888,2.273369952424733,20.536765827497366,1.0,92.0206729562909,76.19662554700226,166.1252763734326
,678.6733037218562,26.14929888010719,2.6911045922,27.6037475499,1705.5252323962,20.806608481623403,36.70990349159469,9.961616248655899,31.652348198511156,0.0,95.96561685015907,442.41001591843286,729.0292627148868
,155.67823878069433,5.589860680303162,2.5615960501,181.0,599.8020703003,26.78718484677888,50.832841676284104,16.968177959151774,36.6071166803605,0.0,96.37991762614631,194.78360768566662,1065.0185638279374
,2419.1946255680696,18.142435500913162,,,,,,,,1.0,,,
,988.1213161081954,19.9463894051388,1.7014300438,232.8713002303,1977.7566570491,26.639341471238374,39.141571521035594,19.856586266082907,33.42347323349467,0.0,95.4732613878889,456.71019156932516,956.4433607299422
,2389.1305583756343,9.131145937563804,,,,,,,,0.0,,,
,1613.8847139197267,27.880958564789452,2.9000000954,32.0,2177.0379684145,18.301659922700203,25.352258687314006,10.420779395719302,26.183384093795716,0.0,93.5933071716142,327.8918377416587,590.097351470061
,601.9008911693222,22.7349144461153,2.0999999046,262.3981565675,1846.0810092865,26.949251174926754,46.897000312805176,18.38699960708618,35.51275062561035,0.0,95.48130399679977,491.9969188035467,1016.1511090600718
,2625.0942874692873,16.899124419833797,1.2000000477,154.0,698.6492648753,14.458707171669033,17.705574464234154,8.76485708891709,20.1532687531174,0.0,93.34628916599027,394.8367584005099,911.9635780104982
,513.990932642487,13.327181222978883,3.4233571086,312.0,612.9699994773,20.980501174926754,33.35325002670288,11.642499923706055,30.31949996948242,,96.2658704954033,555.2001038101304,1095.869918120195
,1145.4130271084337,30.185916381405598,3.2000000477,200.0,1876.8775231549,22.175014966895375,40.64267762570821,12.19406209852403,32.1569682060626,0.0,94.20646482081405,155.72475594978619,819.6439669675509
,62.56791104050834,2.791648243418566,2.4000000954,335.0,378.3287473144,21.315235510767724,35.34215316741536,10.723481244744747,31.907633220433468,,95.71039491953199,875.5257987774938,1517.9983498751521
,1346.8566176470588,16.050910146894797,5.0251213833,26.0,1124.1380022708,13.525750398635864,14.313250064849854,7.640250086784364,19.412250041961666,1.0,90.92983395123443,100.82683608159168,185.577355320857
,838.0489228007182,18.005549313483804,2.7898972356,304.0,657.2464984185,27.66856247253125,48.76507976297045,18.602600419077064,36.73503925121347,,96.16228286197604,253.52877525219222,598.4913032941503
,2344.726033834586,15.822681572092208,2.0,211.0,1060.2701417873,12.322756533558225,8.75717473146377,5.807816687913304,18.838632896665978,0.0,89.84712194244148,250.9290561555605,697.2029030629243
,233.33301617507135,8.138119348095328,2.7000000477,171.0,675.7345505355,27.39354451450837,51.73433182363402,17.881890281701608,36.90668982289748,0.0,96.19845122285955,189.2546737772401,1055.230067215991
,430.03574975173785,25.385758690587814,3.4238322915,316.2959149577,579.5610029246,25.911000728607178,49.343499183654785,16.217750310897827,35.605000495910645,0.0,96.46188844513934,638.4413264240768,1171.9790782867283
,2230.1628032345016,15.391910312214309,2.885789555,212.0,1435.0300089063,14.172000646591187,17.575250148773193,6.484999895095826,21.860249996185303,0.0,84.74154295622364,149.01402695074952,534.6029677326543
,687.3331292100429,23.122837245354823,1.8999999762,280.0,1780.9768104654,25.651711932011644,38.99666823092057,18.066667381686923,33.23778609580204,0.0,95.38112304451445,468.8918836283161,989.4271800343981
,1690.487674883411,16.36482557815206,2.1582947622,209.2986100821,624.6362150964,15.35771279438688,22.845083770360063,8.811000027460972,21.905433915468876,1.0,94.37226116301322,86.0896779641724,740.7822296094953
,880.9101872446485,16.316151426075006,3.4000000954,246.8333333333,372.7895705795,24.00260843549456,36.814178466796875,15.398928471973964,32.60714312962123,,96.42306194808904,490.1234966965846,722.2480949800756
,976.5549275874249,14.851518173808977,4.0760535402,256.0,329.4804685615,15.349636499346596,22.47741810765825,6.137217729759324,24.563000418411686,1.0,94.34763905446925,99.44181085884304,461.76051680144326
,623.981852913085,12.608512022640944,3.0313726113,313.6199906044,755.4534942396,24.667125701904297,42.32212495803833,15.083999872207642,34.25125026702881,1.0,96.52581745348724,249.64443334474674,709.2821345932912
,891.8893660531697,19.318157172267057,2.9017012483,327.2558355909,738.2884780208,22.21969941907713,32.97993174177256,13.85378376021555,30.586543686947778,1.0,94.93950478179757,149.19985735796772,661.0382733805493
,822.8177346278317,12.84201877393383,1.7236864818,155.0010878566,1282.4708177449,11.50965668788774,16.628216663803137,3.458148331439849,19.56250526194298,1.0,91.36246864125184,29.566546817117384,39.47408926391599
,435.8334174659263,20.335452605683894,3.0,184.0,1016.8809911273,28.520501613616943,51.500750541687005,19.452499866485596,37.58899974822998,1.0,97.33383700699004,401.38806350787314,744.0370500789315
,360.24118866620597,15.861156594263083,,,,,,,,,,,
0.7294625873,1689.0665249575407,17.76640825273281,2.9250000119,209.5,996.0451992334,16.944050741195678,24.274949741363525,9.704800081253053,24.18420009613037,1.0,96.75710167255237,587.3584510937837,914.9794577432776
0.8274914471,931.6516753892593,23.085499049486632,2.4000000954,4.6666666667,1019.1260058058,20.56774321032479,27.85639617355068,12.684133895297082,28.452317452880074,0.0,94.54228923562489,163.95406387558867,775.9583614924602
,2397.476400175174,11.228567590166527,,,,,,,,0.0,,,
0.7172642867,1259.7636171113934,17.00036282211681,1.8999999762,277.0,601.3553798491,26.175170836589153,39.0501410074971,18.506905681887783,33.84463161593106,1.0,95.55479387302199,412.5182346687046,541.3810857496351
0.6493595471,1621.8750498603908,12.509230182817083,2.8570126312,272.2805038951,247.4530903379,19.351508103891693,35.610005841864286,9.36831317397567,29.335691826789166,0.0,96.58829982424102,238.54304752327127,680.1915554215611
0.5895973297,2530.8095389507153,22.552208969039643,2.4000000954,359.0,807.8540046753,18.004201916914198,26.396972680044723,10.773423230298494,25.23603833647307,0.0,92.16545678893087,74.25960936081145,468.8131224826453
0.7009819444,817.4405491542045,29.44522897359582,3.1586977213,17.1512080751,648.0570011035,20.860501289367676,32.03249931335449,11.93400001525879,29.78824996948242,1.0,95.02183405861086,553.2095189866646,771.5162514957427
0.6665733333,862.2763707208461,15.64535051200206,6.2511483647,329.3639606109,891.4064616439,23.212078733742956,38.34954544979816,13.416351117229427,33.00816549026751,1.0,95.78428018045226,311.49683024291073,509.7252687544685
0.7864416667,1377.049180327869,26.85678670713231,5.3085321018,195.127978788,812.962695046,15.73543423806563,22.86597690200616,8.594156552361397,22.877710992623754,1.0,95.19292971080621,206.190714290961,1163.697007510953
0.6729826589,2450.8897312198483,20.3858979573585,1.7047584753,287.0,732.6530004591,16.04650092124939,20.66099977493286,9.962249994277954,22.131750106811523,0.0,93.94162633966351,298.6926123227742,867.2529616108004
0.6325696429,1302.6855421686746,17.241524901830527,7.0357223479,4.0,649.9896617572,10.44500872476575,14.067312405641545,3.618999059921765,17.272472631368558,1.0,91.76236164813632,39.5531306255169,108.15580555905709
0.7867194444,690.080372250423,16.43950034501488,4.4000000954,254.0,1256.9811791659,26.33863151107103,51.48700352126062,15.833581821364797,36.84455844540082,,97.25662604706088,160.7403992512516,531.0991926350866
0.6050833333,2103.516863775734,9.771577582774954,3.2000000477,114.1924849722,461.3550004482,12.517250776290894,22.76224994659424,2.571499951183796,22.463250637054443,1.0,94.8873022794207,67.33597938754923,85.74263032531744
0.6458549785,1830.0081555834379,16.33722881682993,2.4895782638,283.0,384.4502615902,14.141843717542063,30.690244164055407,1.941935423771316,26.343241302557956,1.0,96.83725050592996,784.906733451026,1178.9859911845663
0.6916778603,290.8134725295611,9.49925765792421,3.4015747956,207.031496063,2748.7642984834,26.071645759046078,45.5298515111208,16.13162306137383,36.012675773352385,0.0,94.86307200743698,102.75311425021013,214.8480815282504
0.5146949325,1327.8260869565217,21.472175714460786,3.407922234,310.8572243925,979.1338145502,27.18216205871647,46.69838778952551,18.41607685722687,35.949117374105505,1.0,95.66368127491343,192.7488467598246,455.7739714758129
0.7704715152,973.3545590619933,23.64818972403441,2.6000091375,32.0,1673.2364985108,24.220918975663153,43.20526229042134,13.916942314626983,34.526004666060956,0.0,95.27895224660259,374.5418384740839,664.1621506037951
0.575932037,1848.6639214999125,5.737092748605498,4.2445436312,313.7906747628,370.186931049,17.45227793867779,30.25915937682316,8.853868285390918,26.05143861550637,1.0,97.67584342862406,407.8643985083627,1108.3264821041926
0.5844359447,2394.2005822142924,7.683563461661038,1.8495468671,166.4118475875,1011.6493618983,20.09654651547566,31.64491924929446,12.382351475226988,27.811489461654737,0.0,95.93655621291299,224.23754840797295,392.76347895708847
0.7021685185,785.8637845256476,16.881322790744434,5.0947385963,22.1186852889,988.0496507547,13.547395250733686,11.559096177972023,8.249880918321463,18.84575675212099,1.0,73.23539479668256,11.94753870999538,213.65636077595937
0.8320615385,490.20453599667076,26.133697516016294,5.7948146222,26.8679891712,2007.3080098411,22.697000980377197,37.75049924850464,12.54449987411499,32.85050010681152,1.0,95.44714862491583,250.47033685361117,550.4862690704134
0.587149359,294.3226182157,13.567172200119415,3.0839868252,276.0,726.3882263467,22.127579477276726,41.100395977973065,12.018909392027737,32.23771898878181,1.0,95.441401882125,492.2455578929531,952.6544395892514
0.5482812963,91.10933199899925,3.486422249629314,3.2999999523,234.0,496.7714286783,22.13879968038311,35.97374384544504,13.989921805293397,30.288747088313993,1.0,95.1283271402108,145.03568870088594,376.841714997087
0.6032325747,88.42237380627557,2.258879235252677,4.7532669529,243.0,481.6096528563,18.419298693117675,27.62470255653357,10.19021601421102,26.64940073693753,1.0,94.6948900043391,208.46784809179348,411.3287989691363
0.6803308461,1785.0826629680998,14.318126573675052,7.9095080144,76.8541150584,1120.0960867231,9.36264396728263,11.461135662345166,3.258634182312533,15.467338538897188,1.0,91.93359829998371,28.736296239673006,148.4574485905797
0.68697875,1682.7437137330755,13.46812051971792,6.8135433746,69.0,1259.0770861096,10.380534380837531,11.882616109686396,4.901155304356262,15.860811966420854,1.0,91.21161971766226,24.454390632348,105.35215658095501
0.6218216214,587.6638146167558,12.839421865498107,3.5999999046,335.0,1837.0907001961,18.618606155670683,27.882427969246876,9.215697891628224,28.022513482296695,,93.07438850637746,132.59859452015908,1037.229461985709
0.7476324675,1568.778409090909,14.48207992015706,10.3372856839,59.5423807088,985.7108670273,10.141891895976835,13.70846302360179,3.509801150623971,16.775413668117306,1.0,91.56382636075631,30.7941929990711,40.90918469230379
0.6760386772,1858.2841637888505,7.088991886724318,11.3393682729,71.0,1517.8524966566,9.08762550354004,9.919625043869019,4.438124964013696,13.738124966621397,1.0,91.72996592088482,21.861906843834785,29.43344031851637
0.6254714286,2236.433536585366,14.87679395275872,5.3000001907,251.0,1002.2022289862,18.810078098129978,27.108037939182047,11.500535281762984,26.120688105642746,1.0,94.9692089601549,275.24263326300445,723.9049943623581
0.5023583333,216.7132262051916,9.51922061519953,8.7072630394,356.7279932217,535.3640046734,24.594501495361328,42.74525022506714,15.145249843597412,34.04475021362305,1.0,94.56201701098159,121.4059348187302,358.6649803375929
0.7018055556,639.4097087378641,14.218606219862657,8.4193350459,332.0,1706.2817082112,21.955858186219416,47.12640038249053,8.927014350329056,34.985962052835106,1.0,96.4788727121968,438.3839117638305,859.1947645933444
0.8307219323,539.8606957014418,29.57032533032259,1.5,308.0,3463.7773222432,21.126334190368652,22.60658339659373,15.405916690826414,26.84766674041748,0.0,88.7630711217924,140.69733485922222,767.2971708107464
0.8541290353,506.6285991846095,18.67404434819936,2.7333333492,350.0,2609.2529966466,25.25150140126546,45.676583290100105,14.933916648228964,35.57033348083496,0.0,92.90201548700081,193.80320827418512,917.9916492527799
0.5243214084,2436.414614230226,21.635019333114304,2.3333333333,157.0,563.558996735,19.180500745773315,28.67925000190735,11.04324996471405,27.31874990463257,0.0,91.88139327960123,123.64430442928276,751.2533473859985
0.7366480759,1568.2156497979827,19.363990044368062,1.6500000358,177.0,1320.8790013818,25.524126052856445,41.94749975204468,19.017250299453735,32.03249979019165,1.0,97.78306048103921,187.72810907068902,928.7820746638721
0.7908021218,1125.4325915026668,20.610463586442496,1.7898789163,104.2310880812,1687.9479992492,26.338001251220703,45.19212532043457,18.508125066757206,34.16862487792969,0.0,95.88457015154397,240.4543736090015,935.7567271952489
0.5087446088,2259.4125664219364,9.892304497215225,2.5677234993,69.0,1335.0990059026,15.823584000269571,23.167583624521892,8.204333345095316,23.4439164797465,0.0,92.69441527818489,95.03463680063635,718.7924667007767
0.6511451868,2556.201550387597,12.192320486241973,1.4863890881,26.0,942.0377420308,17.85179012399823,21.411317846757598,11.803956250124983,23.899989225976334,0.0,84.93865405269375,87.4721641133543,507.80772478031986
0.4680720878,2214.9880291580284,11.433253107537778,2.2076143297,198.3388086222,1351.3640951404,19.34560381142676,27.53798507803984,11.966084972975105,26.72608336592506,0.0,91.49082765417828,216.93146523447598,505.54638262461594
0.5563812498,2617.102493894768,10.422616587047404,2.0505017631,152.809923719,596.8117424416,17.83096838690945,26.258980876924586,9.631675377939715,26.03124889896712,0.0,91.85659999691788,185.92649229828777,824.524734027365
0.5658008333,2582.083076192737,14.390338311213103,2.2482005247,145.1538728233,601.2519134903,17.765536565955987,26.60846390551273,9.339990622007225,26.192117738247767,0.0,91.87293214899317,203.10550952499565,828.7704640915751
0.5894153465,2545.7477863989047,21.52734153077027,1.8678917873,136.0,930.2365168236,18.05650949779906,20.19064008596707,11.767235256513844,24.346426361392297,0.0,89.43303452916264,124.07029614063302,527.9826801905186
0.6213724848,2279.2508677207866,12.249124113767706,2.4110199165,109.0435931117,1196.2676962626,16.294344866984794,22.34091257213948,8.71943945968277,23.870073646619044,0.0,94.40623456967363,123.06801692960394,702.7467157793426
0.6868800823,2088.633785942492,12.490399432883333,2.4058051221,114.552570309,1097.521956239,17.39154096574113,23.69176896198342,9.972568894312184,24.811043921849883,0.0,94.49200874793073,121.76625964551624,704.2603246556666
0.5998023504,2251.698252688172,13.239717241296525,2.8319387144,52.5209186837,1317.913742206,19.829366109490078,29.046016826695386,12.330323870475707,27.329536663259837,0.0,93.66624416036336,263.1705325228103,504.11630467903876
0.8051166481,1289.7788062181085,20.250039932855696,1.6306962287,126.9493688863,1233.6004318234,26.4104810470606,39.841049704373745,20.486675582328015,32.335103019990385,0.0,95.85096410693292,206.3773914015256,849.8101428468644
0.7750392406,1710.4487718822093,30.148209793691574,1.9646286396,184.1527233946,964.5198004483,23.24868450336043,37.94071971363844,15.635389491350196,30.863181932133298,0.0,97.41557457175095,184.48021532803799,988.2671022694569
0.6296911222,2481.852747252747,12.785210063658019,2.8113814196,353.0,1314.3855972262,18.789617985829764,21.317046882114845,12.766908008677426,24.813333871206485,0.0,87.08039575728087,102.59573568400904,557.1037057362034
0.7323578431,881.9418156326674,5.511125949780398,3.3512764859,48.2586852577,1290.1502965401,22.83313969618518,39.122124304776385,15.077769189535495,30.58950834261988,1.0,96.1137009062731,172.61923885663646,1121.6396810712695
0.6172679688,2184.7970912913966,12.546588111815696,2.5860311186,80.2267032114,1280.98002939,17.474791544739478,24.814265364484427,10.06262972221678,24.888426875879116,0.0,93.82480652236438,97.3153877685663,730.618174727041
0.6124605556,723.0011492051331,16.253536222401625,3.2999999523,281.0,595.5374950506,22.418885076691893,26.823371361661067,16.419130197007224,28.41954512160259,0.0,93.65332077828523,143.38651787789018,903.2309551379731
0.8174109375,1021.3490269930948,27.004358192808738,1.6617908988,59.0,1402.620204275,23.572331517940363,35.15929439618149,16.135686253735912,31.009935705037567,0.0,94.49050208873169,85.14424028021222,742.3384090193382
0.6651032051,2488.3185784209404,12.423916204301923,2.7999999523,166.0,962.0169784769,16.356959139029875,21.882315901373303,9.12912836408272,23.585627701590553,0.0,92.35519973503288,132.3543650906019,831.440589133403
0.650833719,1706.9533540648602,16.371630164628716,3.0,10.0,1145.7198484757,23.745762066958758,34.113507038578334,16.330183354365687,31.162364895602455,0.0,95.75446293381812,383.4824897595157,618.4026251753775
0.6242258333,981.1983333333334,16.358942127269174,3.3882935785,281.0,636.1680036591,22.110053735754256,26.23611679687034,16.45904001941481,27.762679227511963,0.0,93.47920334688934,178.69482620412015,865.1943771049907
0.7362448052,1492.0817160367721,25.169186361598285,1.6000000238,138.0,1244.6240375102,25.355100791602027,35.53266825230444,20.19835036982984,30.51269421917108,0.0,96.10571476803497,201.82399357872103,809.9196913656914
0.6013749039,1413.348171152519,17.16386569759778,2.2000000477,51.7715002891,1883.4332213582,26.634295748239317,46.00961911085211,18.85640470080505,34.413144795955176,0.0,95.64249487543348,212.96562524049563,923.7409321444834
0.6376125,767.5775540641313,12.362120474433828,2.0,317.0,721.2716131963,24.651193608401375,46.464193643122826,15.187480774619448,34.11593338892102,1.0,96.75387998225638,360.8757129237968,510.7032425723306
0.6227866211,1374.1370757180157,12.827167965335573,2.0007274283,74.0,1746.0259944994,26.414751529693604,45.075249671936035,18.726499557495117,34.103750228881836,0.0,94.20202118183337,190.0826848654764,854.1418675710145
0.3690142857,2119.1684733514003,13.029377155201114,4.9000000954,244.700855954,428.7859970843,18.430001258850098,23.011000156402588,14.149666786193848,23.539499759674072,,96.00305404398384,117.98932700372941,1072.5838990261816
0.7658439394,1435.2869249394673,20.0324130649825,1.7000000477,107.0,1626.1720053534,26.37200117111206,41.407501220703125,19.88574981689453,32.859249114990234,0.0,95.1955759911974,214.3231292100516,916.269453105004
0.856215,508.43164556962023,19.00860141085673,3.4000000954,38.1105078587,2284.7401773351,16.90794516983079,22.06284020501769,9.275460316673502,24.54178968572074,1.0,93.05435579936722,51.318950089802435,801.4164357930165
0.6785733333,2101.460358056266,11.511572725899384,1.6000000238,301.0,1076.1732094337,22.195952990959775,27.05644007792317,16.164538369158787,28.22834377870069,0.0,90.76566895398005,180.9774001890725,582.0344587660691
0.5681083708,2175.9913627303563,12.365083856214055,1.5,2.0,791.4965808332,16.12337853355181,20.595684030078417,9.594222670196096,22.653673664481996,0.0,95.15085379660601,188.18817791235537,470.5950324142318
0.5745879011,2023.350710900474,9.134913667274976,2.2527416008,62.8447644917,1328.9930865949,15.092477382053183,21.499124667284335,6.408550098951988,23.77717487948746,0.0,93.69559144338754,130.95959129719066,279.87120004591344
0.685988172,401.30238416554204,13.072172928634014,2.4000000954,144.8202577675,956.1508892323,27.363405033404987,51.63116862028027,18.1544250822381,36.57363143690342,1.0,96.42747159185119,496.37258084424764,1001.9493269564717
0.7387431034,1023.2007332722274,28.61372894350083,2.3320674934,173.633696767,692.8900963137,22.692946481932044,41.40252777677143,13.008892317451412,32.3779128119204,1.0,97.23894473610048,535.9295170488397,967.4245560231612
0.6818625,882.3922908026348,16.95638130361291,3.3960683534,267.0,699.3924936546,24.801120461487855,50.67166297837489,14.574855014268858,35.028133494688355,1.0,98.61745412433449,724.0615723505323,1243.5722636486598
0.509169697,1961.7965891472868,15.28500562509825,5.6906412648,238.8575572967,452.7121192127,14.96510253151338,27.31287790931902,5.229444476376346,24.70219108335301,1.0,94.10124866089339,78.69950590742087,158.65440715035362
0.7546247024,1663.1925722145804,23.093797315156333,2.2000000477,219.0,612.9619769779,21.990277621594544,29.162805308778196,15.005414601138384,28.97635555926483,1.0,94.4918843097307,152.515253857166,404.6122781189173
0.7148569444,203.56376811594203,20.463785530633974,3.9000000954,301.0,1028.8781304256,24.523319195833267,46.187259742481274,14.96982045723116,34.077762854362675,,97.2804480110843,491.67022923351374,1154.7477983976216
0.4021108333,2889.3252118644073,17.926952792142156,1.7999999523,210.0,374.2484932887,17.416530098813446,30.69612580873286,9.754638442906524,25.07920103200873,0.0,95.87377619454875,439.9238728916961,799.3138629930218
0.6701666667,562.5433369447454,18.628437590366584,2.8031523442,343.0,1255.7960060716,19.47400140762329,27.414000034332275,10.472999811172485,28.47575044631958,1.0,95.16221240662748,466.31247005112203,911.3999416653191
0.6867282876,1468.6200607902736,20.10328435318086,3.8359370654,329.195273896,1031.4107077342,10.962282651392464,10.25021529238441,5.442981263918914,16.482832943320837,1.0,89.00226246647479,37.71777370431487,63.65247281199643
0.58477,439.33204134366923,7.317014893319564,5.4926142781,326.0,847.6989913001,20.79525089263916,23.974250316619873,13.230000019073486,28.360750675201416,1.0,92.85961393398323,761.2066904693268,1223.68169722318
0.6034263889,1593.3240997229916,10.131747805366391,3.0,185.0,709.5337145453,22.273696663388563,40.41852065574927,13.115324615008307,31.43262601150502,1.0,96.7516148774585,631.7609809212131,1186.68050308634
0.8437851307,1034.739419720768,28.943406401114313,2.4645822092,282.441778532,1673.242662181,14.54064782551629,20.55639571304517,6.631180405068304,22.45101275227291,0.0,91.92991748618516,125.89523232431834,890.5871384210816
0.5478475495,1748.0650873786408,16.02859162211881,4.4335709597,220.7842492648,621.4225494012,18.315363401928575,37.38093331580927,6.610972625292846,30.02075212830943,1.0,96.66321240343835,421.55304276194425,824.4846184614328
0.702778869,1003.4185571224197,18.385017897474626,2.2441788637,297.3544100149,1467.5700687975,26.66726886560466,47.40182162835572,18.409471788252027,34.926185993040534,1.0,96.86591482643914,303.4523144767205,589.0877321122829
0.6004008,2078.1573551434167,7.353500440172606,5.1696715107,287.0,1341.3454837523,14.328096330641442,19.178502726308423,7.042926266193036,21.61401096271095,0.0,86.7657080942743,236.77102290188566,665.9196726270784
0.4967060013,2594.7114870881564,9.354010325045712,1.7938472529,264.4819862482,727.0046617168,20.667237197357657,28.758639767289928,12.648405984831786,28.686890723740923,0.0,93.82539259531575,229.87943732034722,539.7242634444808
0.533460084,1832.5175511562136,12.5197310242334,2.788126749,43.0,1483.0092323431,13.619073854558417,18.314583405357567,6.153034311115362,21.08638203751197,0.0,90.8371392568562,107.00141220825591,878.5858861687083
0.6016944444,474.957753735188,9.815426075159634,2.5999999046,308.0,757.5963162521,25.212233793738825,43.974128638113896,15.33728310805117,35.087682390600214,,95.74527691454851,284.22617219709275,458.41886051814794
0.5901944444,610.2781563126252,17.1012007139011,3.6132345185,312.0,939.7811404498,23.35689129465466,42.61654005074415,13.937793441270426,32.776723227747105,,97.64057452429118,300.6565349161052,1027.551906797262
0.7240922619,1078.3674380836378,23.269248022715637,5.1999998093,24.0,2127.798494656,6.660988151892636,1.81585437868238,4.123659548185483,9.199319035886965,0.0,50.913656643474305,2.571964797730104,237.74087753964338
0.5955761905,636.2098765432099,11.329496196660486,3.5,328.4974353797,1094.1624882393,25.2716377843654,46.05736861097429,14.82987379601554,35.71485219109527,1.0,96.09188103829163,233.54569428572015,506.6226205435761
0.4971071429,2344.892961876833,19.31275176518357,2.5,291.0,627.6074836125,6.10260813247458,9.855672080049452,-1.595937379437368,13.80215284198674,0.0,87.85704138384806,128.30387150477614,1060.913514389658
0.6775708333,247.91509433962267,19.26413447142772,4.7477797209,233.3890408594,932.9012327428,17.76044680886988,25.15414390101669,8.74701774157664,26.774664236397545,1.0,93.27513962134461,606.057325887164,1173.896310746054
0.6519238904,2433.5184426229507,20.628849060116895,2.7000000477,85.0,1487.9013902349,17.602261457337914,27.45542685677274,8.910649562358522,26.29512201375166,0.0,94.94055015321874,166.6240858119997,655.7798331298835
0.7771354927,1333.0637570285467,24.202668139817288,2.1642856938,32.1428571429,1877.3212930605,26.762795364155487,40.55979434181661,19.14782355813419,34.378750043756824,0.0,94.69016479862742,212.4871251882964,558.2202649652954
0.7660733694,1054.0417061326357,25.891224021538864,2.8874999881,152.0,1706.1127534862,19.716469705104828,33.89256250858307,10.132968723773956,29.30084377527237,1.0,96.15656754178359,238.47440380108063,915.387010451476
0.8053598909,1082.9922237501307,28.574478141776847,2.7166666587,22.5,2631.7251977543,28.57525157928467,49.603499507904054,20.500350284576417,36.65099992752075,0.0,94.70293472669452,228.07673240314162,608.681251315455
0.7457174867,1392.0997324726243,18.114818207503763,2.0,355.0,2125.7286613551,28.616167863210045,46.2067502339681,21.797249635060627,35.43649975458781,0.0,96.21394588859918,226.7914542731317,559.4948988089991
0.776525464,838.4725419338666,28.35461669878786,3.1935816517,181.8848025793,1967.320000732,25.354501406351726,44.403750101725265,17.034833272298176,33.67566649119059,1.0,97.04155623385563,568.98872928772,1017.4472217447335
0.7642843484,1449.8136834790666,24.04758776638136,2.6878798164,33.0643300853,2703.3359584121,26.017666013739916,37.31685227717298,19.612952495020348,32.42329629565613,0.0,93.48420060431394,176.45115511516016,501.31430513947805
0.5740946086,2041.0299752150459,12.547911590654937,3.2040045311,95.4039700516,1697.8639911674,23.361332011696135,29.590381921992996,17.692850133390813,29.03080621167525,0.0,94.28690586935043,288.0735276888982,515.9857229644739
0.7586590482,1501.375721709007,22.123678115163187,2.3923903035,22.8948469316,1962.0489956824,26.234751224517822,36.33649969100952,19.700125217437744,32.77025008201599,0.0,95.10242657265525,230.5689592090011,594.5713466455613
0.533284301,2677.1918936274697,21.480487221753652,2.1544435077,99.0272965932,1013.0384689564,14.323200580869432,17.204867348971362,6.900101546670082,21.74690860755426,0.0,94.04982302931627,185.10804582733104,406.38237737772624
0.7657822318,1641.9045740239483,25.114076563767753,1.8999203328,10.9944249632,1969.6200104005,24.952822853502244,35.49726331992386,18.40248050397502,31.504223910748788,0.0,93.45221542541543,196.73452813854837,550.0255855260905
0.5450190865,2558.702180152057,11.812241983246537,2.2999999523,314.4956665729,726.2782822735,20.638403562045387,28.57116933243957,12.4722638810869,28.805478743863297,0.0,94.23003431481469,351.05546185135677,617.1205386009104
0.5664299372,1694.6834467393269,12.730702512367762,3.0999999046,354.0,817.222096197,21.029354500401187,39.41534315432546,11.39338774585051,30.66668713573188,0.0,96.30006956653429,164.31918049845262,359.96591150194024
0.7048196893,2195.944159178434,22.772362229925577,1.8349915415,326.0,1297.6740489078,21.77781590416189,27.783197901923536,14.44723637114124,29.109761064257963,0.0,83.80840856655597,52.45221590788818,492.32063337042615
0.6622690476,1831.8986610288937,21.86197857835748,2.5165441166,335.0,2566.5330640346,25.071202136676753,40.80248135343602,18.07356697675479,32.06959794891154,0.0,93.4897503701498,82.51077786657189,292.41857621837687
0.8644067708,553.5044905008635,22.448755641150353,2.7924020042,350.0,2672.1738356468,18.286655142951638,33.97404699023134,7.695113119347792,28.879676695614727,,94.33825130628185,488.70030365895246,1046.3226351027704
0.8005577381,639.6354085603112,20.112076614710144,4.5999999046,4.0,1864.1774251609,29.18716904913172,56.503262928195305,19.052365046687974,39.32305031907341,0.0,97.48450081092625,311.4533789402821,681.226930669285
0.6278368159,2587.1293031066334,20.798978423775328,1.6029769662,164.0,1462.4305220283,18.79705900584839,19.51253468116031,13.170422986152696,24.424539041988336,0.0,76.75834431982736,79.58608258248843,430.6082844045111
0.6270182657,1923.0786978508215,23.429214877534456,2.4000000954,166.0,2524.9629796378,26.601598447057064,35.510209705059836,20.780807094932378,32.42332562679154,0.0,95.05250893790806,204.07269636169224,506.0683876900275
0.730931203,1769.1260735142562,15.608492167544343,3.0999999046,350.0,976.6029846083,21.688061985921724,38.669996368977806,12.915494100260885,30.461503372461983,0.0,95.883801665156,147.32359942898682,333.4869232529719
0.5941589286,1360.8268176835952,2.755231497396201,1.600395513,349.0,1116.0706144305,26.18564267318402,41.61914601248601,18.67696440875366,33.69503881135689,0.0,95.59928872818534,259.02313893763477,655.5792102591276
0.5305057176,2445.6139677666924,10.692966948128259,2.9445338038,164.1173625644,1609.4632810362,15.827862131506246,28.333538641059043,7.641704349883362,24.01539512282837,1.0,95.31885752451137,283.64939915482637,712.2893479394785
0.8292209726,1295.783388981636,26.793951310727355,4.0,4.6748479744,4294.4282924803,27.633788235531878,40.32955553338985,21.0490881915644,34.21957359566907,0.0,92.58109663757932,172.80376940546688,378.4945104263951
0.62526,2200.0463812436287,14.62262721610361,3.3786396551,204.9535373257,1640.617993118,18.258251190185547,30.720499515533447,11.061999797821043,25.45550012588501,0.0,96.20404083587388,293.1161360483603,759.0568860849398
0.5936783333,333.54899948691644,12.418276899621816,6.1131612945,315.0,1656.9950810739,24.5780780841489,44.84979623769543,14.37025832394055,34.786663111780385,,94.84087965956203,312.54308237226576,652.0273534287156
0.5104166667,2582.0632996633003,8.859890882515346,2.7999999523,128.0,1532.1584319681,21.197638117549655,28.908427795764972,15.283924072059653,27.11278712769522,0.0,94.920552066058,271.31474970706097,497.6012626869432
0.4688112379,1068.2930634271643,15.787088638528703,3.7999999523,298.0,352.0942487613,22.02368855476379,38.39268732070923,12.412500083446503,31.635937333106995,0.0,97.10423340214665,230.97486824151514,547.0419243753352
0.6456459267,1728.461023674742,11.335883608910208,3.2400000095,253.2,309.5363987918,20.17020092010498,40.93304977416992,9.476400089263915,30.865150070190428,0.0,96.16743427590416,227.10301117077168,445.4493772229931
0.8104803393,695.6420974938773,23.817687563301952,2.0,284.0,1489.2133336563,26.48333501815796,51.97016684214274,15.20258339246114,37.764750162760414,0.0,95.93685652941126,284.0469993322925,552.8531650601035
0.7282090909,1243.3071000855432,12.613888757525746,2.213949051,223.0,965.4099977375,22.619878534458632,40.93189590268626,12.580284388288726,32.660528510036855,1.0,96.73613123698154,248.26287494263937,740.3511772346095
0.8414591435,1229.6009829519276,27.39151254540269,1.9390790371,281.2027566743,1860.960952141,24.409460001948673,39.142389764197304,15.71034182330909,33.10947815921752,0.0,94.33648338973173,216.37218586365557,479.95301809350497
0.7726936275,1788.0819828408007,17.655875667773394,2.7000000477,179.0,577.8174478642,13.134583150256791,18.37912065770534,5.831361963734064,20.439050711777526,0.0,94.65486016538749,42.00075319012748,804.3412473444414
0.8006430556,731.4027987897125,24.66839760348043,2.0,284.0,1566.2558502864,25.919445446516455,46.1178784440665,15.518058129112529,36.32163182814851,0.0,96.24438343238249,302.86205641958645,565.3637133829279
0.5778336905,1176.6769083969466,13.016649650753909,1.6980999855,234.3420111065,322.6707919007,24.777586962295526,48.60612727946299,14.215007615854663,35.340834866619545,,97.3299826423747,282.8933043776535,702.8574095965258
0.7551517857,1403.2150919732442,11.625685663389223,2.9303280136,207.0,610.4048441653,18.13656986341099,27.865382727884427,9.917481271653822,26.35645056286667,1.0,95.03469514205113,205.57327309720196,819.5132589502604
0.788480303,1055.9269351338316,24.870365974326464,4.6565551754,222.4080975706,1244.4810669788,19.42824414920642,26.93416188607256,11.750463460656343,27.10702286104954,1.0,84.59090244202201,24.943723162345158,36.77266869189572
0.6840705556,1523.634734058184,23.18671219316679,2.2956727698,189.0,1335.1428444246,22.07294464648992,31.280454005321754,14.899999770919802,29.246638257266056,0.0,95.4219439491921,253.44800809980504,810.0255883914747
0.7153513889,1776.8123103597745,19.169879165184565,3.2015237273,253.9695263779,328.9572629213,20.121701960461948,40.26381328004623,9.512703502314533,30.731893687709075,0.0,96.13680575683311,225.58273488168035,437.2937694833741
0.5413416667,2111.3527851458884,8.340683331476916,2.5,168.8893616652,647.4092685014,20.088997029949248,24.094721925564166,14.07474254191219,26.104853809433955,0.0,94.28100222046544,231.29796032004052,856.113756841979
0.515045,131.90268247036806,12.458310805256486,2.7391194581,155.2616386602,327.3690001816,17.96925115585327,20.846499919891357,11.713500022888184,24.22574996948242,0.0,86.72324429672739,194.36445812651502,1306.2873607340032
0.755675,1141.4711605281445,19.60961921050202,2.6692181936,165.0,879.7917711477,17.825836148784376,24.65302699915564,9.544068518233807,26.109099948441276,1.0,95.2546843757485,191.94209537009752,641.763058407455
0.8090987588,999.3981421669381,23.911638394852687,2.0,132.8125,2354.543645384,17.477574418572818,27.40029410754933,8.168926428346074,26.787323502933276,0.0,94.18810453577234,92.64981246553174,241.52723837818013
0.7876448324,1222.00241857083,23.212546569911513,2.9800000191,348.9,1864.2614162709,21.04985507329305,31.61497930685679,12.86072923739751,29.239853978157043,0.0,93.50384567011757,251.59961037529044,535.5566424897497
0.7030353011,1652.0109184611742,17.693416099764804,4.2857142176,170.7142857143,1754.4361475614,16.613465070724487,25.294250011444092,8.533607125282288,24.694035938807897,0.0,93.47201195875463,104.1469586419587,235.82507197413997
0.7024710966,1503.6000413026393,21.816435864356603,3.7999999864,164.4285714286,1234.1761128636,18.805000887976753,27.872388733757862,11.524694482485454,26.086305459340412,0.0,93.76598765581143,116.25061975616107,300.4119661741696
0.7062717012,743.6419242706394,21.7782932275197,2.0571428026,160.8571428571,1336.5584958131,23.74612585703532,41.59708309173584,15.580124934514364,31.91304183006287,0.0,96.42285298872491,163.77858881594437,423.3529813810237
0.8004385793,954.8318645361451,20.79666510822436,2.2333333492,25.0,1201.3892834618,17.45003638948713,32.11757108143398,6.381321413176402,28.519821303231375,0.0,94.99040336260089,137.17937705570722,335.0125216883629
0.8323249984,995.546691651719,22.42571246443524,2.1799999952,203.6,2738.391250946,17.429875671863556,27.167624950408936,8.542125046253204,26.31862497329712,0.0,93.33050808074526,84.33242438491946,220.41698220711046
0.7181517017,747.3528375120279,23.718555419532265,2.0499999821,209.0,725.849251168,21.075438499450684,26.607250034809113,14.928687632083893,27.223249912261963,1.0,93.28085679366103,711.0440683604901,1225.578208673269
0.8106966957,726.7134390107847,23.291464229741237,2.4250000119,45.5,1354.49300044,18.65783421198527,34.97099987665813,7.303083340326944,30.01374991734823,0.0,95.63392644366044,141.16227049101084,363.9874269740034
0.7602399573,1647.2209740957383,18.140533313348353,2.3333333333,148.6666666667,1052.0812510746,18.82300102710724,28.190249919891357,11.979375004768372,25.66768729686737,0.0,94.77752526236233,120.84903412648762,306.0111179921627
0.6486767305,1704.312126707774,21.460586046017706,2.5333333015,319.0,1183.2796656911,19.101084073384605,27.25233364105225,12.44724996884664,25.755833466847736,0.0,93.51071190155034,112.48342347900082,291.0124427692409
0.8244789214,1115.084207410458,24.696538661695293,5.5000001589,187.3333333333,2005.4859986705,18.084500710169472,30.753000259399418,8.918833335240684,27.251083374023438,0.0,94.83385830406371,120.9689933644988,297.97747094698536
0.7945659111,1470.835711510377,23.698170123979114,5.75,171.0,1200.8673332507,16.277917305628456,24.9379997253418,7.82533327738444,24.731500148773193,0.0,92.09093669234107,94.92972854783733,324.77490614814445
0.7871787565,1117.5342028789619,26.037133037892115,3.0999999046,147.0,1316.7443332116,21.422084331512455,37.030416806538895,12.945833365122477,29.899333159128823,0.0,95.32885474754609,144.6789073679716,366.6299688385094
0.6385286483,787.0732731756226,19.14435913999202,3.2091375004,152.8505778099,749.6802012412,22.526301097869872,40.40764999389649,13.856900072097778,31.19670000076294,0.0,95.64990736442888,176.1629936961617,455.3943590057693
0.7158704075,928.1596720645031,23.312023761716024,1.8749999702,149.0,833.9826667699,22.77225112915039,39.47274923324585,14.627833207448322,30.917749722798664,0.0,95.6003275649846,174.07124694406724,437.751164230487
0.8055431563,985.3076552242403,20.937532365868492,3.0,144.5,1213.0530053993,23.316917896270752,40.88783359527588,15.01408330599467,31.620750109354656,0.0,96.10287566912271,182.79057689158475,437.7770655708177
0.6622712765,2330.15977296057,15.833843911683333,1.9666666587,182.0,781.7170024851,17.650250673294067,20.082875132560726,11.092750072479248,24.208749771118164,0.0,91.13668711571883,61.69935305431581,490.98983818725213
0.7858295096,1497.3542588101013,22.031211094092146,4.375,188.25,1244.1626635539,20.60258404413859,35.759916623433426,12.200749953587849,29.005332946777344,0.0,95.35465205016135,117.07431927648524,321.1591881907424
0.7547455185,1120.1343601895735,26.321807776547377,4.0500000715,195.0,2184.553506521,18.60662567615509,31.31650018692017,9.305124998092651,27.90875005722046,0.0,93.98951239160046,89.5949926902343,211.6780089175688
0.7647379103,1406.4460111812857,24.42147161990274,4.2333332698,188.3333333333,1190.951999057,21.74850082397461,38.13500022888183,13.447875022888184,30.050374507904053,0.0,95.46655021219453,129.78228654881832,350.9203449950391
0.7233193473,891.2449968401096,17.26937079227261,3.5999999046,315.0,1630.5453292817,19.4208345413208,35.916833082834884,8.998916625976562,29.8435001373291,0.0,93.66901455091322,130.0907526154916,327.333272735096
0.8670447531,475.88570703868106,21.12854166130817,5.0999999046,315.5,1128.3774205302,20.919834076260354,37.882561808348385,11.36332228560373,30.477113574785903,0.0,95.46972137925384,287.7100701626375,515.093960856645
0.6823350543,1655.7100828652467,18.101766820076502,4.4000000954,172.0,1688.0279444145,16.962541088021286,25.136025775348717,8.997631976138823,24.928345546815162,0.0,93.31197301434669,102.70365754635895,230.46080754348768
0.6943946028,1383.4022737084472,23.0798507480351,4.1499998569,228.0,657.8901294306,21.713228859184568,37.287186206631915,13.171550394398128,30.256203169680028,1.0,96.81831883705433,383.0042147935427,739.2008335900937
0.7615086341,1688.8984195808591,16.697922804371014,4.3843122719,209.0,907.3014971683,18.122751235961918,30.61337447166443,9.535374999046326,26.710750341415405,0.0,95.84193808808773,140.97495458583901,393.1066345655424
0.8792276596,355.0363522921319,22.217682386905203,3.726078879,323.4178709725,1205.9225031823,15.21487581729889,21.08425009250641,7.474375069141388,22.956374883651733,0.0,90.55943622294458,137.6909180971101,357.6100116695561
0.8082161643,843.2019000678596,30.200062411913486,2.8381612696,159.9257190344,1722.3494997108,18.65237593650818,31.579875469207764,8.513749957084656,28.79224991798401,0.0,94.97178949883076,121.94715962673416,308.7699591365872
0.7453655942,1397.9704933314213,18.802852889651398,2.3196712174,138.3810678404,950.7289935979,19.17750096321106,30.813750505447388,11.277125000953674,27.078500032424927,0.0,95.14988407920414,139.47671541398617,353.5685053311933
0.8474611842,471.8342967244701,20.4863597790184,6.9000000954,327.0,1135.5795017589,19.709501147270203,32.80212473869324,10.971250116825104,28.448999643325806,0.0,94.44178184461916,263.34914527555975,490.07779032599257
0.8660446347,382.41925453615147,19.759216044102978,4.9076453766,318.9292675405,1125.3566197068,17.600131522440055,26.807990664876463,8.841706428589832,26.359816466676715,0.0,93.58218220811534,248.3691167432729,479.85249534819604
0.7409243781,669.7048795077765,19.06270724193339,4.9000000954,38.0,1012.6683166166,25.512780969262455,41.71977176595845,17.45500609154247,33.57124681700728,0.0,94.95724599738924,312.0308954244368,621.6995659030644
0.7071285372,1264.9125574345128,23.002766953513113,6.4539065762,175.9993553142,1222.5000999479,17.42233316111401,27.9710939288792,8.621371699487566,26.22425613947018,0.0,94.2458623351929,108.22715706646332,318.80998471777514
0.7472365052,1261.4087441594356,20.36867559762517,5.0024630506,176.2807801908,1661.9195172165,17.708327067345902,29.76113707144286,7.986304371407434,27.43117953240261,0.0,93.40936585141608,111.66529435617412,280.1972335304317
0.7140633279,1864.1503102625297,21.321542376215817,1.8999999762,215.0,771.2215337966,21.502892678417982,33.570056502265146,14.418297471937557,28.588546051755117,0.0,96.83471028110299,358.4535790445473,1024.01282909016
0.8352649425,454.8800267407179,19.21889452797315,5.6644814018,308.2219360215,998.4579963551,18.656626224517822,22.72125029563904,10.236249923706055,27.077750205993652,0.0,91.1757242072947,328.70984165009224,585.1712232300354
0.7765382897,1195.8088984031476,20.488421694768498,2.0606355999,209.0,1233.3679929128,20.899161563437005,30.451557458590266,13.750245974005143,28.04932884185795,0.0,95.73357104401879,185.235694160802,418.9474557964383
0.6597402909,1337.9378786079108,22.136561371353302,3.2000000477,179.6731141618,722.3238512545,21.713009079984097,40.26030535354291,12.20255935758145,31.224274183140746,0.0,96.6173788609211,144.7078174026824,464.8441168201316
0.7509438415,1517.0765985305884,22.392161153015714,3.7648218958,181.9190547661,1265.1546437956,20.298265053971967,33.18710829528831,12.868647647138886,27.72898333589043,0.0,96.11706449690914,146.5656396639318,360.5692304393589
0.5716747807,560.316352294668,16.298226099311375,3.4293025928,297.0,865.8131887412,22.103403604689504,39.94462545810144,11.242050390582005,32.965735451532865,0.0,94.92729099126052,301.0201544470951,648.6749916812735
0.8186612613,659.4209540927133,30.604379435241924,4.5858708695,181.0874055983,1139.9906349069,19.705876161921918,39.26585713178544,8.203283448665196,31.209383149287476,0.0,95.37225271162089,137.07060268119835,372.8058266265506
0.7733772437,1197.4589755940913,19.654971078655507,2.0467558762,209.0,1131.0564337378,21.855729984580098,33.11683777177478,14.36982293270313,29.342361321309014,0.0,96.71377843991509,210.1231921908289,482.26067025074923
0.8982393229,314.9937064697491,18.674419259623892,6.097342038,332.5828537999,962.8942880473,15.2030423265733,16.240531817124857,7.591623538528166,22.815070296862334,0.0,90.33359982500865,206.00056552117263,463.630021844943
0.8671092362,321.14717656076994,21.20954658043475,9.9330063088,330.6699364861,1241.0727085276,16.313635056899123,22.87772078991705,8.840700617930104,23.787121288410432,0.0,90.69314295182619,136.11038682837744,367.5232187379616
0.546894697,327.5361301369863,8.935272283094285,3.217530476,174.0,684.6156208339,24.790414668637172,49.134086103449114,14.920130880027184,34.66176346696627,0.0,96.8119994311107,238.04059881485333,614.4954622607999
0.7310554688,494.592202593334,18.289217637479176,3.099775701,170.8583601689,894.4428716566,25.15772462750592,44.57270592121801,16.294626917944388,34.02201157447108,1.0,96.97508233608114,528.1606527908366,958.3480709293523
0.7005776374,1661.7409481149684,18.474814159703172,2.8090509767,180.0,1413.2232546326,18.444528314229473,23.561285890051575,12.263668963774988,24.625910129479642,0.0,95.66396844288856,159.30580247035357,400.58612382082185
0.8464953202,997.1595184349135,15.381442835449365,3.12417876,218.5230581718,1198.8671418859,24.24138912202754,42.342182399513185,15.948673497147151,32.535519675329894,0.0,94.83538999656281,171.21005050756344,388.98349410449913
0.8099421954,1339.1538613861387,30.347814551892846,1.4513851387,158.1090735258,1502.4191331455,16.954958869139574,26.809097221343954,7.96850790112069,25.942291493940058,0.0,93.17868569063816,88.46179092272064,258.9762061825585
0.6789788338,1648.3770105082565,21.02347008431134,3.7160234459,160.8011706737,1086.1860562146,18.66302720967594,28.22053018172019,11.374624804700662,25.952575307969212,0.0,93.86252691776757,130.98872647254578,358.21476681592407
0.8414685185,626.3683428571428,21.910878726792337,5.148402283,304.4374637434,1132.7136997453,19.625116667355456,25.8916843551201,11.156342414034013,28.095254471829968,0.0,90.99899349520513,335.84733838201356,570.9289782685238
0.8113858135,1305.5797959440736,23.573728982838265,2.9322740346,219.0625194227,1377.1283450272,22.494763630387308,36.39339164916282,14.908294789810228,30.082230491136507,0.0,94.90912265481333,151.95147141534633,363.1315913483485
0.7432857978,1185.61409137577,20.91743446786714,4.6782642841,179.0,1615.9416232697,15.495009031007667,30.001534779128416,3.133553159913256,27.857713608458468,0.0,93.32361536571062,111.02413966693896,289.2055622450024
0.8639243056,431.59550561797755,17.70782212010089,6.2998496796,308.0962389478,966.9422218089,18.73427020160122,23.120082946488075,10.286469723179039,27.18267774635701,0.0,91.35773862876812,332.55369410957815,590.9986105579562
0.7784199074,975.2307898618748,15.970819791408491,2.0999999046,142.9562924156,1050.0930274825,19.470184339268165,32.0668407286602,10.64229689814172,28.299400701813884,0.0,95.07761636948791,146.06738430046826,422.1289182981936
0.7333208333,478.21537099867237,15.823860741119711,3.0,194.052929488,923.4561671865,24.556672483004593,46.99745518511366,15.153247330880388,33.960845908098804,0.0,96.74029494067292,186.37713748632675,526.3186145365327
0.8803328947,558.395648312611,19.79465528370238,3.4563928164,317.9564284485,1441.219043277,17.554142915443506,17.9812516180292,10.671997251560482,24.43728731204132,0.0,88.52050290401326,202.23342115939923,456.90001751864
0.8252157407,665.1321147272997,20.43351641289811,3.2025353881,192.9659532295,1110.0666710332,18.963050293586207,39.902200727298826,6.510155345229512,31.416820495224524,0.0,96.2811084524855,176.9249505497685,440.37078206193746
0.7100289474,1037.0615708064274,19.875077907361323,4.6999998093,330.0,1278.9416702653,20.55526293213081,29.707184578405567,11.867331319737493,29.243942541266406,0.0,92.23111330440112,206.7730344016001,518.2643302812617
0.7998621032,1111.2867259303903,21.832840919970604,3.0997079935,190.0,1199.9231864501,21.624046949920498,37.53054298577047,13.440722163151188,29.808525414066985,0.0,96.74037641328427,165.1192982075724,392.078621673603
0.7954925,502.72038567493115,21.571268033682113,2.9722387277,198.0,1008.6599981941,24.222784020398795,46.569546515898566,14.634331587757934,33.81198396222429,0.0,96.64777975133033,176.28317607621253,471.1698852184668
0.8756958333,516.0597701149426,23.874886679003392,2.7999999523,340.2745589759,2306.3412809877,18.15769796698326,28.872013878194,8.968381800590786,27.348012276816426,0.0,91.9000659272672,142.14678772998965,331.58424370962774
0.7830050654,1122.0237293840457,24.936375090206003,1.9063164863,163.1156887845,890.1837438432,20.622230512429326,33.56911153862751,12.347676985677579,28.8974595164738,0.0,94.9143050413402,148.01353879746637,392.09657848631207
0.6243571429,1813.857451015639,22.72476666818607,2.8990508533,319.0,1448.8413960786,16.779297910589865,23.1159542118281,9.911695229235924,23.64789780138984,0.0,93.00934828909948,104.8988948368731,254.24443089712094
0.6773192708,1031.631453242697,16.306633856489054,3.1811336155,182.0,1427.0979911516,19.398000717163082,33.639999866485596,9.946249842643738,28.851250171661377,0.0,94.4044719372562,146.8417308850403,375.3213033497663
0.6882198268,1307.203345724907,22.455601065320597,2.5011445654,327.0,881.8951753459,20.6937864514664,31.735644792329037,13.438182679881598,27.950515499742114,0.0,94.73157440256969,143.3144428616234,389.80617960745457
0.5527208186,2157.5762744346493,14.371720856487546,3.7000000477,113.0,823.1171854694,17.783936407627635,28.010651124599143,9.967275521768949,25.601459113504845,0.0,96.31907264273963,637.0558250927245,1108.2614917558292
0.7618455128,622.0962,18.8819436804533,3.8350370501,298.167903446,981.0664488762,21.682768495101435,37.26260677214243,11.406827354973297,31.959858447107855,0.0,94.58660043177446,306.13472551082344,640.6751992633999
0.6102833333,481.15713360673436,19.598968585958342,8.52320051,330.0,829.7613608505,19.36182256690166,27.927755843501167,11.818870956962513,26.905391000378646,,94.52825775878581,231.7279151788468,455.59187015257663
0.8508839744,771.4289855072464,10.476047228637215,3.0999999046,169.0,1206.1409980184,23.637500762939453,41.931499481201165,15.208749771118164,32.06724977493286,0.0,95.96919555253335,194.476127156057,444.1905262918163
0.8835091667,429.6261772518715,25.436406362491425,3.2000000477,327.0,1225.4017186237,18.001265967459464,25.619454754487045,10.248285095229168,25.755200082846525,0.0,93.81680651024767,254.56659155776006,474.7310676311224
0.7519819666,1465.6798789712554,12.627118500079762,3.7989785184,185.0340478038,1095.1570736359,22.162114404039535,35.81778078819105,15.020620367381873,29.304478377531304,0.0,95.35958479199438,118.49101714917292,336.6906693953821
0.8698175926,387.5971419884463,18.64947622047619,3.0,259.0,931.9112237348,18.448006037406493,23.62106403859839,9.491445815646058,27.405562169188,0.0,94.4280600029299,293.36454282044957,541.9906424466908
0.7624447917,1464.7106238418778,14.65299139275383,2.2999999523,213.0,720.1940238465,22.7476954478738,43.11843354470348,12.875778257030333,32.621049215821856,0.0,96.63016640594455,135.23741342024982,392.08561495174894
0.7618289394,1435.0992025518342,25.998491987771395,4.9126491779,169.0,1381.3271164842,14.997832693010695,19.668393157629023,7.864748692105978,22.131873605093666,0.0,92.25268026811892,95.4215014500919,310.14173217524126
0.7946197917,708.7575979494691,18.413296944009915,3.6011008034,321.0440359397,1370.5673103331,20.718412745751948,41.17499996773898,9.840182190000272,31.597834294639796,0.0,96.28724929629166,220.52959455236248,471.1138982111726
0.7549738095,533.0058411214953,21.706026404260474,5.0999999046,312.0,1147.9465083095,20.109927298349582,30.362089837263134,10.612152002041388,29.608687200927097,0.0,93.39524648736968,295.57504476055146,594.0444044407632
0.8627645833,359.11576451995256,21.696385659916228,4.1698657621,334.0,998.0141856289,19.4139300772918,39.695248693323826,7.53435368088747,31.294504728570534,0.0,94.52417338655013,235.3559932229977,460.63047943978313
0.810253125,1117.59197907585,23.04435097573629,3.5044949139,295.4045426365,1053.1187499136,20.717017011075697,30.86012821060351,12.129879416060033,29.305152507280408,0.0,91.66909627491825,134.4030430325414,417.2618289176428
0.6588440476,515.0157374100719,20.116554397232026,3.4000000954,321.0,1103.3181968519,20.107257098101847,43.224717590587545,7.943864204170748,32.271397757070815,0.0,96.41012592139401,227.51704416979675,482.65387266913444
0.7213011111,1100.548768939394,17.411728381771933,3.4434014147,290.8755599258,1317.729999125,21.0857515335083,30.83649969100952,12.612249851226807,29.5600004196167,0.0,92.87842581405252,191.4871016625807,532.313601843158
0.7407714286,1235.5296423321902,20.334771736908753,1.5,339.0,3001.5856449455,15.900894650278175,23.275775342218996,7.45109722434783,24.352131786875624,0.0,92.70743345135568,61.03626509719375,105.39913478702337
0.7100236111,424.1295442908346,13.727790413059092,2.5,13.0,1137.7282881401,29.06022430398934,63.65910859739298,19.201039013092814,38.92039069230766,1.0,98.15769049174132,646.6871918441,1222.8913905863024
0.8131944444,1386.098404255319,21.01880948048957,3.0072154174,120.0,1311.5925189668,21.715793197486082,36.849685665389906,13.588632107969323,29.843707400472475,0.0,94.93209373285102,131.04578525479195,346.2772188143723
0.8114069444,644.4798278644432,18.077819974560967,2.8975044088,321.0,1171.9750293477,21.115245239716614,41.57965079243985,10.493558279292458,31.73768071379972,0.0,96.59946233618315,205.96073521322944,480.49853537014775
0.8840164933,324.6247300215983,20.92556049196818,4.0,342.0,1246.8137139326,15.047626416038865,13.751757496218575,8.424463873855355,21.672280580076244,0.0,89.82593033426238,149.55818914090065,404.6141870660364
0.7907006524,1466.2723646723646,20.317740937855174,3.5,184.0,1183.995805685,20.284793711945845,32.9346357559935,12.777700058892737,27.792834834328524,0.0,95.63359713056403,131.06375379571227,325.6552824114333
0.6630202381,519.1350696547547,17.70020768113168,3.8986851946,33.0365400501,774.581743898,19.674482646829038,26.612112983267902,13.390193800832613,25.95976813234188,1.0,92.45727594532929,122.11674982949368,279.73734498416366
0.7550194444,1586.4125874125873,15.988489416285223,2.3147919125,44.0847439217,729.6393889316,22.146685703674585,33.624646375801404,15.608293570242918,28.686273433951015,1.0,95.98295059203637,334.26113464396735,949.9230618369816
0.7764983333,711.7184466019418,14.336751794043481,3.80383456,307.0,926.0591653146,21.189142734940084,35.57200661398784,10.979852747094625,31.39924687979861,0.0,94.53078850143464,175.51920303649337,580.2155947920382
0.746925,2092.373202614379,23.91861291040782,3.0,235.0,857.2960226299,16.075119836923932,26.458206414663373,7.482894632151496,24.668965240998673,0.0,95.50281738967534,115.59531649820171,318.019247288482
0.7661354167,887.1060070671377,17.17581957726091,2.5999999046,178.0,718.0707108837,22.834147623018048,39.208174105786426,14.579189120792092,31.090260598508813,0.0,96.23009136646378,184.63430900781128,494.73877848120856
0.7457422694,1076.1080312722104,28.03504764788017,1.5018771967,339.0375439251,1962.689012303,18.304500579833984,29.69974994659424,8.453999996185306,28.1560001373291,0.0,94.5427992204995,87.90340364331371,226.180256199001
0.812166129,308.0902826416032,18.363083304281638,7.6500000954,317.0,764.362499813,19.290876030921936,22.617125272750854,11.985375046730042,26.597500324249268,,92.35107873588372,325.92769149525503,770.9258705446559
0.7880873563,1148.5542512201387,24.971507370750608,2.6345285274,208.6596316798,1355.7479986864,25.33125114440918,39.67399978637695,17.233375072479248,33.42987537384033,0.0,97.4941092070673,289.640560609281,605.2212276184108
0.6737734694,1470.064010561235,22.7851120749533,2.4500000477,57.0,1328.952003463,22.49075078964233,37.06387543678284,13.890374898910522,31.092374801635746,0.0,94.81528825315468,83.36439186942451,275.07109049641224
0.783303494,1027.4900057872946,16.01023453997705,2.5748160563,210.7013323333,913.7690000588,26.059376001358032,48.06875038146973,16.280624866485596,35.83912467956543,0.0,97.5599235088055,298.0708421122866,629.5054015230156
0.5717348528,1564.30812990169,11.214351018099222,2.2999999523,275.2989490019,324.3894991311,23.556375980377197,42.27024984359742,14.282250046730042,32.83174991607666,1.0,97.14434805173667,179.2214850267237,693.3524624395097
0.6693223543,1970.073677508971,17.743873418139867,1.7051798391,253.0,913.4080016697,17.345125675201416,20.915499925613403,11.440124988555908,23.25112509727478,0.0,85.28043918120001,83.56275115886449,152.38770850839205
0.8569511628,873.4179503105589,25.115446223176043,3.6333646666,352.3286180473,1158.8621366212,8.979345925927744,12.784145293795008,2.051218183453196,15.908440117453207,1.0,91.79732061316415,176.8944708943075,988.9803021855124
0.5706845927,2693.895792129851,10.78368417379972,2.0595756518,293.0,490.5197299894,15.753839163007072,23.8636508631885,7.701768413673706,23.807178972707646,0.0,93.74838851206934,124.01008688011083,375.5647563982464
0.7292471001,1720.6869811702775,20.262044842087757,2.7999999523,14.0,1453.159208315,23.230625920930585,39.382649667413496,15.520723792014145,30.94135433570692,1.0,97.06894206440222,116.14401497438098,648.3982357117131
0.5965291063,1998.2266807834833,7.68473677581552,3.202026428,188.0,1128.627096322,18.934918448346828,25.85264293476026,10.572426998109265,27.298501417296674,0.0,93.1242641336475,81.58764377151206,483.12017000714013
0.5939046875,2344.604703128325,8.25477529657562,2.0999999046,263.0000023262,1093.8646612844,5.920138719095576,4.76863708959117,1.561969540959387,10.279161436373325,0.0,62.640281276063774,30.148580569018627,169.03705059739713
0.5723949495,2572.144960362401,12.458971374339692,1.6000000238,344.0,419.6081317004,20.40154817106643,33.46807469838902,11.20917894945259,29.5949441352089,0.0,95.68491866291565,268.22015105916506,579.3801740311268
0.5006861039,2252.8934989429176,22.37876498028951,2.4344171861,351.0,528.9664679627,7.729897580281074,6.737605091425702,2.09626133108608,13.364731328375443,0.0,88.60831265284729,77.93717860512203,272.7323698534657
0.6449048109,1735.6133956386293,22.76108722188205,2.5999999046,104.0,1415.8119410743,20.59846841454159,29.45092369716948,13.30279558212803,27.89471519016906,0.0,93.79223683636334,74.76973936340396,280.43466718093754
0.6073018666,1496.944306930693,13.815278637035451,2.9498279972,269.4879564558,387.5094130593,17.752090193412315,30.57470723977227,8.253279274808474,27.25206616513254,1.0,97.18454209420746,187.34821693719738,814.1891174875908
0.657500187,2790.038226705601,12.919917074207415,1.4815238863,298.0323720236,731.6380617219,18.47415960475318,24.707111536889045,12.17872541103965,24.77066322257729,0.0,93.84256002520124,163.5231472337291,433.51593988460274
0.532245,1080.0789256198348,3.547475751938899,3.5518780748,212.0,463.9710085154,24.419885752988407,43.39297681977858,14.716766995880054,34.12424021033386,0.0,96.17210142886448,288.8665317544257,739.628295397066
0.6897161086,1363.429213483146,28.291198499068784,2.4000000954,57.0,1106.6793543653,23.1152002241214,39.690628714244696,14.072851004073849,32.15864778409085,0.0,95.50282999085742,99.91135401287917,322.089725313149
0.7232458333,714.8977556109726,24.971579647004752,3.0,264.0,527.9289994192,23.6485013961792,40.356000900268555,14.179749965667725,33.11849880218506,1.0,96.20592015388527,423.9718226882395,823.4703673022343
0.700615,1342.501983002833,18.223430153972362,5.1988462707,118.0,943.1293972807,20.30721740949446,32.64421633764774,11.197418505966304,29.417522613024104,1.0,95.79879612965037,134.35255771358726,996.285493286535
0.8665263889,209.00060790273554,22.70522404039522,4.7090541902,346.0426205063,1859.4809949847,12.188000679016113,16.329000234603882,4.118749976158142,20.257750034332275,,89.4736501024924,87.93008010754232,809.7109690592811
0.6292602778,1776.071122011036,17.707594530594122,3.2000000477,300.0,1006.8330079178,20.25386746931119,26.353752526009362,14.524958332463482,25.984146090350816,1.0,95.60933123856107,343.078345836909,689.1561797050991
0.71791,755.5336322869955,31.971024021286755,3.2999999523,47.6336311435,1506.335004662,22.40800094604492,35.92349910736084,14.40999984741211,30.407000064849854,1.0,95.26336108286357,205.87537035506108,780.0129939885472
0.7072741761,2013.0719006492113,23.677312146242528,2.1999999285,321.0,1124.052497922,20.783625841140747,27.291499853134155,12.959499955177307,28.608875036239624,0.0,91.64971887150455,208.19170388862727,456.46295202162304
0.6463133648,2122.1563912864776,19.276282640252887,1.5,177.0,1149.4529891956,20.343270392902472,29.10502497550307,12.450280467629257,28.237023091830572,0.0,95.63129992937118,252.65685016016207,472.2777173531771
0.7781773333,653.7824010914052,23.028943832053983,2.4152002176,174.327984956,1251.623347471,28.34321206789846,60.538937820553755,18.581924897987165,38.10541400642217,,98.53841520776477,516.2308016983685,836.136300490414
0.510509801,1454.4016587677725,26.720544356144032,3.2000000477,235.0,897.9023157219,21.023447176679227,31.381493634107823,13.311943039932478,28.736421607601923,1.0,96.1411303014416,339.64884815638186,593.6575474050269
0.625807916,2318.2171532846714,13.800193391359635,2.0041428213,211.8137192781,1238.5057758641,16.531919327180635,21.034853485588766,10.009828443676506,23.055061553428867,0.0,94.13399356570461,274.41234915021244,505.9429404228613
0.5853622222,2534.024868855644,11.483613888627236,1.4247960744,205.0,1466.0718633791,16.110041381187507,21.585035205590994,9.60296988546717,22.61829138824767,0.0,94.12956775760156,266.7446917971758,508.51561796105466
0.6982973214,2365.287420679358,16.433625930334124,2.9237818363,163.0,1150.9966934717,16.315672780674475,28.128248526646324,7.03953506276192,25.592309031040955,0.0,96.316576576337,333.54667008156025,620.82874032466
0.5918134073,2468.156104903311,16.02918013657955,2.0599999428,328.4,1199.0853354119,17.09816733996073,15.905208388964336,10.795666654904684,23.401458342870075,0.0,85.9168942050603,77.52334214999487,279.71419800052837
0.4970236111,1542.079723791588,28.08019643788134,2.6105857486,267.9177852754,902.8040019525,20.22175121307373,35.98775100708008,9.356250286102293,31.08899974822998,1.0,98.39932355271019,266.59047995708505,943.0160209477868
0.7135261071,2102.8127161917314,14.079290217297649,1.9739380902,49.0,1588.0805670831,20.237225145943725,23.011767769479647,14.098101580832491,26.377189285853586,0.0,91.53124745816987,149.20428433218837,383.9072718057373
0.7718557576,1532.3013387218996,12.955698139402836,15.8924946838,140.0784418272,1570.9447893361,10.214410793490435,15.415732074510034,4.084384618942915,16.345034459784472,1.0,92.21993799096369,14.698430859764393,306.3455970799788
0.7403998904,1752.1891807379611,26.524910262333297,3.4000000954,174.1000829483,2217.0025244593,18.584882326153245,20.854433012236868,11.978388513517768,25.192415095134518,0.0,91.61803021603578,94.89910328327701,127.91691834275274
0.67793,2124.7208981001727,12.776862991422364,2.0999999046,125.0,1977.6590026049,16.71950054168701,18.354000329971313,10.92674994468689,22.51324987411499,0.0,81.05367316025843,152.42829345789323,647.0404355222821
0.6938229167,2150.550893834367,12.059887378331476,1.7940110646,283.5810100106,1746.0663913898,17.137803667213884,21.262554976269804,10.933104915744218,23.34330492275372,0.0,79.76517511788113,146.34946663028322,623.7428380696401
0.6726814058,1335.4795291709315,17.354801079572894,13.1000003815,144.0,1501.3499023598,11.05112714300039,16.879976008415355,4.427362426063598,17.67599419039948,1.0,92.9823191348531,16.90879499433216,383.60822818957047
0.8234839982,1001.3874385948828,22.01646241981545,3.4083334009,205.5,1389.7980085488,27.978410330685705,48.55113679712469,20.1926364031705,35.76522749120539,0.0,99.05592380913704,382.8846922686123,759.974812201872
0.7031310192,1982.76200199172,10.069458568628367,2.2142857313,17.0,1036.3804639207,15.590625564257307,22.406916856765747,7.340041667222978,23.84237504005432,,94.57682532413182,207.38557678002087,440.3660339543913
0.7225660798,837.0745220444792,18.5139932250644,1.8499999642,271.0,886.7860956011,24.40499203454296,42.88918836201825,16.946615474559508,31.8644268789104,1.0,99.20414513355647,621.440531460019,1091.606467698312
0.557223225,2415.1855063487146,9.838001053969139,3.2999999523,149.0,807.8681141551,14.05741303464082,18.270478111558273,6.695872960833784,21.420202874493487,0.0,95.27892408755827,100.59631700506617,255.224524862436
0.7819535256,1192.3558795154893,24.934177390292646,2.6583005278,27.7570462481,971.3801044728,27.617302164850976,55.305316977291405,18.855229685693654,36.38079471270773,1.0,99.06723120411634,405.8730600341864,721.4684151326726
0.8370151515,1302.795143884892,23.763488364659196,2.5538027671,253.9445399882,1248.9603293659,23.419113287937627,37.744150049563245,15.32197874232242,31.516991948220415,0.0,96.4008462107783,140.87565586701714,584.5149622094192
0.7982770833,971.0973818646232,21.974893853734432,4.215417601,137.0,1295.9804932781,23.880250930786133,42.485249519348145,15.166249990463257,32.595499992370605,1.0,99.1566798761442,639.4859633243509,1070.9396300575124
0.7024383333,716.3735902255639,15.512729392856135,9.6814427447,333.8553009192,836.4072450764,21.92018393494243,33.465465250734674,13.752178719991099,30.089442140540115,1.0,95.65035907851237,369.19885316013296,729.2075373016762
0.7973402778,333.40411339633135,23.921593716503715,2.8999772938,125.0,1443.6729236355,23.751493050637556,43.41201462168067,12.505818141602244,34.998721805520276,1.0,96.74981480273856,147.29138269791528,650.5543858405234
0.4467291667,1465.1659751037344,25.22983378081236,2.4000000954,214.0,422.0471774792,19.783088920998406,31.327022523636735,10.275253083759688,29.2921838284287,1.0,97.86609100526063,218.21658681294645,1104.115185055144
0.3666566667,1170.6828148903621,15.311015522940496,3.4000000954,223.0,272.5631872917,20.532694678268943,31.914695701434557,12.466442337809104,28.59995476719559,1.0,97.81841644328203,392.1273250485924,755.7107062050353
0.3947425,1129.94179357022,23.174146512357513,2.9946960966,281.0,396.7837455905,29.306716592883934,54.72944041732491,20.378878068530184,38.23555402120678,0.0,94.37421374246829,119.59106928178042,860.553842250153
0.4450458333,1150.895914396887,8.31011457019395,4.8606025529,133.0,316.119614394,21.005727810877637,38.58258275277892,11.453290853103422,30.55941192492587,1.0,97.08780634747097,341.90195544681836,433.2624226101553
0.4524458333,1208.083152173913,20.236855697113533,2.2000000477,297.0123568467,359.1832968201,13.30750036239624,13.524250149726868,6.817749857902528,19.798749923706055,1.0,94.43522261179697,89.15106695972818,396.8263237031537
0.766227183,1569.2227571087922,18.06677227864347,3.3,196.2,1349.5343015717,18.370500802993774,23.24328112602234,12.34475001692772,24.39743745326996,1.0,94.80936294308935,275.3685665579249,639.064806747068
0.6953943947,1673.9553561843418,19.132453430080357,3.9999999603,100.8333333333,594.5823260363,21.582001209259033,36.16399967670441,12.445187628269196,30.719562768936157,0.0,96.09158262217667,370.8651362431709,687.4724185361914
0.7543252279,1421.0945062957458,21.149420156725164,2.0,250.0,1305.5499951265,18.594563364982605,22.637750267982483,11.331062495708466,25.859187245368958,0.0,90.17213894400405,199.88172837372167,683.1424599479291
0.7138276682,1164.2709677419355,16.838514943452235,7.5999999046,351.5,964.2146013873,18.49975061416626,25.64887499809265,11.58412504196167,25.416000366210938,1.0,93.58050279381182,81.24091334308437,96.54432058715817
0.6483527778,612.349040052133,19.899119872554834,6.5871336376,143.3745966737,725.5022692165,9.548226112050164,4.638583212714938,7.470819328733244,11.626512505615274,,49.041618872860504,40.5399409031706,639.893223166546
0.6075241379,2109.322032443567,17.571048535512105,3.1065553114,21.0,357.2144294379,19.23292703441084,26.289293120932903,11.188698452900953,27.278302743532166,0.0,92.57738439025438,102.78057026930975,842.2975792419633
0.7853627976,1189.3249922767995,16.474984870887713,1.8999999762,283.0951616784,719.9511035475,18.58375799083641,32.43017228742941,8.586462736555948,28.58204817002381,1.0,95.9546894455581,258.54979593480016,471.4951142813612
0.7690186138,1449.1388707571803,20.798377979532194,2.1758419877,211.8277663388,785.7693421503,19.46347201739147,33.52516929472657,10.830873766676355,28.097161653607287,1.0,96.17823717779416,270.9546311784854,667.8931301395862
0.7464708333,911.7730414746545,21.408584893402143,6.9000000954,136.0,721.2956046717,9.175665807470844,7.726467103351862,6.376973193319292,11.975445860081903,1.0,70.25983227070361,30.855049411326014,527.4310237259666
0.4824430556,756.7558181167204,12.383051701132816,4.1999998093,142.0,293.4283806493,20.412873485433224,31.616670993811216,12.21091821662618,28.615594799739856,1.0,95.8708051158683,247.83156147280317,590.2411038715253
0.4722090278,2127.0008631851533,27.590976525186516,3.1984618264,58.9717273341,398.7138294218,20.536004497285468,24.27764798281136,15.232714689720883,25.84053807715306,0.0,96.63340810104573,272.11660785622985,1010.553800802488
0.7280933333,1683.6596638655462,21.940765696886434,2.2999999523,292.0,388.9870458022,22.094978675071864,33.45022893100722,13.773737980829441,30.41696770292876,0.0,97.52608895125886,669.330913959588,1047.1222776104246
0.7096775899,1402.719583513438,17.92877996977896,2.3333333333,38.3333333333,461.8580002537,23.046450901031495,38.88750009536743,14.128249979019161,31.965350151062008,1.0,96.48994538036803,445.8514510867826,695.0675080589458
0.6706610202,1394.28153626018,7.981727593208916,2.4666666985,230.3333333333,351.9843326211,24.717917601267494,43.486416816711426,16.705249945322674,32.73149983088175,0.0,98.48435895435703,126.16901753922893,699.2647724502433
0.6902381188,856.2372695316299,21.141016964734494,4.0499999523,18.0,435.1966673064,26.70975144704183,49.78350003560384,18.09591674804687,35.32450024286906,1.0,97.39935059271173,448.39155713148614,688.6401356702168
0.7408068878,1721.1495067037692,22.54845824070533,2.8727714172,9.2950002482,782.3973304649,21.415751298268635,31.551667054494224,14.080249786376953,28.752583185831703,0.0,95.38527848948186,79.56486614335246,603.5580446073216
0.5696222538,1581.1363432883545,6.760170986378576,2.3870488802,249.0939552445,323.1824975458,24.629361508758805,43.629553912050696,16.383362697908375,32.876184940302714,0.0,96.482827517965,184.80768570184662,654.8945964291411
0.5091161556,2332.2328545119703,19.718555948790264,2.0,100.0,535.1857253018,17.576663622287082,20.222452344558125,10.621977656948022,24.532535471569364,0.0,85.63816847080639,74.72662713665387,454.13198452003473
0.7858185774,1624.0983368787465,24.738417422780387,2.2999999523,282.0,837.6764662115,24.273986518661214,39.82996427419151,16.68936756087026,31.859525965448636,0.0,95.86748384116692,145.60609269233498,639.2388004305942
0.6293911359,2115.3015677076905,16.035981548688188,2.4272994715,124.0,199.6135343695,3.367941232968199,10.610500992158107,-5.049066140834874,11.78573771068192,1.0,91.15587472083449,53.284243423289496,660.1588336985426
0.5825210145,372.01597239969334,13.749643834851874,3.9619217638,157.0,680.1050020221,24.31550121307373,47.6877498626709,14.24049997329712,34.39200019836426,1.0,99.24047220669141,685.7267035800214,1348.6560283650856
0.5274584325,2335.825632653061,12.193699761784806,2.3343224232,124.3728937382,621.5022333792,19.123496308347697,24.785157568095265,11.505755671853288,26.742159937434284,0.0,83.06882339056168,137.9756363207358,464.6820769377033
0.6843533333,640.0449278308599,20.20611762410985,3.4946688366,178.0,380.6057103756,12.198154231568546,15.47443740046646,7.197242632281048,17.199865407519606,1.0,94.59424356166375,51.17253288354823,495.1047428602085
0.8078166667,846.139534883721,19.06291817581931,3.8533393247,12.0,926.5565746119,26.894208800059626,45.50582702171066,19.85611261583507,33.933053141785415,1.0,98.20438525240854,469.5231312966793,760.0551591942234
0.7877683333,1031.0787653006919,12.43600289058089,5.4000000954,146.0,1074.187680222,11.359076493798794,12.488591045148931,6.67852067223621,16.040251955982185,1.0,93.16686101288596,36.57230168523101,57.812550170898554
0.6351138889,1123.2491563554556,32.7461854020978,1.9135011839,319.5079040755,491.1154941376,22.007446436467223,36.36806956244584,14.213378411460276,29.802517589614347,,98.60180643022754,83.56104625412588,979.6438777759489
0.8158865188,1348.6159549171612,18.96771106151925,2.2750000358,218.5,1871.3144965862,21.33862590789795,35.40593755245209,13.086187541484833,29.592000126838684,0.0,96.54649301730646,139.50928605685158,645.395401248185
0.7571544667,1292.414635260789,19.316550401655288,1.7250000238,155.5,1010.3763318521,21.879417816797893,39.708708365758255,12.535541653633116,31.22445813814799,0.0,97.09392029445627,149.80033816579112,744.9144146128215
0.8463894831,1030.70303534933,25.67024569895453,1.9333332777,177.0,2069.3570040608,22.27100125948588,37.20466661453247,14.258749961853027,30.28433322906494,0.0,95.82114600827825,195.99685254728237,647.0185367497767
0.8181164815,1206.3972648737752,21.61491792657059,1.5800000191,277.6,2528.4330064293,26.39012598991394,49.788875102996826,17.46174991130829,35.31949996948242,0.0,95.98680569767258,190.69876335541267,661.9307511644092
0.8261776316,1351.4374548417347,16.801440458116467,2.2333333492,205.0,2580.1249921754,21.287917613983154,35.66083335876465,12.905416647593182,29.67133363087972,0.0,96.49436218916887,142.76473638688557,647.0731876904956
0.8621050275,826.9233341072672,24.19833699193899,1.7010415525,243.952012816,2359.5790093742,27.364834626515705,56.793582916259766,17.17299993832906,37.5578327178955,0.0,97.13541033796939,224.08162859190355,771.9010422736733
0.6003821761,2305.491044288693,14.922061551451836,1.6723600087,124.605110615,432.6755861476,16.99489804284999,22.383452084619293,9.723761562629434,24.26737125321941,0.0,82.15480295341094,94.17881843363213,464.2240976482319
0.8017076577,1248.1721205541771,23.747560805325286,2.4333333174,101.0,1111.825580731,21.60291018635518,36.754018520083974,13.244553305856748,29.962297856681506,0.0,97.13829949905808,143.71432747290794,695.9076033618356
0.8247810932,525.1315960508805,20.476858182649035,1.5500000119,297.0,2059.5092914367,26.690178006632404,51.678289076464026,16.70478686872718,36.67696656426183,0.0,95.97235660187033,207.93798793733475,706.8965214548946
0.5750540161,1353.6764939950804,2.262914249307209,2.4000000954,107.6908476895,617.5719981226,18.16925072669983,30.9997501373291,9.023375034332275,27.31587529182434,0.0,95.5259994526643,71.96492009909782,576.4195354752225
0.780653125,1279.3337985078633,20.764539021863676,1.7006974653,154.6357950707,932.7698004481,21.52353533810879,38.97177664763888,12.157340505850277,30.89089945142104,0.0,97.48876650684849,150.83312996258425,712.6890087751082
0.7726078704,918.6860244439383,19.016625575886984,3.0031677886,105.4266839092,970.2188027184,21.98004628604973,32.19342978911844,14.68119432684415,29.27989248409559,,95.13139151555305,331.67793043633077,702.7810864567675
0.8364553571,1237.565678596213,19.97364984667371,2.4926447633,222.0,1869.0700154307,21.761177174841755,34.57766123592535,14.0886940274434,29.434936027874727,0.0,97.37423332227843,171.2954893309277,730.2901638658138
0.8037573333,763.3368312991902,17.275126362976877,2.4267850577,252.0,1103.4251490488,24.42724095592882,47.720481646765144,13.857425101480485,34.998305001776245,0.0,95.68877777183414,161.30989931370567,399.255002789277
0.803243,1148.6368130604737,27.052561729954533,2.4485108158,100.9698616845,1197.3651763617,21.43856079596468,36.42429329212112,13.034204891960375,29.843021402278573,0.0,96.93883596399851,136.82112143026131,665.5733949558131
0.8432651515,1231.694468506373,18.71943878000465,2.2000000477,221.0,1541.7618033348,21.43192488570822,41.42544189752768,10.721687014563202,32.14343047763529,0.0,96.07407357502046,173.0616983612539,702.9179283050858
0.7946347826,265.0803705558337,21.48807374810689,2.3937031969,209.0,1076.8166258916,23.67056042604503,47.67194378545381,12.479957171821715,34.86187186980722,0.0,97.37134683102168,485.09975237041886,874.1915567497007
0.8768677083,1109.386648394675,22.32713023772698,1.248816163,292.0,2507.4102614353,27.083825193893112,42.59843531961066,20.939048998105854,33.2298364787185,0.0,94.93181606329433,209.8602472325469,704.0604539364097
0.8202134615,604.8477404403244,26.965203884385552,2.3515547095,105.5973453442,1025.7250042213,23.15500116348267,49.29649877548218,11.703500032424927,34.60725021362305,0.0,97.82904866646419,176.62785174868233,779.898909562216
0.8416666667,1245.0326030255608,17.71943073814961,1.9689513418,131.0,987.7387849067,21.63234485126686,38.97416286338963,12.336879775490951,30.92882469802779,0.0,97.47567885320964,176.79380662323842,794.8902652278026
0.8152972222,1098.5780792764033,25.724380536515778,2.1164076006,140.1882965716,1018.1131075876,22.735007449766776,45.642247559354175,12.068781584032749,33.40205002008783,0.0,97.4738754612073,184.7193925769585,796.5395962737457
0.8480125,1273.2833607907742,24.806343148904865,1.3614967179,292.0,2788.2879937341,27.635501384735107,46.323999881744385,20.799999713897705,34.471750259399414,0.0,95.26870959950693,198.5036256851118,676.1148713619465
0.7404055556,1439.4647887323943,17.22222508374654,2.3050154045,210.0,494.2556994724,21.402341541458394,36.659383454557094,12.47145759586875,30.334490172297738,1.0,96.15137047259964,156.5754975684551,383.444909685422
0.6423383117,2317.299226139295,12.248222189531795,2.4000000954,272.0,574.6327895211,14.819138893151813,15.690234109055657,8.314896244254546,21.323994064620734,0.0,80.23896088390988,85.52863722397441,371.7856087163154
0.8406535714,1408.2613286405633,15.988200933672077,2.0,131.0,1030.1250441823,21.48056058006901,38.22272956115627,12.293829829131742,30.668289538954593,0.0,96.83500334417715,164.89021879265593,739.0355683289904
0.6013440476,429.3792325056433,9.512442827144003,2.9000000954,52.0,713.0821479864,23.019023130589844,34.522873218535665,15.108815728581813,30.930150645343446,1.0,95.33168349021605,407.89585627024775,859.0272545335756
0.8368402778,1049.817843866171,26.66448030479557,2.3127294589,101.0,1131.9969992716,22.1052508354187,40.28774976730347,12.777750253677368,31.43375015258789,0.0,97.03846172459231,141.3959894130332,686.680222866857
0.5781536347,2435.3987034035663,5.836024753680944,2.5999999046,251.0,624.6994897853,13.267282159625296,15.696757207884387,6.469620004127538,20.065776047075627,0.0,94.32217068188886,62.10600892923707,438.4598061945944
0.8047166667,405.5320074580485,24.35978291125828,2.2999999523,213.0,1267.0590360136,23.33672254432694,46.97237479433729,12.172467545537586,34.50172592747364,0.0,97.41299454140787,254.35409392575747,818.5192233752517
0.8367266667,352.49,26.06349747389555,2.2999999523,209.0,1192.2305771913,23.152945901746445,45.814565748962714,12.16612439461607,34.140548522340495,0.0,97.2875235106435,483.7058239015826,861.4344455635079
0.4533084849,3024.110225763612,11.842597677155954,1.9239182783,207.7608168933,408.8703583238,13.06618387516886,17.54179645951187,5.488068295647628,20.644912246800715,0.0,93.37611056498744,63.74609932745335,284.2499088297205
0.83798125,1142.383464005702,18.444690941914608,2.2000000477,221.0,1534.0829400489,21.462017386057838,41.084603073060414,10.950323365928359,31.975105405659033,0.0,95.84301855001779,173.19192721310765,704.8767853982256
0.4603607143,1315.565637065637,9.675886308671272,1.8999999762,135.0,411.658187337,23.204704074948552,30.239316088373556,16.54113613618637,29.869275397756606,1.0,93.9093794313951,99.97206322557857,890.6061894027592
0.797717417,1122.6834594328598,24.748833374826937,2.7000000477,203.1081962604,2471.3346055834,25.646241187015285,41.167425989894554,17.50408294516339,33.78950836891612,0.0,94.05933258996365,101.05720099118892,241.39239107881377
0.6456189275,2330.0542428861786,26.992471721379193,3.47061497,177.3283528029,924.154300032,9.79163047120986,10.421760553425436,5.053192032703842,14.530945863487077,0.0,75.31295332149693,253.29583072637865,1178.385683282022
0.6139153042,2457.2377236647385,14.92528767174504,3.7971557158,315.0,963.5798772027,8.62305534892995,12.489583658135391,2.613428565589076,14.633477261213265,0.0,93.23213584150069,629.5701748561571,1086.4528201314324
0.5262694592,1573.6622516556292,12.69733472846104,4.9706583716,264.9023196001,596.0426726262,18.15385592964847,33.53576163160201,7.869682285142662,28.439231795126645,,97.80855097128804,557.9060154028457,1003.5707816443929
0.5335979348,2043.0689370485036,15.487684078220857,1.6000000238,139.0,806.5268157911,8.305589591565148,11.35279029551775,1.394090182610796,15.217951231867712,1.0,95.15775566264256,709.5774422025485,1204.3937518377984
0.5669133955,2497.3767784999122,9.442700991553288,2.5057259207,179.0,1142.7975200744,14.663384689911805,21.95085995868793,7.443737755482352,21.883615150026195,0.0,94.94801609613913,118.45907754482197,310.67864806341356
0.6259578431,546.0218867924528,20.96836270704022,2.4031668804,240.0,810.7975699272,17.99517330966311,30.235123874894533,8.966637782056665,27.02423229851708,1.0,96.23441497567757,869.6886546724227,1317.9405482080726
0.6094535714,2381.0920733053654,10.456185225547873,1.4088686269,58.0,901.5520026651,9.029250383377075,12.848999738693237,2.142750039696693,15.916500091552734,0.0,92.75865718477854,426.02099760974625,844.8160209396067
0.5803972727,2037.699540664685,28.97023867088793,3.0632194558,74.3902419732,1271.1769053421,19.204636254776887,29.72127137955422,11.443377583518535,26.96692301374913,0.0,95.936644179083,415.2849480934424,737.2862774801729
0.5315183333,299.6749354005168,9.848252691779026,2.0999999046,255.0,632.2400677832,21.011875785075787,34.76115809188977,10.998868436649953,31.025970881521925,1.0,94.81128679240604,435.6026299138302,689.3048636556805
0.4853680556,450.15948963317385,12.203038595684154,2.2999999523,220.0,834.4588904274,24.409190633459385,38.43016389915475,16.10822469968808,32.711079893776116,1.0,94.663786847135,196.894521698175,598.9816379107533
0.5240727273,1246.866382373845,26.621699274645348,3.817640301,158.0,1989.6069717921,16.622550139968677,24.915369805541076,9.625951300912853,23.62006671165087,1.0,96.2030626988527,578.4514996216515,1051.4107063758524
0.5735614881,1930.1737832874196,20.74452973260933,1.4778299114,242.8096591134,420.062138735,25.150579710914062,39.55935428923792,18.28590379194706,32.016450629209245,1.0,98.79227655469714,349.1893924955944,541.2038077250938
0.7897798149,1118.5603619808203,25.5227521890668,1.9999999482,240.2173913043,4261.8197408285,24.469142457713254,36.50019564835921,16.922489104063615,32.0168369749318,0.0,93.876197649767,251.23583207210908,565.2464436451423
0.7242245652,1597.9461258295491,25.452029691409173,2.2399999777,285.0,2162.2490005009,22.02780870290903,28.172923088073738,15.496249987528874,28.56049996155959,0.0,91.88377294546285,176.01492161533093,694.6992437002741
0.7841647173,1151.9187318505808,21.00637470891649,2.5166666508,184.8333333333,3274.1414900899,25.113313913345337,37.044562220573425,18.19812512397766,32.02943730354309,0.0,94.82327682583241,180.19359283276486,687.3698006646664
0.4860943807,2278.7280395037847,15.75381884288385,1.4799999952,146.0,1349.115334081,3.97516683737437,8.008999943733215,-2.999750003878338,10.950916846593222,0.0,88.05410955872829,108.88974958512257,1003.7484925057935
0.7042464664,484.5955149501661,17.779950480327674,7.066666762,310.0,1794.2193408272,20.646584192911785,30.74883349736532,14.26700003941854,27.027416547139484,,98.4959625052681,230.7903608613107,1270.873595833572
0.7539361092,1545.2873302869484,20.143153310587778,2.7249999642,89.0,2399.1345096238,20.673500895500183,26.52762484550476,13.90612518787384,27.441749811172485,0.0,94.09794834516444,120.24983077010829,986.5932352478596
0.8037739678,1175.4167533818938,24.30926994141604,2.5999999046,72.0,2401.5439961521,24.385084629058834,37.53749974568685,17.286250114440918,31.48491668701172,0.0,95.60961023091006,293.61282017487235,675.6700382778109
0.6169983082,2236.6922477440526,10.830969181659894,2.7112709139,77.078230714,1955.3576674901,19.591834386189777,25.62091668446859,12.8719166914622,26.312916596730552,0.0,93.88772279361423,306.06215433828294,636.2358034326683
0.703238758,2093.004969981313,19.885151432230575,2.020760548,70.5404537354,2404.9794916351,16.9432510137558,20.726374864578247,9.97000002861023,23.91712522506714,0.0,91.93634169491486,111.33048612235734,773.4004507717518
0.7396532812,599.0587454914804,25.765615241635345,2.5975365487,157.2738870494,2790.5555069909,25.24350142478943,45.41462421417236,15.128375053405762,35.35949945449829,0.0,94.96441252570393,249.91190102834338,605.1369269355022
0.7707020448,1434.6455161626695,27.050440668422684,2.0067562279,101.25529838,2026.939499664,23.96245751475706,34.21593748640253,17.806198909079658,30.119663780765848,0.0,95.47690567172356,362.3494065141084,771.6239289532513
0.6819382653,921.2531510839729,19.06128587789592,2.0957196032,135.5184007495,2419.8740515108,25.862208087556294,49.254850842722306,16.74264666863079,34.98235294295404,0.0,95.63526886674543,320.5450572434299,798.8617830866351
0.6622460714,2119.688361331858,13.10148938197915,3.3115957615,79.3971359767,2279.3977431836,21.281132320793475,31.96844195265337,13.897002734680399,28.66674625001999,0.0,96.0659870342198,207.15138163750606,922.9615962050391
0.6932960923,1510.1815262763566,26.217281821758323,2.6480627804,157.0,3452.8721529333,23.207090147325886,31.720904485357426,16.438165555704828,29.977413430478048,0.0,90.68011937134455,166.57054272186747,479.2127165580074
0.7655041446,1567.0022014309302,26.42157680728505,2.2999999523,224.0,2301.8799717202,22.653991867398837,33.719087543424294,15.83036432732106,29.47870494717568,0.0,94.52843439689968,96.83623819410269,307.1451618839214
0.7094614583,883.9890287562074,14.876190386622204,1.9982987691,118.0,2425.0177259708,24.816550457953763,49.20405841679417,14.67948043182885,34.95490157598707,0.0,95.596316081006,322.22089487712,804.4631711792242
0.6798233333,1174.2197627058617,25.921907344897996,3.0999999046,61.0,2634.8666741806,22.48957785980836,35.38589722125315,14.265270683413696,30.715000211931297,0.0,94.48131073461971,140.3904736011802,1000.4203219655135
0.5727045455,494.9629724865004,8.080962320707794,3.4046317739,284.9726534257,1234.4098857175,27.127484642275416,50.4797028888335,18.076212799474806,36.17970731134662,,97.09623703776364,431.0179419019146,825.0916853608392
0.6339535714,2348.4225230414745,19.584049061970777,2.6656227622,161.0,1852.1659459558,18.93576025481378,24.66334418549429,11.44976054653726,26.422552687193438,0.0,87.94842251648608,154.29199997969195,778.6755811107095
0.6925535413,2050.8520689655174,11.874262570707963,3.9426718036,111.0,2359.2800171035,17.885750770568848,21.33424949645996,11.407749891281128,24.365249633789062,0.0,88.80149985406075,80.94109070337961,978.1836252634731
0.7398875,1645.0388176638176,18.740546001583084,2.2000000477,221.0,2485.1773367285,22.24407840627183,28.670952277420227,15.988064669024507,28.50108944694399,0.0,90.530061221871,214.78594725824166,642.4160577788714
0.5138178571,1068.1051454138703,16.446135335109467,3.4066719881,169.1342228539,774.9110195024,22.24100119811652,41.80524997613033,11.015750357793882,33.46799940800133,1.0,95.03990432651767,194.7780399052475,503.21273081949823
0.7430625,2059.5977192292567,20.092095349442523,4.4000000954,102.2822784294,3118.5475774621,23.869922633588583,35.908632364309504,17.803532333522675,29.937310000550223,0.0,97.17270847402405,202.06261286691495,888.0845995535049
0.6566786458,1868.8820618556704,10.781491385944111,2.2000000477,162.0,2303.0879971164,19.35475063323975,21.56400036811829,13.042749881744385,25.667250156402588,0.0,76.68749424195663,52.17627331951422,706.1624685503292
0.8107694444,454.8606060606061,18.76596087079403,2.5,172.2942214563,2697.9324751994,23.354992197364346,42.718556056771675,12.545102101480325,34.16570486642898,1.0,95.88529110135815,262.3935853786356,543.5155583031737
0.6128462848,1871.9362972793629,18.348487389665134,3.0,163.6647732795,2264.8638982542,21.846577471048704,26.65241377545151,16.09900294354444,27.59504919966068,0.0,86.97994171537871,104.81485852181588,664.8316080482111
0.5926992953,431.15430822615366,19.446859359275393,4.7250000834,324.125,711.3172010727,21.41040096282959,29.993799924850464,13.036649990081788,29.78514995574951,1.0,94.37256069310695,328.2363834649905,652.2117677141729
0.7976115552,899.3005690972402,25.216284629910017,2.9900000095,195.7,1141.773728569,25.888410221446644,44.075045195492834,17.863295468417082,33.91445463353938,1.0,97.67370726192189,509.54676915229504,812.249654456039
0.7415334417,1303.0397686122735,21.510646597935,3.4899999857,99.4,1804.9051268685,15.373563379049301,21.900874972343445,9.234156213700771,21.514062523841854,0.0,98.56698939152662,70.79722775237829,797.2168254689187
0.5805956392,2444.230179262047,15.522532751840775,2.6999999285,155.0,814.5030038981,10.890800499916079,16.32009997367859,3.176449972949922,18.606150007247923,0.0,91.95294290402613,170.5162679615778,348.1572756746796
0.8010262681,720.0974224690034,24.93444834108322,3.0,205.0,1076.3155004987,27.479876279830933,46.95349979400634,19.927875041961666,35.03250002861023,1.0,97.84939429545068,524.558995411335,821.5014548622028
0.7022007577,1959.2323999546536,24.172908853902094,2.7261433187,303.3290570932,679.9280564792,12.193320838404238,11.752820184340528,6.818020325666898,17.569789899432052,0.0,74.33179504183332,183.24625138976853,928.0295543805473
0.8604502133,707.0556406085542,25.05778343677977,2.2409356702,195.5044481806,1450.530008222,24.85529053914384,46.84024132045678,14.95003828320584,34.76102671085148,,98.95169027465103,524.2499939182,964.3473373691236
0.5305170635,244.73339463818348,10.813382645400266,2.2921883687,228.6937928939,555.2426658995,22.407664463385064,36.322382493237136,12.368638371482536,32.44799007369619,,97.53563927442679,809.6552076449638,1235.926844429392
0.7233111031,1850.4024547164208,23.420453358679424,2.5,293.0492191595,618.4403790596,15.705538254486479,14.128811552039394,10.388560122983854,21.023415125638003,0.0,69.08587857773847,162.38377664496264,889.9139493399421
0.6826287113,2396.2864064230344,19.42060728529561,2.2000000477,227.0,767.9929969636,6.738348831127088,8.055333392463304,1.648094628657546,11.830062268314101,0.0,90.57404529944937,46.023656525578396,621.3401290387438
0.7205553125,1750.5936762623878,12.739744416559494,2.6192716015,218.5053170031,1691.5234083599,18.623974173720956,23.719254379407403,12.863332338739227,24.386006906706783,1.0,96.04709814078275,474.19893726308044,896.9782451500212
0.5938886905,1031.888868101029,17.77459576444385,3.433223764,288.0,838.0400045356,26.960001468658447,55.354000091552734,17.170000553131104,36.7502498626709,1.0,98.85473566356058,451.3609086054023,805.2328262371409
0.5845024168,2475.9547689282203,11.541849849249292,2.7999999523,204.0,936.9004871375,15.020593877987764,22.237934395187914,7.284317302013136,22.757618726469055,0.0,91.69447108676891,234.3184260680197,849.7122367070383
0.6790208333,1600.9800824175825,12.016631964635064,2.7999999523,231.0,570.4641200518,23.88874541137716,35.766022160046035,16.291208316619624,31.486955904821297,,95.39050550876219,159.78528287487367,601.6345359378745
0.5418996377,2010.9265322158199,33.13778390161276,2.5999999046,134.0,328.5338871276,18.185115718565203,25.84206775124672,11.272897655247831,25.0982788678389,1.0,97.51121088639724,364.7669234968232,583.2217294097626
0.6572068343,1246.4414672730868,23.99230835098479,2.6499999762,140.0,1311.5629275554,22.691830512618292,31.203748234301493,16.24200970843475,29.141731595514017,0.0,94.27075781153634,276.6256743692493,877.7854236966466
0.668548973,1992.4273294466605,15.020090962934374,4.5419022016,108.9934677645,1495.8221340655,10.953594289285443,17.597025653964703,2.746206465008649,19.1611288826858,1.0,95.19169303190247,45.93972389868168,644.4790229243036
0.598696748,447.1142896819886,16.091760160428105,2.3497768465,247.751234374,1055.2249518163,13.333452365290151,26.677608087354194,3.24838045329995,23.41863132189549,,99.51869492117089,179.6568692750174,1245.9408346411265
0.7393081288,1478.4963915496653,29.24772137223603,2.7000000477,141.696712856,1576.5607050641,19.54372497306695,22.94187461619865,13.301389824059063,25.78611636158675,0.0,92.69655291906321,171.30494880728475,825.8055370702306
0.6782641317,1687.1914689671698,12.70838343155861,1.8568861659,180.4311379997,1445.7975135868,3.738088859904687,3.446812290447008,-0.703661539689268,8.179956858199288,1.0,49.75016107709795,2.1469907871727965,7.652000256938319
0.4950492424,134.27221018418203,10.500068855650506,8.7973386851,341.5612417396,735.0832277115,23.259760104553912,33.50233127582286,15.233547567459478,31.2860701840912,,93.5206045157571,60.275779087045166,241.12608829086125
0.5673248074,1660.7336263736263,20.33617305823735,3.022441634,127.0,2124.5494053876,20.335091591393695,26.58595656120415,13.14267033423452,27.527564120764204,0.0,93.27842681684432,231.06884033216733,781.8612513939963
0.4361916667,2516.872168284789,12.628443595885972,1.7615630422,124.0,656.4290037584,18.234299659729004,27.895999908447266,9.553749799728394,26.914999961853027,0.0,96.90311439526957,321.57489697773764,670.8244848185113
0.6041191525,1257.1226880394574,22.625780230973714,3.5,83.0,1765.2880013636,21.93834924697876,33.876999855041504,14.321749925613403,29.55500030517578,0.0,93.83007952788583,148.2798876015638,747.7136926139958
0.4279070112,2293.078844447366,17.27852367059096,2.7999999523,18.25,407.3654998776,16.834749738375347,27.55425000190735,8.40220832824707,25.267375071843468,,94.63571184821045,125.86613463578522,804.3804492524421
0.728452154,1345.5063617265844,26.340127245061858,3.3666666349,110.3333333333,985.5254981149,23.645599126815796,40.26312494277954,16.05037498474121,31.240875244140625,,99.30718815837521,412.63148203204935,857.0267198617636
0.4362813092,2439.2489450595363,22.542588764260376,2.0535801918,124.5008055404,372.5322207447,19.369913503695493,27.09687247470786,12.920302225798142,25.819590354290156,0.0,93.28976187156081,431.11413652113174,748.886720644693
0.5289344465,2477.245122446906,11.469043952363975,2.2999999523,33.7355077291,693.0516660342,16.15493020779176,19.459348535735003,9.360789909881222,22.949157205294952,0.0,93.4692194555635,268.65833795296174,471.9108183073452
0.8629427873,207.764800861141,17.583834417892007,7.7871658621,312.5455254998,533.0781267384,23.606812167637017,33.245129999522014,15.915899194726565,31.297853496382537,0.0,92.38873447671486,237.05216142320018,929.6416891218528
0.5789753472,543.933501476378,18.43544284989654,5.5528238769,319.8185244274,579.3447099346,30.404310058147637,57.868888627402896,21.927447010611058,38.881267979001265,1.0,98.30398927618685,589.0855203436865,990.1125043769616
0.7336428066,308.14911366006254,19.5336389235878,6.6820696578,308.0,714.8962901192,22.75596354254135,33.641451562929774,17.019330845928497,28.49272562662774,0.0,91.44868775450232,214.7820273402587,864.740587121485
0.5705034623,2536.2593130553655,10.7904476991416,2.5999999046,29.195870432,720.2445343376,14.451870119708088,18.4215670886252,5.850115119754564,23.053635372166703,0.0,94.19736077115024,303.1976014516934,616.2547943495981
0.7168818364,1911.424331829226,16.83486069990752,3.4823587131,202.7729024894,784.4653380092,18.87011525681224,25.62120790683794,12.92213087917762,24.818170946213485,1.0,96.02617464350384,244.28523096657182,805.9785824234554
0.5375436508,2997.3799892847574,21.587289498625445,3.5941581403,238.0,530.096299365,18.923797440746615,22.823504106699307,13.311370471590513,24.536390702513245,0.0,93.642746465355,155.80163731381757,679.1923667028199
0.8283463542,1058.1687372519934,22.584205275251232,3.7104533943,181.0,1008.6973515538,24.823531266201503,35.495693651196426,18.559027458531013,31.088118654731502,0.0,97.00259923907652,472.26994649592115,778.5268158146865
0.51110625,2547.008779264214,22.371840213578086,1.2999999523,127.0,513.8201225686,20.422283554940904,29.592447864746696,13.030410753525006,27.814284921798837,0.0,94.30564831460644,384.5462209544882,703.5601177694518
0.5520193786,2677.087073367374,8.425538234927265,4.1999998093,212.2896862887,689.8411090938,17.807448630082785,22.816238202859125,12.429050973902314,23.185922345261936,,96.68614862871534,434.02119858812597,791.0479184103312
0.622925,646.2239225484072,19.50210772991776,1.4002232364,238.0,725.3984982554,25.728831370029663,43.163500160211925,18.39856652984619,33.059201052395906,,98.81714882565913,901.2699795586925,1485.0201901870005
0.7981847222,771.2406462585034,28.542434969954954,3.6647179339,71.9415381018,618.9079970941,24.662349224090576,46.929999351501465,14.268999814987183,35.05575084686279,1.0,97.23087529267465,255.55076014671732,879.6258385635149
0.7231543447,1685.2652620205295,23.238545887184294,1.2999999523,193.0,896.2288320282,19.550968725429232,34.79873311530769,9.233214830089747,29.868817761256985,,96.27413109051152,297.78301518705916,543.0611797644951
0.7618416667,1384.3781228899393,15.424902795195822,2.5999999046,360.0,1225.9202764397,28.210460431203533,44.55142744179797,21.702333457756126,34.71869938599958,0.0,96.18094498211686,391.11352455364914,718.2007813882119
0.7765505203,1196.7399842236246,24.089023360594098,2.4500000477,218.5833333333,1432.8972498271,25.75116536834023,42.866415067152545,17.724442807110876,33.778021812438965,0.0,93.92583251599595,126.71130979624002,749.0600349752692
0.5719669058,1520.907892552379,9.963204171598724,4.0999999046,102.0,221.5350469956,22.984574556350708,42.24591112136841,12.94832456111908,33.10462498664856,,95.80692715765434,168.57780478683713,831.3437491206663
0.4990765198,2373.9153826116576,18.221331023448197,2.2748067457,40.0,368.3680360359,18.331126916345955,25.33168501431429,10.956189292986423,25.706213979269545,0.0,95.56943080965058,530.0332835969356,843.4954070726981
0.72691875,776.6935345881203,26.993420243312418,2.8826616746,345.0,411.8136888566,21.90667783294309,33.110732658199986,12.776986251167013,30.250793747805808,1.0,97.01081737457164,420.2011008290973,619.1951713294472
0.5535107776,2502.7746505839555,7.750030923746748,2.5999999046,177.2984641973,623.9740778065,18.928581143883427,27.301529312727677,10.127469259937378,27.308557601306315,0.0,93.31523210173205,186.65496509033693,457.1599396890107
0.5712015152,1992.4407395179926,19.644174296870094,4.2757024633,247.8167477641,262.5273751171,21.56047594500363,41.29848848075749,11.090307306220353,32.27564142398447,,96.95099207712927,165.1358819465329,642.6764141624517
0.6308680556,376.3888888888889,18.568085753180164,1.5000369385,279.0,445.7863793102,20.970831910503026,34.853984995184526,11.891625912165194,30.050153966032557,,97.92535897423217,999.9981200035331,1315.714991210938
0.5325464286,1301.0009385265134,12.71787892821136,9.4128612688,76.0,435.5284046754,12.501899719238281,17.514849424362183,5.479250013828278,19.896999835968018,1.0,95.74656381539444,27.026665079781942,397.6063569642581
0.6291151515,1130.8354743083005,2.778819120006835,2.7999999523,24.0,546.5565669034,22.79081496359743,52.45215697256173,9.527376059435763,36.05440348299805,1.0,97.11248875532398,326.8457757119877,675.7065563888445
0.5656958333,1170.3652331920048,10.670793861746427,2.7000000477,314.0,360.2758244892,25.55136213243686,38.69930339465991,17.58301572598318,33.35699069213834,,96.18146048860906,393.0569033153671,592.1865709364189
0.4691045455,1303.7183275699463,25.32507684301258,3.9801682873,249.0084191346,181.4914963404,32.61959934234619,71.5788745880127,24.878674030303955,40.63249969482422,1.0,99.27857892335767,282.75343795560457,631.8399547990213
0.5614404555,1455.131515627043,19.89173545923142,4.3500000238,173.0,609.9577521825,23.093699137369793,44.23283259073894,14.345899581909178,31.84162425994873,,97.58287614285635,229.278151840669,951.9439772367007
0.8533306266,948.7676008831105,23.91873009055926,2.966666619,210.0,1326.6252692054,25.18192434310913,34.69789958000183,18.151936769485474,32.212074279785156,,91.94883929434923,128.96204922295476,446.94439891911964
0.5362274819,2399.754858620402,11.58190204605643,1.6999999881,169.5,804.6903682312,16.139198046848517,14.329448652265718,10.696255863315047,21.582285235276476,0.0,86.45640790993423,280.2464341449864,606.0066711358471
0.7734835979,789.447723271001,26.75254052585361,2.0472117199,227.5958894632,938.368970254,31.53612446784973,61.278724193573,23.02169942855835,40.05068683624267,,97.63224218906805,218.5393697518149,575.6322118908922
0.5245819568,2816.7861191585844,10.650548609892628,1.5051249681,333.0,604.5105124448,15.468724456797615,9.731204621333548,11.843533689780838,19.094054210617188,0.0,87.09292500379598,215.60081706275957,571.8378193011866
0.6852495098,526.2120748949178,19.124063919570595,3.2999999523,175.0,926.9770217658,28.347542066501845,61.29368731907945,18.537605715003043,38.15760965524606,1.0,97.33074333141886,177.396231992987,413.64177478702555
0.5493694444,208.25327715355806,16.134002870499863,4.1386466604,322.9443811484,536.2346841578,16.60343052006486,19.103257430661422,9.35977771029668,23.847233295119295,,92.53524766021097,174.322359229462,502.9161355149867
0.5794833333,336.2080872330759,16.118829569211066,4.0,280.0,325.6863186582,21.751138293100336,23.273730790592232,11.841703693749245,31.66074286936737,1.0,96.57563449868334,388.9722398469512,798.0744858051954
0.8025035407,1106.1617734061106,22.849477668854753,2.3699999809,338.0,2552.0094911399,25.63572729958428,41.31275706821018,18.376424656973946,32.89516592025757,0.0,96.21039710689418,359.6280239167105,798.5135019762295
0.805144389,782.843606279061,24.67630173761985,2.6750000119,329.25,1692.787016327,28.449586868286133,63.02558517456055,16.88617432117462,40.01307439804077,0.0,97.5816968272049,376.57912821237727,877.5652293608459
0.5947581656,2058.974085148797,15.707446309188116,4.0666666826,197.0,2113.5545818701,14.08259121576945,14.972958008448282,8.432633201281233,19.732658227284748,,87.10220990740734,41.94549048391003,697.4758488576869
0.772378345,730.4809216713691,23.603628595506564,2.9000000954,54.0,1744.9564783474,29.638745872361504,61.92900313041746,19.578354035035986,39.6993044463692,0.0,97.93915157379182,277.87695538702144,915.4327723279237
0.7727822561,1502.0366630352803,27.174156218985694,2.4886261354,1.0,1856.6077661646,23.826620460227907,42.00782605180795,16.235816488864725,31.417587599842708,,95.98821850486667,337.72060036352894,744.307211043061
0.7601753196,1498.9728190204942,17.716031201846697,3.6248259767,178.9217169961,2583.7155053415,26.59636233542288,45.09108348930624,18.71939390209961,34.47347158000131,,96.97808767822337,360.9544609714187,786.3385831978036
0.8313147739,1207.7433639947437,24.95252712046074,2.1124935832,332.3941196609,2503.0178550314,24.664572383460914,40.01217845188494,17.496962338352365,31.832372836763334,,96.3867373057561,325.6568937635174,749.6243934532029
0.714891514,2085.3168881939014,20.869900179582707,2.3404063046,137.8169323229,1823.3170698689,17.38677146654367,18.115525533980954,11.762059548430239,23.011621685662156,0.0,85.5581491048244,97.7630781012009,765.5235212980948
0.7342887888,1326.102234735175,17.975057697809543,2.0682606086,327.6412481587,2921.3272326498,24.683229994681973,35.58979419523943,18.27728252078618,31.08932531180878,0.0,94.89440152675832,300.95650314144484,719.9515142627362
0.7057270307,1077.9878303514668,29.36736535768333,2.8278139334,343.0,550.6396931634,26.91356033864186,50.35330426076317,18.37484399366984,35.45239798439009,0.0,98.14821927085832,418.15652280348667,937.2906570242637
0.7682766794,961.6974473710973,30.608110626637604,3.5,190.0,1766.4836235368,24.032630016065013,33.689556014314576,16.698315750988012,31.367067828310088,0.0,87.92008660780601,148.51031532421524,889.4983998368274
0.8289330247,409.0516755402443,25.201308707579752,3.2703725422,195.2323271295,1512.0512112128,28.565363119320512,63.258790228976515,16.89228166009119,40.23857727540122,0.0,98.31084525472343,502.4361587614409,916.702832105245
0.6038427438,2013.8463026335369,14.678081963623127,3.0999999046,67.0,1995.6275377728,13.615178996003976,8.792000258561282,8.62697177134987,18.603490166730555,,81.3184530468259,26.461041834102904,235.95184600575655
0.6248130208,481.17544426494345,16.92942095182246,2.1877335691,354.0373662342,2320.0927762747,26.12552094807095,53.4708219248133,16.332230507732262,35.91896057173699,,96.03542043782419,376.54182887139893,781.0578055646491
0.8385401224,1169.5810540360242,21.627132900362415,4.2350468432,3.0,2772.2197649416,26.40834775050313,44.58979570604119,18.374120718157545,34.44272450805289,0.0,96.76185960759727,352.78189040050825,781.0105939757213
0.5203784615,2339.2393216080404,13.943540198506922,2.9000000954,15.0,2035.4542113762,12.13709211729853,11.96903616292283,6.589826292293968,17.68449909067973,0.0,91.22649313979443,96.51267554692684,333.10352643765884
0.5334626667,2521.0813880126184,10.569269503522998,2.9547030083,205.0,2322.529132933,13.413433995651213,12.637879432344608,8.190525756939978,18.63647815137856,,83.38207138581637,23.11124733151723,538.9704564915805
0.8596977273,451.3505473584008,19.180125736015743,3.4000000954,348.0,2122.5679121888,24.24445303205153,30.898485442915067,17.70698341611024,30.782065395581274,0.0,94.23808643283576,323.84985696584,770.9060630230653
0.7551669779,1151.3688235294117,24.302788244661166,2.2999999523,326.0,2787.8676809237,24.278669946488154,39.33323567420679,17.00196573139651,31.55552065237695,,94.87677164981058,294.3834372070001,712.6488926515199
0.5027230948,832.8861528621682,8.753426372547445,2.0896279542,340.0,2340.4791190342,26.535102855591862,59.50519373527296,15.968489153831426,37.101908852229215,,97.11734108260255,409.56050144013125,805.4802145539509
0.61286875,1676.0456909361071,21.343222147376895,2.0,355.0,1793.632018127,21.932779305977498,28.499529797244257,15.293226617634671,28.572435915060815,0.0,94.41440543557337,342.80872366895017,768.5526703963623
0.7075415134,1167.9021435228335,21.41243457505332,2.2000000477,326.8893741974,2802.7523351562,23.972904208746446,36.39976415570395,17.021897385010316,30.924037785678514,,95.93443744157673,332.224282599095,753.548225496517
0.8256550388,1146.0324816822379,25.78407435309227,2.2999999523,270.5,2017.975027329,24.37540340423584,38.490165710449226,16.24092435836792,32.50988245010376,0.0,96.86955376573664,241.3039628171628,711.9311246845618
0.8423405137,1194.5709382986493,22.989434821808494,2.6876021926,201.9296287102,2341.6142921521,27.75525593757629,41.99213695526123,21.734949588775635,33.775562047958374,0.0,93.53861822597543,178.33719543358026,475.0224765466073
0.6593619743,1724.59536360369,12.553791716339575,2.2597188715,201.2203617862,595.9994018936,22.50863455354237,41.681497990812,11.83789453945863,33.17937473110368,0.0,95.92568352736093,145.8908591012635,656.9578477495095
0.7332058333,184.9605473868103,16.411964016756233,10.4600042408,314.5999694391,1265.4088649846,19.43301959057872,29.255998485458445,9.384947277191856,29.481092057774852,1.0,94.54897032304261,226.4401463284193,394.97436116562545
0.69026125,1766.7270135424092,12.334802270402928,2.0581264097,195.1405665616,1041.0860718149,21.17729902267456,27.6033992767334,13.923624753952026,28.430974006652832,0.0,94.51770898129044,224.96772783451559,353.393788637448
0.5758238095,2337.8043022035677,11.415953888363378,2.7000000477,285.083803562,1240.9460268801,17.99335016890758,24.878166773213614,12.087907979517292,23.89879234715128,1.0,99.5780792771339,106.40717161117884,918.4891765263229
0.633735,2201.1556818181816,16.58257070183754,2.5,161.0,1147.4758756801,19.89143930907515,21.162009144890856,14.91458025803608,24.868297103021092,0.0,91.70554571346243,148.90722111041853,660.5611043247179
0.635145,2594.888140161725,22.637643883652444,1.8905647736,242.8314836036,854.5900777238,20.337061882019043,27.343873500823975,14.184449434280396,26.48967456817627,,96.91476146166717,320.0385207550786,514.7748021164414
0.3896225694,1153.89019377569,14.829523399680486,2.6524514655,263.407375249,543.0927389389,26.12101598840813,49.78056887215367,16.438142880621747,35.80388881482695,,98.29670111353916,583.9330572553824,801.087629041963
