ndviM,elevation,slope,vs,vd,ppt,tmean,vpdmax,tmin,tmax,ignition,FFMC,DMC,DC
,1875.2560833313075,11.644300683650401,,,,,,,,,,,
,799.5716700314568,22.892676562915984,2.8106663903,322.0,353.5611315378,26.069665208182435,33.12729579717603,18.572762412037697,33.5672455310108,1.0,95.69812526460589,337.5381898050057,656.7165442217687
,671.6595949142519,14.040122582259384,1.7000000477,47.0,308.7715945646,20.467628311715018,28.40199012769425,12.571371666577184,28.364464271636557,,96.36069929870621,163.48629723270156,1307.6724527436324
,655.4229429907472,14.8968887210764,3.4160688126,295.5795837387,259.0075437249,25.78507935735462,35.191187697126864,17.999384230861686,33.571271980552815,,96.69632859560976,294.23460631406545,729.1713480863268
,1741.5550804545967,12.196461757595335,2.6080996397,250.0,188.5584184994,20.507141012884944,36.52746330741731,10.249656722753322,30.76544861568887,0.0,96.40188706333329,92.59764781137916,791.6151553423581
,1587.8502610346463,2.614943812243679,2.9253349554,280.3079598484,234.5344367537,21.454202466341854,36.14519839989845,11.917959669820178,30.991664845548893,0.0,95.92657974599221,202.20471331362103,576.0417736583436
,256.4869971556278,13.278574392223735,3.3389954716,325.0,208.0640008738,25.4775013923645,41.1924991607666,16.897500038146973,34.05900001525879,,96.968102135622,270.28825626119493,772.869479771131
,2090.4047088768693,29.174355063588614,2.0999999046,243.0,540.4069237245,18.570196158332482,23.92531186181441,11.435633658767957,25.70555968513086,0.0,93.85288678124054,310.21296808985926,648.3684282174343
,2456.5124653739613,9.776449396449554,1.7999999523,21.0,282.8170653641,17.513835945869435,28.84291157746583,8.407941795814144,26.620733894439542,0.0,91.70972211858272,84.35022026213638,504.8481592124646
,97.01130653266331,2.24794978223479,,,,,,,,,,,
,1638.3108976527092,24.675111815243653,1.7666666508,299.0,169.2349998176,22.338125944137573,30.404124975204468,16.225625038146973,28.451375007629395,0.0,94.2466848815924,272.1664432715301,1016.860812477124
,1156.9605263157894,13.600151858868074,3.3500000238,203.0,268.0695991593,25.645670625228654,56.506699516413775,13.910141498000662,37.38181667498047,1.0,97.83392053976353,136.73429559454226,524.7222705931101
,438.65174765558396,17.654635184068304,1.8945101452,150.0,270.3378884819,22.860995659866152,36.750044546904576,15.068807336354572,30.65434287865745,1.0,93.51432265455402,172.34650650051896,1207.7228047632595
,495.0563088512241,20.991410474453943,,,,,,,,,,,
,550.9702683103699,17.65323752638854,,,,,,,,,,,
,1254.206154987023,23.689144086641075,,,,,,,,1.0,,,
,1332.6788990825687,16.129199644499415,1.8999999762,152.0,442.0624157083,21.90449180565213,31.639598821820297,13.852458902517508,29.95727999897446,0.0,89.55093154692032,145.79437630012737,705.3490679755982
,1007.9980256663376,11.936902859971767,2.9000000954,214.0,238.0961535021,28.687298983742892,48.73056336799516,22.092040029501074,35.283684317361065,,94.86609269966151,202.06217014846442,1073.4431615913988
,577.3963873557451,22.9747672296324,3.7999999523,305.0,155.0901770102,27.18285540200927,44.88820130946837,19.506211226035308,34.86069965125628,1.0,97.00700034627451,320.74025531070566,909.9743543726935
,199.89770240700219,18.762972121589556,5.2997352355,292.0943252829,79.8840007149,15.885000705718994,8.512749910354614,11.827500104904175,19.943000316619873,1.0,89.48201566498089,133.09576112248305,891.4357962259154
,1794.4230396827834,19.319210727701133,2.0600000143,302.0,438.7417998146,20.91705083847046,32.68339986801148,12.419450044631958,29.41565017700195,0.0,95.72143396934699,373.297311004109,705.5144078454786
,2158.561915556815,16.798316409325054,2.5854298739,220.0,886.4175019587,18.509203676554414,24.565305112655544,11.6023009664092,25.417346167838637,0.0,93.17780575371353,353.35961188335966,820.3324851221416
,618.6925722145805,18.267094507061906,1.9257898448,339.0,428.4962862998,27.307003871659717,44.868768205767864,18.296536016101214,36.31828991369307,,97.65649456914666,641.6696110989355,1381.9817559543192
,111.00814168205471,6.811783633987356,,,,,,,,,,,
,1823.5593134267724,15.694884140157201,2.2999999523,213.0,799.2790885991,21.983620665059007,30.391277870437477,14.85666768591802,29.111321666640436,0.0,92.85806553675158,260.40299542489845,823.9516004809705
,600.3553888130969,13.115507807028653,,,,,,,,,,,
,1479.8911305671868,5.939798229948668,1.655604024,247.0,327.2829995416,20.484251022338867,34.64300060272217,10.412499904632568,30.557000160217285,0.0,95.24887586572825,158.9439349877647,726.1361342216359
,1531.514915693904,2.536224417958588,2.3254587384,263.0,341.8019092574,20.73691146235204,32.28562447674611,11.306154002268904,30.168973427721102,0.0,94.48947156339405,149.13824555438953,883.0192291495739
,558.7138800917331,16.76752044407772,2.2250549498,232.5728748267,450.8377552674,18.731561387158692,24.922766500508892,10.313612329385428,27.15077071616617,1.0,92.89534630724724,252.66994047006176,497.98961322960497
,2358.301439030548,17.478059197234845,2.9500000477,131.0,469.0645019411,17.578126072883606,30.828624963760376,6.828125,28.32962465286255,0.0,92.28350929759213,131.29143865552973,692.307093571324
,1272.976266110002,13.16481728324615,2.042916046,277.9195935839,755.7080125857,16.588669474039328,22.744999967202993,8.535139346060287,24.64337336530243,1.0,94.5679451262991,305.71781689615364,876.4550245364544
,140.17678131940693,10.602174189017523,,,,,,,,,,,
,107.46652222532849,2.854108306609755,,,,,,,,,,,
,177.99034903127495,4.809918551261708,,,,,,,,,,,
,1410.7989084802684,6.420322860635166,2.4660150068,62.2150809724,189.9833815276,19.824714611588007,28.6636598645282,11.57704517243484,28.07313219548383,0.0,95.33688000029557,74.94869067459668,967.743568475106
,145.85773933790637,2.981737026879761,3.107030161,255.0,513.6653489627,24.506649818496722,40.84869786185637,14.81346040176258,34.20074401434805,1.0,93.46143676820391,241.98886437294368,576.4715012401712
,150.85250162443145,10.499632431633524,3.2999999523,281.0,261.1756692433,23.010605758016148,25.822588505937148,14.917542181502172,31.104600753274312,1.0,94.27679942058685,431.6234821335764,875.833219735155
,1773.9198293285426,6.45841431866703,2.5,123.0,237.0709201356,20.701800960451145,39.18348036848171,9.98936390197137,31.415484950767382,0.0,95.44773362342686,176.97674261002314,873.4822072063951
,1533.76175,2.605644364736974,2.2999999523,228.0,223.9091370529,23.086049603194013,43.6968232307106,12.261370019553999,33.911811129603514,0.0,97.25476041385758,256.40682509841395,1015.7634714463175
,86.81893554426317,2.529020220368072,,,,,,,,,,,
,271.9509331727875,9.114425896754973,4.3000001907,298.0,234.3711627498,23.057205724671704,32.54251548263413,14.959969668739312,31.155791400448813,1.0,96.09613887665574,345.1605206032749,761.6381692028904
,228.66833385432952,10.64615935492456,3.7999999523,284.0,249.7795149939,23.614302688141855,39.220145273656485,13.495730661243654,33.73372134288758,1.0,94.9227646982354,284.8186892980079,1143.1459576421432
,143.37363344051448,10.77745192743766,,,,,,,,,,,
,771.594254032258,7.617621957805128,2.7110948396,312.0,245.6203077632,23.409689654264405,48.0880079100977,11.590388744430424,35.23020167816017,,97.1257520947573,146.38009846789967,862.9675631884248
,82.68261964735517,5.663581652019728,4.5,308.0,372.193307632,20.53364060601441,28.38997418890215,11.792479905654883,29.275366853062536,1.0,94.23621555941403,212.81198969648977,401.0599821979712
,368.93803526448363,13.097221773247274,3.9000000954,318.0,468.0749931589,30.298739662356407,59.28769229570716,21.42251896923139,39.17633208763867,1.0,97.52225058826438,317.1302106705632,1086.4704568349166
,88.29601406799532,4.172092837490063,,,,,,,,,,,
,129.61471571906355,4.666489306261708,3.7000000477,319.0,372.174242057,26.20259482717459,46.11017829864787,16.4807483874794,35.92563222602084,1.0,96.19285850464283,283.0543828310765,995.6832089612428
,1557.7081850533807,7.11834675247559,,,,,,,,0.0,,,
,1330.9831960695892,25.83762451387772,4.774060847,268.0331327463,497.5034973696,24.964251041412354,38.411625385284424,17.9278746843338,32.001999616622925,1.0,96.3154386188712,659.7993450394137,1029.3158027404497
,676.8685067048561,19.72850129715618,2.4727859339,291.0,725.4774582884,26.03834719887771,38.27855392670834,18.027073967654495,34.051064267563575,,96.27918837229319,146.36066329097235,796.5156640472665
,172.36484490398817,17.813148744605414,2.3935401449,286.580103317,543.3229081611,20.797347480521847,18.0124292189285,14.927604339212772,26.6679502033133,,90.3008955428605,328.26950407091846,781.1021032247037
,897.996858489219,21.03133670965059,3.8537475165,302.0,294.0463204232,17.016753566332298,20.88530205321674,9.82165739938586,24.212811854411992,1.0,94.70699094637673,254.90858533253612,474.61737576368506
,1118.9503525264395,17.300690581700323,,,,,,,,,,,
,772.7363996827914,12.269536363175707,2.2999999523,225.0,412.5341126467,20.697122662220423,26.011058071244722,13.428746110610758,27.96645597555462,1.0,93.50237317071978,91.26707761909064,416.0421405661206
,307.03761602344895,7.375096904393848,2.0,309.0,287.0503490935,20.81391726695661,30.416298667353026,12.229628171217469,29.399104146292682,0.0,96.00348239077846,176.16226060101366,482.76962211169285
,1045.0680779000847,21.089674449441393,,,,,,,,,,,
,1205.608457892818,4.684816002639332,2.5938945402,271.944157066,474.8751396672,24.221163962078506,40.60895266186486,15.510089009202037,32.93336183128077,1.0,97.56331840999724,228.4864196725001,742.2676901570749
,413.5570375570376,16.52746529362,3.0088754229,277.9556228963,463.5943336126,17.55354429464821,19.06251866292604,11.184400172050964,23.92381373381025,1.0,91.97959918590922,190.23293785768237,491.7179475287945
,478.113506916192,21.72884882340303,,,,,,,,1.0,,,
,979.3304093567251,11.92483062539234,2.7999999523,267.0,458.4135293482,20.29150495510629,28.589198184797954,11.165441295348646,29.418870317270887,1.0,94.4886177545319,325.7593479583805,776.0486803374873
,233.00463352990732,15.879144116859528,,,,,,,,,,,
,264.65889628924833,18.51597403575419,4.6999998093,52.0,622.0091479874,17.76750580873783,24.91010373154632,10.05822372604152,25.477720442828012,,93.34304228661213,20.254473448655965,111.49791741680106
,812.2095777548918,11.867438441033098,2.7758290035,240.0,469.630791033,22.955919921654942,35.079525376261756,14.48149370986416,31.431593957648786,1.0,96.50510256798475,200.2225621747793,1092.9717190552751
,1037.9870218579235,19.092446001297464,3.2181869376,227.363740096,497.7182858949,16.447192702476066,24.367885386460244,7.691768795417192,25.20377067206481,1.0,93.29402553797036,218.12892422618162,497.72974256571166
,2395.79939050936,25.214676089327284,1.7381687382,331.0,1175.2493448805,12.979547847758457,16.629928966979193,5.272812451820324,20.686754503998547,0.0,90.97223847399209,54.415761338681335,195.6363232360866
,236.884695072516,5.56883348912637,3.1318357875,248.2041031169,286.7039461227,18.724546348615473,26.52003210214824,10.913239151368195,26.53684601529472,1.0,94.19936679627632,174.223105868823,460.0760791962349
,482.0623625307284,17.80209249049822,5.1852847975,331.0,503.1780436654,17.02136252855982,26.602045649190426,6.900766759861214,27.142791054184453,,90.73080696699147,164.42844851073937,410.91861172765675
,715.6742045753354,22.294123100946052,2.2999999523,293.8499571774,738.8830672328,22.207288842954384,33.966756185469166,13.552054867365566,30.86365313078412,1.0,95.91038958493647,499.2771213400736,902.7306722389546
,2586.6147144240076,19.43677357061327,2.297885851,205.0,703.879865567,16.893062722503416,27.771769335689314,7.261194177562392,26.5260710308868,0.0,94.9146300106626,288.79915100598487,700.6416992456523
,185.99932569116655,8.538397182585499,4.9000000954,320.0,497.7960120729,24.9913599944844,49.308739532065786,14.472936282569094,35.5103649841428,,97.27897687189294,148.0917332742735,523.6027938778446
,321.5810492034152,7.549698464399954,4.0,332.0,324.4869986089,26.285901260375976,43.45009994506836,16.524949979782104,36.04784984588623,0.0,97.37182087475156,252.90650277228633,747.1362445666418
,229.0552997648903,3.330828684951444,3.25,247.0,208.0487435398,19.008460470259017,28.79131706358923,10.103506610242645,27.914392960506092,1.0,95.02569676722061,189.09733949234402,554.1073992570331
,364.4984326018809,3.722082570028369,4.3300361119,18.0,241.2919016103,24.750309771434306,42.121976239006514,15.717162779574828,33.784004538945084,,97.35525254947862,195.73850737288407,827.7479467166738
,354.6039724980902,14.827121479578196,6.6953397993,139.2709591489,299.9565003803,18.149642516140855,25.55056138077796,9.738064124462571,26.56222222847654,1.0,95.22040231970665,188.63696325923394,500.8834164258582
,540.9976257284696,13.092642921667338,2.6967058336,257.1529732762,891.953592766,17.83761646408162,27.500269944566515,8.347888828330166,27.328328162997074,1.0,94.19258699757265,179.07085579385,267.47958229974336
,895.4622630401507,13.500118972513205,4.2101434548,258.0,539.5595573524,25.426318533403755,48.9079779637506,15.441691533963345,35.411728831544295,,97.86759800553466,202.23139506607262,638.4768954438082
,276.46115485564303,7.394189473904494,1.9627492382,33.95773475,273.8744207888,20.99870523116133,31.899856987342503,12.141444590023719,29.857294319741246,1.0,94.71772111524709,730.4411226862484,1527.3490517687774
,156.46806979672604,13.413029244122349,9.9057639517,328.0,515.3855016522,14.928145689503614,12.058460618152136,8.988406701341042,20.86880942311658,1.0,90.5411417859174,121.44944097045227,446.0345828341407
,874.8240498692942,21.055516340807845,3.152300917,276.0,500.8666852565,24.188165381987343,40.22824248927216,15.381805589173187,32.995150327257036,1.0,97.63770846899605,166.05215669100392,637.0433128281331
,286.08058375634516,10.5140785561739,4.9573490578,154.0,272.872047308,18.89084290831225,27.677777289989105,10.066340796271044,27.71624377200918,1.0,94.13091070146788,182.72901656819812,511.00315242613067
,228.71828002541832,9.828864242642442,,,,,,,,,,,
,186.94573848597142,5.377343328266374,3.5999999046,345.915891256,256.2671039368,18.914702762626007,26.843962414208146,11.442840684835154,26.38760630566783,1.0,91.45960649577634,179.61904872163555,734.6104261513185
,324.93528927885933,17.704429470793265,2.2000000477,310.0,656.5662465365,19.87126125191899,20.24083960527953,12.500555890874416,27.242934403028727,,93.05103041230913,98.83672962323851,508.89031224545215
,292.77837837837836,8.089374704578438,1.7578662242,311.1971289082,301.4159995931,26.279001235961918,30.73799991607666,19.861999988555908,32.69724941253662,1.0,95.62781688200783,421.77203710995707,1074.5924781804024
,337.04502369668245,15.892813591555154,2.5999999046,311.0,317.6169992383,26.097501754760746,34.081000328063965,18.750500202178955,33.44550037384033,1.0,95.33348259690177,420.7906933174999,1104.6983453196021
,543.7920321637426,34.267306796204274,2.8149657609,313.0,356.8450008109,19.15850067138672,30.39449977874756,10.012750029563904,28.305999279022217,1.0,96.27216879173363,184.32790718524382,336.8969668172245
,348.26808510638296,3.215284648128358,3.2999999523,298.0,242.6181436985,27.088854407914162,51.331223288527426,16.95883257365205,37.219623325673616,1.0,98.91493438975583,225.06476027188012,887.5597451933546
,729.1446068747532,23.308107333237924,2.7000000477,314.0,402.9421431872,17.924375858835973,27.382788354993057,9.409298072410028,26.440101431265365,1.0,96.13815047324059,167.93070564852331,208.16469630007134
,449.5985678180287,7.788889514779784,2.9026619182,265.0,526.3771741936,16.013409002217546,27.132882368358832,5.267595170437924,26.760002880496994,,94.80616826428636,181.05737504258312,240.6875707092287
,645.1030465949821,13.179536095429812,,,,,,,,,,,
,1066.5340807174887,8.510393169749477,,,,,,,,,,,
,988.0722891566265,16.161042692287857,1.5,289.0,423.938182878,22.886581633871344,37.01012033267674,15.13710694579077,30.63715611769335,,98.38011399553551,599.8134674788353,1182.1483818524569
,629.1107561235356,3.566972381152665,2.2651428985,239.0,231.3978736823,23.234417372335734,30.282556659817725,15.297456415399907,31.172625020021677,,94.74494412843833,668.1809646589396,1073.932034589453
,653.9168502202643,30.716956680829306,2.800008986,313.0,356.8450008109,19.15850067138672,30.39449977874756,10.012750029563904,28.305999279022217,1.0,96.27700522212817,181.66496558542428,315.4375499084573
,736.2941176470588,1.993622385784793,5.4506220168,343.0,507.4869949738,24.88525104522705,47.54099941253662,15.420500040054321,34.35074996948242,,97.54396696251024,116.47115624496878,486.2141529768094
,474.9890560875513,13.970114312281199,2.9000000954,310.0,350.0955643972,27.52090099958238,52.4161732645255,18.263447530891774,36.7790917383181,1.0,98.84855273837654,192.10507742979303,724.3206711340549
,813.4575605848188,15.65630329810926,2.15,22.6,832.5411657367,24.11539693673452,41.338749726613365,15.845229109128317,32.38645855585734,0.0,97.00722873990236,135.56330277665177,1040.711249371396
,1070.784579710145,18.531775507175404,3.1044171731,282.9977474867,588.8185949234,19.343325756260093,30.937057997006715,9.998570942560866,28.688834298527414,1.0,93.8942502274343,371.6639882827006,902.7558542251717
,241.44947391494958,10.88198793658571,3.7999999523,292.0,259.2240730822,22.35174504186358,36.734932464480664,12.867254321464557,31.837260354051985,1.0,96.55635234925268,497.21148097940977,1165.5799403834492
,413.79964737938775,12.855720116214544,2.9924781745,334.0,268.56781284,20.697127298922357,45.26457085345342,7.411743850361986,33.98307916591459,,97.69320674251315,285.3890630200732,731.8205254026841
,503.18371607515655,18.22788193040555,3.4000000954,323.0,209.9963234053,24.577189028974225,44.18740258284624,14.43867051930625,34.71688603914031,1.0,96.56075377513194,195.37151392520963,847.5751768552186
,632.6820311036163,15.118376573859383,3.4421489616,294.0,375.7295004238,22.480736623160745,38.501092182002004,12.546467899878415,32.416501923814096,,95.34890403347961,488.27793882743674,961.4941543026912
,983.0974025974026,30.717998815999994,2.2000000477,325.0,584.2791196897,16.02220539555725,21.83480437639549,8.42341817400786,23.622372551405963,0.0,95.32576302963241,132.3782562085678,321.98398684467264
,711.4921052631579,15.846788221895695,,,,,,,,,,,
,672.3663228324505,26.85007632189153,1.7179512403,286.0,445.3825480423,24.50115248956959,42.84476404825735,15.225656262347202,33.77770552434855,1.0,97.23863919661187,662.2807307082722,1112.087426761568
,127.60472972972973,3.009132285602391,4.5999999046,313.0,248.0530002634,25.93850088119507,48.39575004577637,15.187750101089478,36.69000053405762,1.0,96.84387425674419,511.3592985640327,1112.2090097232601
,829.4003481288077,15.164697104548935,3.4000000954,336.4094114195,283.2100009802,22.00075125694275,43.071250438690186,11.415249943733215,32.58749961853027,1.0,96.99100587016017,300.48308877897864,906.8598888310836
,659.2474226804123,10.233706328623073,4.4098361077,321.0,415.7103630421,29.988778292722643,49.85340426086714,22.88933942809989,37.08955011096564,,98.08414330235061,586.7202886491111,961.390140966305
,687.3970176506391,17.32400641140873,2.5499999523,222.0,483.3617168613,25.279921952378736,50.78301993081621,14.312480664403678,36.248058289050675,1.0,96.94187541901618,300.0742486408039,487.0916407075351
,802.611897402527,8.376340483715422,3.7529732872,270.5988543746,190.5744004985,25.51871808127317,40.61470049825449,16.364180228801438,34.67441773727428,1.0,98.10246157990674,252.2114384955118,1253.452569450198
,203.52086280056577,11.94562689415524,2.3014988085,198.0012345088,288.1349588003,18.966531289085506,21.19447475679103,12.146491595275046,25.78778997710428,1.0,93.18502024133923,509.04430754955024,1415.8047950927046
,786.2334680382072,23.291074336746615,2.9000000954,316.8031165399,278.836332679,25.517887470030963,47.0484926855101,16.795052795977714,34.24172354040817,0.0,97.78287714631782,287.2761012976482,651.8207114946393
,790.9467658843732,24.39225120567236,5.6999998093,232.0,285.1545864621,27.42730869976575,41.37353401961169,19.539005238191766,35.31696139895593,1.0,96.23046477794622,192.5806517442114,1296.3730799905004
,1378.1947854876535,10.284070284017318,2.9000000954,234.0,360.559921095,25.312669388559286,33.72125202697331,18.410821395767716,32.21566515798027,0.0,94.70404406584782,159.39811582291972,1094.0941061027943
,1485.7622815694033,7.529052104733386,3.0981500982,261.0,290.796936962,22.365390487061482,32.35208286934299,13.862272845047409,30.868862664568724,0.0,95.46696579529063,130.92077477994678,1052.038467929847
,993.8351532229658,22.59570909604593,2.6921380273,144.0,330.7362697266,18.965000104201103,23.45184719338763,12.073265361639603,25.857982573418678,1.0,91.3017968990008,89.9624396654103,1160.1533214106219
,206.87358866504317,7.07404569701228,2.4420746121,293.0,175.6249085991,25.89445224449596,39.48549598486901,18.06217548187309,33.727477154893606,1.0,92.9834154134714,539.2760883855634,1845.9788343888115
,777.8427382053653,6.000389900599554,4.1153026507,294.0,233.9520279067,26.707145860775405,53.197749229071285,16.200050346796395,37.21500074320888,,98.77625530285316,336.06654057313347,904.4595705455258
,781.0375708884688,16.53004559074548,,,,,,,,,,,
,410.78810810810813,14.160874858997964,3.5,271.4848312239,288.6076048138,11.231278134883315,13.789424969587461,6.5047955999675,15.958517873124134,,92.85831227678948,57.828993668960806,992.4385182153148
,947.1398030942335,4.318813774052552,3.7756907136,241.0,223.4240157836,24.904265156725884,34.24271210188101,18.761447504420126,31.048283461010755,,97.96748693188624,528.8134053835503,1211.5458406615157
,1066.981003685852,21.713786409467012,2.4048611872,217.0270041159,476.6348200428,16.634907455759713,26.80096101946407,7.670681639323724,25.60040728771852,1.0,96.88143320970579,158.76371721730027,1025.936067914955
,1448.2217353198948,12.137904460949748,2.9838805024,234.0,352.9379984679,25.322501182556152,34.52500009536743,18.392250061035156,32.25325059890747,1.0,94.34499342777627,143.76152662044154,913.5560108998678
,1045.3817427385893,29.046568087981733,3.9747242957,212.5787381953,462.1654793225,28.7023127480513,43.79020802076071,20.98757140181577,36.418532767411286,1.0,96.38535512914608,561.5431308847853,866.0421504374208
,207.3046800382044,4.297246422102709,7.6991477955,265.0,190.2535403878,21.08468041512883,30.541177146787128,12.393322853962523,29.777037946807532,1.0,94.09686530618424,78.46746550352277,712.1971224792082
,244.95499181669393,2.410270445475602,2.7000000477,322.0,128.6830384908,26.19312581623982,46.30677170056849,16.979246544612987,35.40800940396456,,97.33970540364538,566.1783644050621,1390.4617346838468
,1056.661188369153,15.60039248842757,3.6721862463,233.0,280.4859998934,26.62550163269043,56.67525005340576,15.507749795913696,37.74424934387207,,98.02471603905752,352.27057177623345,951.990432740087
,952.7393238434164,10.91716846510821,2.9000000954,319.0,260.0110002607,26.18675136566162,47.90225028991699,17.917500495910645,34.45725059509277,0.0,97.89663423808689,293.2748551548876,650.2534906362034
,956.7853705486044,8.570060954128929,2.9000000954,253.0,447.9411406561,21.553678889188685,43.2467050570871,8.861386298546561,34.24721840174689,1.0,96.52560556265188,134.55061895115517,1004.9349284571394
,761.7223691168693,2.043526733302994,1.8999999762,254.0,161.4309999457,12.041500568389893,11.012749910354614,7.731249928474426,16.352750062942505,,89.64633747005753,129.9217821436592,821.4661035120654
,839.8970509383378,1.987072424882219,3.0999999046,247.0,206.73700039,21.478500843048096,34.82800006866455,12.892750024795532,30.065750122070312,,96.62004487417276,165.2533077814806,814.7903516878638
,862.3881163084702,5.962503255562746,2.7000000477,220.3446057724,167.972999174,11.654500484466553,17.6155002117157,4.310000061988831,19.0,,95.32550287750637,106.24579822343674,1218.124632001387
,838.7454545454545,20.835235425267182,3.5999999046,226.0,124.2889995055,30.61125087738037,49.16849899291992,23.70075035095215,37.522499084472656,,95.5742781187651,127.11855046144717,1645.4134946378272
,1800.6971549233162,13.353272647428462,6.6105011594,202.8900098886,381.4251901296,17.334733827771213,29.206210685331897,7.80396897722974,26.86621580076656,1.0,88.82868149833098,62.94865813801197,286.4454511507884
,225.80150028851702,5.94932591306645,3.0306018788,296.0,313.7661575111,14.002707207425948,12.829327427108035,8.631304497800102,19.375270131281724,,90.28801775885557,98.32763595885824,410.2936124257101
,511.39351576442596,17.740967699185667,4.6339061173,55.0,621.5373214065,19.826699984666423,24.162970015003328,13.382797027758013,26.27144057841287,1.0,93.63045424710884,691.1561102072576,1387.7132906067409
,374.3541136556404,15.505434184318585,2.14700713,262.0,724.9380008614,31.552751541137695,62.36850070953369,22.36400032043457,40.742249488830566,,98.04670999899724,384.5417432155501,730.4684851636534
,622.8894090111177,7.438422549644572,3.4000000954,308.0,574.3015937049,27.2280072434274,44.21563818049924,18.29507965098724,36.16263724005145,1.0,97.8004145452866,388.733350105949,867.0364726807869
,134.75365141187925,4.52644675948797,2.2999999523,303.0,607.5508738756,25.468217416545187,45.491226488659514,14.947886873460535,35.98968652698095,1.0,96.83369849512331,610.3575021729448,1230.9615510896347
,69.14950495049504,8.050167539145294,4.5,282.0,457.8875936564,24.310278473215494,35.88793646204284,15.9942558498053,32.627499352992885,,94.49876270350642,200.17638130975405,636.3589233033415
,472.0989847715736,8.536024057558258,,,,,,,,,,,
,1133.4626752557788,9.655339535279182,2.9996187087,227.9428685172,628.0330016136,19.71600103378296,36.494998931884766,9.752000093460085,29.68125009536743,0.0,96.98359034504362,395.28860426073203,874.4385667683651
,1468.1923831959168,11.196368388185139,,,,,,,,1.0,,,
,150.5498184751916,12.786563825059101,3.2999999523,283.0,507.2072335304,19.29469830300478,23.699568876147936,11.277640552852436,27.31278192648104,1.0,94.43534994525606,421.86984858854703,1014.3757495627144
,199.66091954022988,5.503148299418752,3.6175466075,245.0,379.2770808748,24.13001168417603,39.36278662668614,15.024999474053148,33.236316151483635,1.0,97.39743465017112,823.6937526511329,1387.7960306904097
,1642.3122171945702,10.569537396884073,3.5340620244,221.2596511178,757.1109997928,19.113750934600834,34.690250396728516,9.316499948501585,28.911750316619873,0.0,95.95591168972307,284.6555081893953,713.0603824894428
,631.8157290470723,24.98418089798753,2.7752916511,311.0,810.4906648186,25.24469954486049,45.82194290244314,14.862151341369303,35.627795911766384,1.0,97.24831578773714,175.9911418072347,896.9312782679165
,1235.5865384615386,2.960066212694614,4.1480835807,255.6341394686,444.8717938825,20.251307605471908,30.935901010794275,10.76346265595047,29.740293705813773,,91.30742968638086,73.13199269561858,501.84819862447034
,89.28506493506494,3.899494523971112,3.5,275.0,387.3436130945,25.53173003145522,41.475892745579685,16.25535503649888,34.80911080417246,1.0,96.04437824564559,442.3040665235467,1170.228590793688
,143.7959610027855,10.870546509836046,4.5,286.0,384.4084227658,23.37951553082705,32.77134180744228,14.524852445465873,32.23523930024012,1.0,92.88851223708265,176.83747706900166,777.7252776386819
,1328.9255617977528,10.642690830686117,,,,,,,,1.0,,,
,155.5501051156272,11.649801229900135,,,,,,,,,,,
,159.09350348491202,2.821274486783643,2.9500000477,269.0,321.4774066966,26.14835241564157,44.728295412566965,17.046122667576547,35.25180022834978,1.0,97.79906384024665,535.3799046170668,1235.0660925766801
,287.0868681530863,4.096223912424596,3.206915943,269.1985764969,329.1390099548,26.394278484384174,47.090953982831365,17.048088019084393,35.74160178443309,1.0,98.27869950924247,667.7035829049337,1225.301730866164
,145.54987622303432,1.876893034704196,3.8031430512,288.4014049316,301.9076668289,25.214834531148274,41.029666582743324,16.883416811625164,33.54699993133545,1.0,95.84141929255638,156.44098522679118,592.5173625035427
,1655.7210386760537,19.537195910556864,3.6800768055,252.1288424962,939.2788666602,26.13383596792761,43.16831545744311,19.085022308598056,33.1839485251415,0.0,97.58117021256042,330.9398304437394,685.0357423816247
,764.9051178838413,6.721272756247564,2.6804836691,273.537125581,407.6044631327,24.507456553081074,41.13652210994571,16.259564389353972,32.75610201095309,1.0,97.15548247946802,156.35848520454243,591.4072339254897
,707.1860417096841,22.988789830708367,2.2999999523,258.8407123174,480.4542023501,24.017380460605917,39.10408604594823,15.768271230454776,32.26755979331996,1.0,97.35649485285802,258.4461952489837,656.0562613375223
,272.3913958689646,4.605303024884166,2.9455674414,317.0287367046,380.0627846105,21.666900307167356,30.821143618438835,13.989429113746137,29.34499474129191,1.0,93.69943074745143,98.12080557394808,359.14927396033227
,601.7349799732978,10.755071417014493,3.68329208,254.0,397.2032368179,27.74594387192014,52.98253653013245,18.034746297403633,37.458137576901066,1.0,98.44565286120837,180.53371161238437,961.0276348451853
,1403.4795294836542,8.949816111688072,3.974547589,236.0,720.3087925746,25.09223511889145,41.69474110988334,16.720614558073745,33.46496935429822,1.0,98.57677548356318,247.03645235875348,760.5986312326964
,1491.1086286594762,15.27749382103169,3.5100236034,309.0,672.8961757145,20.08293628171787,32.79001669400843,12.656090707938102,27.510287018722465,,97.06886970392469,91.62342386256262,806.8506455097993
,691.189514700673,12.4091472382711,5.0002162035,285.0023267763,553.2899280816,18.75852097581413,30.192586388027753,8.083562899575492,29.434434044980772,1.0,94.24733038177263,113.67594596554521,300.7156961197389
,327.8186575243594,19.017981591889548,2.7999999523,101.5020675436,644.0975380929,17.030379521282217,26.76551189359276,8.617735860592799,25.443762813079648,1.0,96.72760624481619,182.5847506815762,1411.6478731902603
,521.3157405686675,10.653043588532366,2.3672438691,230.3275617945,449.8771616321,24.07002747608141,43.00177252802327,13.747867995740418,34.39312095243923,1.0,96.86159130042779,177.3057860368497,754.0542845159889
,732.5055821371611,25.39831902143773,,,,,,,,1.0,,,
,600.8020206362854,20.499450228256286,2.7965545135,356.0,940.7757195271,16.61871623815481,19.931049954195714,10.894152697141632,22.34426373817011,,94.38865168370987,253.00301472641954,1673.864029954
,170.33133086876154,2.811724632682344,2.9000000954,14.0,349.8548708086,19.804347036662914,27.98285243913688,11.506924753374454,28.102767131277776,1.0,93.98721638823929,185.07665623881837,715.2993000366719
,850.7065395095368,28.752707836234926,2.9000000954,243.0,784.4725513024,18.094683688262933,29.59018843712473,9.829377552844223,26.361189331462597,1.0,97.65903029476947,490.7175329419938,1642.386319530375
,275.2642427712568,6.274791239053992,5.0021411196,305.0,360.4028338078,18.911584714543434,27.5047381997608,10.123941984281968,27.699882750332307,1.0,93.32627548399515,168.2226739314002,519.8117325780228
,1352.7792257569952,17.21828119619544,2.6763308644,224.0,667.6150993997,24.018319072389993,39.389956937322104,16.10500214646329,31.93313296343467,,97.18083327926603,391.9985868976892,729.7852998830474
,732.6301843317971,2.909472579482697,2.5999999046,268.0,247.2076427576,27.657408521809533,61.27059743166568,15.674200904889382,39.6413374730199,,99.2974271162991,424.80376340997475,1200.7907439388366
,730.4647832817337,2.135560783104907,3.7909806105,238.6341910807,286.0190009498,24.716751098632812,49.80524921417236,14.198499917984009,35.23649978637695,,99.04420365182634,653.4329699049617,1352.5506985985016
,709.9926385122046,10.430028186674406,,,,,,,,,,,
,247.9373146971622,5.121158968437936,3.2999999523,308.0,413.8644696353,29.028934525773234,50.974350467678725,20.279285929449046,37.77972365180904,1.0,96.48099398359342,554.4098923053837,1146.2953267035216
,754.1952296819788,5.922551535267396,3.2000000477,202.0,606.6989999269,30.85350131988525,71.52774810791016,18.5310001373291,43.17725086212158,1.0,98.03562205496254,199.13247094424867,730.0975857600449
,272.6934831460674,14.850266431181618,1.7000000477,38.0,976.884291353,19.18502439411635,18.744813326770394,12.995372266693273,25.375924869974355,,92.10919048706698,569.0622737504518,1293.7754986570806
,184.7609778180172,2.643433613602313,2.9000000954,358.0,321.026439625,23.50098648055241,34.65111476744264,15.446577660750155,31.556084743607222,1.0,95.73118577330244,307.8593505260984,920.6372720883481
,742.1369863013698,2.277176594168473,5.0127225513,254.0,245.5860302583,25.664551699033645,39.15414539984829,17.788091298826927,33.5418659287656,,98.34389742978225,220.281450939801,985.1965714914518
,724.9168778509884,25.578862305045188,2.5750315787,233.998733989,799.8733506963,27.298453471380217,48.51148247767412,18.703672907420625,35.89468695862636,1.0,98.00197726306331,421.21398461460956,1128.110530723599
,209.98134715025907,13.319060474603287,4.2503239175,302.0,328.0878731615,19.574862452614585,23.027171066599564,12.43126598973623,26.71929350290172,1.0,92.93937823842595,105.94465000497028,543.3268289510568
,439.2054507337526,3.201407970528682,2.7000000477,240.0,424.7961959207,23.295274317048655,29.910795095053537,14.905542377159621,31.686447386275326,1.0,94.96508813582226,120.78391892439356,513.7486137565234
,1116.6257275902212,3.703522036253226,2.787477057,239.3750767549,617.7394407027,12.53223307510591,20.638841420441548,3.018263921036259,22.047152943744457,1.0,92.27200754161612,208.3061082180301,1346.393489985434
,612.1887719298246,9.433291945917565,3.2081116576,345.0,578.0809969276,23.554501056671143,41.95599937438965,13.64674997329712,33.46349906921387,,97.67084783882548,527.8748365427466,1091.124893544105
,882.2457746478873,26.391969393676437,,,,,,,,,,,
,1342.0928338272236,2.092839579450218,3.4600000381,229.0,545.7883344548,21.717376073201496,41.2547500928243,10.475999971230825,32.95974977811178,0.0,96.74091469159562,291.5519906790339,812.2154999243887
,257.3738137172757,7.317445389781834,3.8166666826,348.1666666667,168.5399998861,21.68004274368286,26.765000025431316,14.769375046094257,28.59166677792867,1.0,94.24572478820978,126.9940844243664,735.3938201415485
,166.61619683235378,4.835090715569416,3.6352803304,220.747198652,646.9820044404,29.40687656402588,57.1431245803833,19.45712518692017,39.357000350952156,1.0,97.19862114523961,332.8868985674875,736.3709381223475
,333.02059638620995,10.09508743654425,5.7999998728,322.0,338.6445018524,18.85412573814392,25.21250033378601,9.953500032424927,27.75550007820129,1.0,94.29441672052188,101.51511957215607,465.26347344764645
,1661.8537243453645,14.685554433902706,3.2903377672,248.5843948377,616.8181377138,21.933893747776377,42.12870697523371,10.392429903055522,33.476512201045836,1.0,96.32183107898659,134.08383852130868,533.6239579804317
,219.23748762512375,5.143675749783612,3.4083847377,346.4192325173,170.2419070477,22.38415656048103,36.7001245335822,14.273722423763015,30.495378463559096,1.0,97.16725470280275,150.7179073777013,699.1469276256491
,1390.1553293032134,5.266266651116394,2.9000000954,232.0,417.6288913846,19.39433233847705,37.591194068492875,8.058889322308985,30.730552743579704,0.0,96.43485792891937,254.90121599975984,725.9832257137691
,1844.2492521739132,22.12756211728013,1.9640667136,204.1312094962,2184.3890206353,25.383754843415584,40.77062902842154,18.251473068627313,32.51689228508498,0.0,94.79401191118377,209.26470730514458,607.4230149977128
,1407.1120147874306,1.667727284098729,2.0,351.5065495336,490.199249207,19.24045111262719,31.442146488817254,9.57092395687554,28.91111589300815,0.0,96.15555708141595,189.03273721840583,829.0932349312704
,1511.772076471075,13.686596244780777,2.4164010282,222.0,188.0616431053,25.530866232129156,35.98219810963348,18.58205600173546,32.48050016710367,1.0,93.64451315540413,119.92221646867162,1064.2479318339608
,222.3011587355158,7.619340997281904,6.4538272831,307.0,245.7110770245,15.916656361411103,22.65168515323316,7.475500939883872,24.358383776515765,,93.26040338472663,907.954442709656,1691.5043474433514
,1759.1858395989975,6.504127245950968,3.0999999046,286.0,610.1118766651,21.646645603980765,33.101819199370865,13.007649315132234,30.2868251638615,,94.3136939514442,109.11417968544743,635.6005068816385
,244.45912036398732,8.25631819123665,2.9957450405,160.4370464406,280.5067331511,14.516376593794053,18.554423317455516,7.103443220245896,21.930199132827553,1.0,92.07542692129545,84.57112295862237,455.9821159234598
,494.6262330456227,18.90326574389649,2.314562832,355.9417996417,876.3660288433,30.65098454681753,60.86143111098779,21.439204302553613,39.86351918930158,0.0,97.16315184040192,370.75743683114354,790.7389268066279
,503.0184867543358,20.500082290993888,2.18735998,322.0,387.9862447144,22.70388700620633,33.56603924012855,13.7654696386779,31.64308908651092,1.0,95.82817262747969,636.1918729415663,1158.3875867756
,2215.220283309382,14.19307185395301,2.2075708874,178.7490985975,520.2147296248,18.568318980431393,31.287084836255985,9.020965639304183,28.116420925907292,0.0,93.84710613361896,122.95717607669665,862.5245990678263
,244.76878478664193,6.441968744603402,4.4058066953,328.0,266.303807901,20.041709682125024,35.00511887995329,8.969223331013772,31.115047915933744,,96.99133864408948,312.1461946553325,823.2755033196888
,166.07625730994152,8.387698227641177,,,,,,,,,,,
,111.8843537414966,2.37378011877034,,,,,,,,,,,
,433.94179365475895,14.942712036946283,3.0,17.0,376.4914778575,15.363445414528062,17.87725369469518,7.586137890180338,23.141922006779595,,93.87174227264985,321.5074592812281,664.9178070197208
,1506.423982869379,6.26249116714776,,,,,,,,,,,
,106.82377850162867,4.252720930725822,4.6637691158,297.0,327.3196821626,21.92836282050301,34.272200849530506,12.867042158357693,30.989969008911213,1.0,95.34294727872077,129.39415456456777,434.15848776989355
,213.14961725817676,6.9759895595707,,,,,,,,,,,
,1301.5422508525958,1.592523510221642,3.4000000954,229.0,453.1999986432,20.977001190185547,40.76750087738037,9.11300003528595,32.84225034713745,0.0,96.82297261632706,205.14047898413713,837.495618173337
,390.53869303525363,17.025460156739424,2.0999999046,290.0,499.9819988911,21.784750938415527,29.100250244140625,14.271000385284424,29.29925012588501,,94.51480595050165,560.1146202726379,1073.6136813349567
,203.79881386861314,10.991116008673705,,,,,,,,,,,
,1527.0504514073284,3.099844101161572,2.2000000477,343.0,507.0379959853,22.366162704087586,46.865602725004216,10.151932385087212,34.58139196006613,0.0,96.41056295798786,155.9571841986958,763.7614428305585
,1425.2516816143498,1.834119537252215,3.4102406973,268.6927816492,536.8974839593,21.498303203855983,38.14013606539794,11.362000989053454,31.63539824523546,0.0,96.81699808442646,211.93428367776136,826.1303759062696
,932.7894736842105,25.821878782014522,1.7000000477,296.0,873.2094244876,27.27128739339822,38.91764533894448,20.65927044202915,33.883688570545594,1.0,96.87492807774262,261.2772953447683,663.3869230784238
,2046.922891566265,9.270687281834075,,,,,,,,0.0,,,
,805.7845528455284,5.496170149242814,3.5,260.0,536.5800013582,24.72075080871582,51.89374923706055,13.144999980926514,36.297000885009766,1.0,98.10793041994064,187.1784692531862,959.1669840247556
,375.76188403181106,15.230035615805779,4.3333334923,22.0,283.0440009814,14.584375619888306,16.22287482023239,7.539375007152558,21.630749940872192,1.0,94.53097982536747,711.2396671752913,1659.679087047198
,1298.255735938686,9.8980517523518,4.5333333015,264.6666666667,217.0218185254,25.295208578156025,46.29814528393238,16.542026029221574,34.049775392186916,1.0,97.52157495913521,679.1015968483972,1045.4456094379782
,68.32059835080595,2.015871579852407,2.9500000477,325.0,153.507414067,25.946041508166953,38.79945843578341,17.840855222644834,34.05237040469027,1.0,96.49153601685279,714.2111543309527,1405.9741101950688
,712.3237030788698,22.85995495379543,3.876909544,324.7609624144,222.5278801919,24.76141737969563,43.2695587121715,16.034003057503483,33.49027469617714,1.0,96.85391532395494,312.2630347671086,574.2006946758845
,605.6130963517306,1.877422555581335,4.440964763,324.9915402235,227.7477865303,14.773750884573229,18.738614822481345,6.245674730897112,23.30291368158362,1.0,91.97594830391782,150.5231895304848,736.4512273070551
,698.0873341756159,6.506149950314288,3.7025790019,351.0,273.4634499127,16.219109789251025,16.31616864044282,8.97081724607256,23.469074271021157,1.0,86.55827478318437,53.764957635571676,423.6145756453862
,289.6422749166358,10.044652992390889,4.8697594584,314.0,185.7863038538,24.790513105808373,43.62167497287671,15.425615393773366,34.15609639297554,1.0,96.9225750398495,470.15099560528745,998.0557950868106
,1093.8610271903324,26.17681777664675,3.1367405096,63.0,717.5287148603,14.694429131672617,15.960228326601403,8.364603112443472,21.0253831794817,1.0,93.65156138791627,388.39196334754564,555.3262589730334
,1139.0843450479233,20.880672115822566,4.7269597025,284.7337750779,155.5932081526,12.10475920429337,15.791860728623622,4.651978148473348,19.558693422817672,,89.34121860280482,81.20800932946561,403.3983655118967
,67.23773277151012,1.647742782287888,3.5016850897,302.1011054792,155.50177248,29.23968821957579,53.4854563249344,19.82144194458548,38.65888588386376,1.0,97.96015960136828,531.2005148287344,1255.826231290681
,356.8610127960795,10.061739142611925,4.0735988872,256.432135534,154.6935004227,12.006761826633024,14.66905935840288,5.085058241218338,18.92928310718262,1.0,82.68914394390671,89.28784591971407,1497.3680084726766
,1484.136216914138,17.242341285370642,3.2999999523,221.0,204.5439983262,23.417000770568848,44.30375003814697,13.213750004768372,33.62100028991699,,97.68963234626433,499.9078118118567,799.2498572424786
,556.1540464308961,24.559862197389517,2.2000000477,294.0,331.1078349538,15.073804997289862,18.646996377576006,6.692089721034638,23.456489906168443,1.0,94.1065456059824,89.76157141023866,355.81171483950396
,744.1777581251382,18.810220279381017,2.4086659036,190.0,348.9820109177,24.0072730852283,38.45038153270677,14.85165027253299,33.16339515652826,,95.71979215317734,888.6974363231271,1300.7730631230058
,1046.7349589790338,16.59929235615074,3.1629124633,295.0,229.252998976,21.25200128555298,30.339250087738037,13.812000036239624,28.692749977111816,0.0,96.45155672155587,405.8168699996768,834.4310860306538
,604.540725047081,12.217210074223704,3.7000000477,256.0,196.8816066731,23.470002604721415,44.55245798710003,12.712077401596853,34.228748974245185,1.0,96.427126411799,257.8772506485154,641.3033841107415
,839.66825,22.336146579414606,3.2000000477,336.0,327.8713289012,20.775154581123186,28.926822505268447,11.816775794315477,29.73476263582858,1.0,95.6781524584804,82.26018357998366,358.12121364725886
,1105.9733119829198,5.754971908702194,2.0742003412,332.0,182.9450010459,15.776750564575195,20.60174989700317,7.433750033378602,24.120999336242676,1.0,94.98244174906571,531.5783938461313,975.8316502769096
,1172.8267716535433,22.567457394169473,2.2999999523,311.1246379451,236.3278917371,16.263021698581042,21.9723758590169,9.674494481155254,22.852578121463743,,94.37549016608406,944.611787760248,1466.9113270499895
,839.5432309442549,22.57930664777485,3.7037341776,305.0,372.678013408,26.599609813065346,46.121069872663256,17.942986094704178,35.257254249034276,0.0,96.67651629119197,463.55484777937,696.4680051380615
,296.8779856115108,7.190750030330618,,,,,,,,,,,
,841.5770032767351,19.948100639447805,2.7999999523,306.0,443.1623558746,24.334440555284534,41.1100699973807,16.029235175818222,32.64044761989628,1.0,97.93129892208881,733.2130331994449,1163.4367181370922
,888.2278363298202,22.463390939958483,1.6006076303,226.0546845673,303.9460004708,26.804251194000244,49.30275058746338,18.03500008583069,35.57450008392334,1.0,97.74306487425433,931.0200686262745,1335.537211233166
,288.1925902267646,14.096547723501796,1.8143662327,282.0,478.9137427272,21.032930900099956,34.92981588884418,12.66840640523418,29.39805123707241,,97.63236347755092,46.28359955860933,550.4947148234241
,947.4994644769725,5.971617353490232,3.2000000477,245.0,265.7913413845,17.25517657501786,36.53845011572877,3.624330776876393,30.88725796774938,,96.48289821969415,270.07304212149927,753.378651937246
,505.45983278807705,24.673374648052576,3.5,246.5619989989,303.5767024762,21.49645433016648,36.35064607224395,10.34648191941095,32.64717570451971,1.0,96.67473360833428,228.73185131770933,631.6226884871437
,384.58658806190124,15.58421695937369,2.0999999046,139.0,446.0359941056,19.703001022338867,19.017499923706055,13.38100004196167,26.026000022888184,,92.4717723762611,686.9946457790619,1362.8532322248864
,138.80435585086747,4.56598661804208,2.0999999046,354.9799972051,153.964431147,23.960515600720992,33.4381547832667,15.598481820006324,32.323791927307894,1.0,95.90646216481609,1229.0127759935344,1954.574015244385
,287.5007524454477,20.470732579034372,3.2009865389,272.0295947641,247.5620000119,19.77475070953369,16.70324993133545,13.458750009536743,26.091750144958496,1.0,91.78384041167779,208.87221732715335,525.9430008256759
,315.074693877551,3.423461495686551,3.7940927302,347.0,160.4502983695,23.75691745469164,41.786486565657974,14.516799958403544,32.99779656328376,1.0,97.62308483468021,224.5226343278372,761.7247647085882
,236.59949409780776,13.280638200336123,3.2999999523,282.0,236.1920005037,24.329500675201416,46.530499458312995,13.630499839782715,35.029500007629395,1.0,97.67028714624477,484.2600414551885,1101.5222280259197
,781.7535986452159,14.382524744307055,3.2999999523,224.0,223.7010012642,22.507251262664795,38.446499824523926,13.588250160217285,31.427000522613525,,97.55702786161052,1113.1158064195001,1574.5344913678978
,837.758181045474,29.948291990435788,7.8000001907,238.0,107.3548252558,22.07575045741196,34.39571275918832,12.456253513683611,31.69559865855071,,97.8934550098914,683.4889893979794,1107.188700171914
,225.54347826086956,4.80034203279862,,,,,,,,1.0,,,
,66.46430135786247,1.96372143015024,3.2000000477,304.0,152.9650007365,23.936501026153564,37.905250549316406,15.613749980926514,32.25975036621094,1.0,96.9155637421014,521.2456607959114,1144.0086369100943
,1206.8809843400447,12.561348885631135,3.4000000954,219.0,185.0341474377,21.76833756403034,31.48755059844147,15.579202884151645,27.95881652897516,,97.11141428185206,1051.1722983410116,1596.1863107527781
,659.6991751576905,11.481960341789836,2.7504233423,233.0,237.1160019524,21.826751232147217,30.169250011444092,13.148250102996826,30.506499767303467,1.0,96.03879706900175,515.9996322077874,915.5560998072262
,779.4776851397743,17.43716749246358,3.5547977706,277.0,177.3101055622,26.786980173629814,41.36287450071656,18.44843147742816,35.12627717297037,1.0,96.54390695844619,693.156168306899,1294.0647199788182
,674.6804062126641,13.663051772822616,2.7999999523,239.0,210.3499994921,20.159250736236572,29.106749534606934,11.280999898910522,29.03850030899048,1.0,96.45597809509769,198.0026517547699,574.4400152200959
,514.368610944077,4.047036533694775,3.7000000477,255.9472117916,189.0796262921,23.46451660320179,44.66244673136211,12.670453079574036,34.25941451314469,1.0,96.427126411799,257.8772506485154,641.3033841107415
,529.8830749354005,7.600638969981856,3.5,272.0,156.9675511184,28.172437058011926,44.29639413461491,20.30301444285398,36.04288975608888,1.0,97.72895374833733,589.469822331099,1687.7304311239386
,452.22569680489465,25.76302337978747,3.4000000954,334.0,375.4711325578,15.383425748005426,21.000750374521147,7.15458565270019,23.613119915730366,,95.63782213911358,58.692773181259604,310.86569713655996
,176.78537252221463,1.96654065728432,,,,,,,,,,,
,307.3459074733096,2.609478836848643,3.2925151964,302.0,145.5358528897,30.455628436395266,49.18513620471978,22.04014000663193,38.872461418960626,1.0,97.11424628800486,835.314269530034,1501.327943424066
,2412.9819864115857,20.949491944271273,2.1607309352,313.1776132199,1483.6629318014,19.84126858077281,25.577495108397137,13.752657245561265,25.930484724343238,0.0,92.89484094930344,119.02866064106959,748.522920358734
,164.26417290108063,3.584425038099289,,,,,,,,,,,
,97.84736456808199,3.384176007639699,,,,,,,,,,,
,892.9778972520908,13.66100469039926,,,,,,,,1.0,,,
,1886.9701288024114,6.62648847218114,2.2000000477,105.0,589.6960018771,15.260250568389893,28.50974988937378,4.612249970436096,25.908999919891357,,94.78090422024326,73.68757779896416,591.8585624916715
,291.3206501662356,18.4152660964158,,,,,,,,,,,
,264.10979358805446,15.694905401192374,2.9000000954,316.8812670805,367.0209990386,22.19425106048584,27.668500423431396,14.920750141143799,29.468250274658203,1.0,93.29129617553093,447.607872479501,638.0357799542915
,532.6303964757709,20.506208231204933,3.9973617907,320.9538313487,1081.059999384,24.089501380920414,38.58650016784668,14.884750366210938,33.295249938964844,1.0,95.07206157778565,531.7591104547666,1304.8128020408167
,289.1492380451918,17.154101897495018,2.5,227.3345788132,367.0209990386,23.13525104522705,34.30850076675415,14.399749994277954,31.871750831604004,1.0,94.59256535210608,492.5411964635953,701.3862238935005
,2263.9462835727672,12.16188401164374,1.9697795533,292.0,1211.2446846716,17.07269905313257,23.773287525383395,9.947424804961361,24.199082367461088,0.0,92.81836075658583,143.69301550611615,804.6320914208957
,726.4934399954611,21.00206661473616,2.3500000238,162.0,603.6993969173,27.34920139312744,53.613299751281744,18.250850057601934,36.44835014343263,1.0,98.45977762865203,802.1833097009732,1171.7332876163382
,287.86656589554855,4.025757251966117,4.2351721895,281.8110674744,156.2339870691,28.10123789098864,48.54108041347598,19.414850147579678,36.78873930665005,1.0,97.56054740868895,607.413103895331,1293.3014493666851
,360.26572239536955,13.415648473792428,3.1456644464,59.2247197367,445.0724999257,18.017000555992126,23.05399990081787,11.69112503528595,24.34362483024597,,94.74885279690966,116.11462280264557,954.409831094508
,2007.8072134357124,11.752833026955356,3.4500000477,230.0,380.262086049,26.92158421060838,44.08938605456214,19.002975322691874,34.84104116395444,0.0,97.21313648486638,178.2781238378834,997.1244105313579
,124.84111825638261,2.086115584419516,3.1051805894,287.9861199062,164.166783071,26.20621919436242,43.24245700028021,17.362301642340217,35.05104400070111,1.0,97.80840727389676,387.6625759716504,989.2178689812143
,630.060759978916,11.515426484180049,3.0882094594,107.0,273.2135909434,25.069868327872484,47.07931475107095,15.460569668489565,34.6802801472034,1.0,96.0838761719657,146.3617809697143,1520.778537495615
,504.23764787752253,13.362990329828873,3.3880556425,333.2544214496,222.6807854878,19.92620390394976,28.316165689264363,11.78593663318686,28.067230109572172,1.0,94.87786060776574,247.7746965962086,501.5615928683312
,222.51456532936533,14.167386058253824,4.4000000954,300.6196914549,330.5974168527,20.6781673147413,21.117647832280554,13.350504345098273,28.00681667714604,,90.50853389171617,734.6899692048775,1264.186416274964
,1.756860054880439,1.181981847502119,2.3548822806,244.7017289385,332.0588167458,17.17734140186038,41.0799198091307,2.284164120694872,32.07191346009875,,96.9473281365376,438.147020390082,885.771217192837
,685.4495314014866,4.587892467498164,3.9000000954,283.0,235.3986295267,19.516667155579057,23.911896150794657,12.436556984232913,26.59777118528774,1.0,94.5623016169271,190.72901334596347,1494.6787164096834
,269.22241315821776,9.884855454251475,5.7469040124,314.0,223.6644207229,25.31056181267216,45.258359206795134,16.361840074448025,34.260030077068976,1.0,97.54020271008923,379.81232987006916,784.2818883895952
,256.51254570672046,8.2831366307467,3.2290781091,304.5815617821,222.1563038623,30.06297878543222,53.78900466259626,21.15706179256131,38.96955188024631,1.0,97.42998630384307,918.4975863448774,1507.9693673036484
,93.52320872274143,5.10478289209051,9.5510406283,343.0,273.7779994467,15.2787504196167,16.040499925613403,8.990500211715698,21.568000316619873,1.0,91.88736926179486,285.3910454516536,1497.869162586081
,1228.35316969804,13.400503857253025,3.0628089461,266.0,250.3724607631,24.0918371665833,35.36754516910168,16.76052611654994,31.42403029606841,,96.113622137506,165.26404262329453,1412.5747964414124
,252.45153488372094,15.892422377187152,2.0999999046,201.0,452.2189998403,20.71225070953369,25.111499786376953,13.609750032424927,27.815499782562256,1.0,93.24259026693346,181.86133916950345,1383.6964331369986
,873.1439426834562,22.432189017495435,2.3974366113,157.0,426.646109217,21.787277328505404,36.78272694915992,12.614239232555155,30.961144994655143,1.0,96.42043578067917,231.50952520974695,1441.625455707438
,285.21801262878034,14.98122704835301,2.4607413899,317.0,331.6002497891,19.712827609923743,15.194918711736124,13.41242177620584,26.0141785359494,1.0,92.18421161850827,507.88972940117907,1233.5046749400476
,590.1714381946782,14.342641069155102,3.3003595361,226.0,198.3698749523,18.763620795327085,29.789945195195436,9.796485679665768,27.73159726955063,1.0,96.11916985396283,273.2390476095015,624.5250904701545
,731.4841057066258,2.07534801434941,3.1012567222,288.7712856862,96.8525900714,21.79185342803328,38.212029944346355,12.954103334939782,30.63082899188578,,96.75587272782454,369.1726470693949,1023.1355650513248
,340.78602447690486,16.506764648744724,4.0999999046,336.0,503.6416696921,18.898481781167767,23.231890358365575,10.802124163122834,26.99583776091191,1.0,96.23393465066093,463.4251267628267,587.4394578608467
,190.73631187034604,12.66643258666867,4.829418973,321.0,354.7451613333,18.469120958429187,11.760309459876675,12.640794235910983,24.298479476185125,1.0,86.02641469055978,454.6747253868398,1199.359967168286
,146.54472361809044,16.832831505824572,5.6999998093,38.0,542.7919992469,17.686750650405884,20.28499984741211,10.375999927520752,24.99874973297119,,90.60587599839033,208.5261788334194,1515.988693725586
,904.2315950920246,19.731631530757326,4.8000001907,296.0,246.0689054653,21.74175420440862,33.924852063064,13.21862028929326,30.265914062634067,0.0,95.67627687130707,440.57543202825207,631.9153920437878
,232.4574585635359,7.387736666037892,,,,,,,,1.0,,,
,134.72862658576943,1.468020882122568,3.0999999046,332.0,164.5322943626,20.61600121495232,29.95181115484882,12.020581876960744,29.21220673208902,1.0,95.03758457748255,297.3487930501481,885.8464405476593
,64.08677042801557,1.277685421264589,3.5,327.0,228.3677020468,23.78087312857444,40.999475642912465,14.078472304774248,33.48452867957369,1.0,96.99045077974256,338.9342178495941,733.6999437267193
,1316.6047238940305,4.075487613686107,4.1999998093,197.3333333333,543.4069992271,19.181251049041748,29.857125163078308,9.163749992847443,29.199750185012817,1.0,94.04149262026198,94.99231893721776,612.8988188679814
,2380.730422230242,17.25559653533748,2.7768644065,309.3752549849,469.8854390752,18.648058207843054,29.061501181347456,10.736091957895352,26.561111783514573,1.0,94.6007440781081,159.31380419238994,687.7043189152535
,1590.136452623336,2.598551687173092,2.699881386,266.0,659.7531290712,15.873987333220756,23.749806750660554,7.339968797928992,24.4089498243022,0.0,92.33891518431061,118.3068830543944,613.8990275256417
,197.78487267198784,13.546008788473054,,,,,,,,1.0,,,
,48.27932268722467,2.059611943304243,2.7999999523,161.0,986.5054231075,29.276916462270258,49.43804597286822,19.54356955542547,39.01135601403237,1.0,97.29077522309535,507.732683031694,964.4466139086435
,310.9252500438673,12.302706222828908,,,,,,,,,,,
,812.095256762054,29.924491917033233,1.9511109938,94.3891694098,1358.9349988138,12.119750499725342,18.88824987411499,3.798250019550323,20.441999912261963,1.0,95.43394976407494,170.0199868254378,963.8982177543434
,123.07386666666666,3.214486857962608,2.5910181426,316.0,689.5750084588,22.14652013452229,32.59581073258133,12.943159789411093,31.35037854274763,1.0,94.47349570680885,132.02885663559704,487.4511071830705
,91.3160100586756,3.112787261617753,4.1650734314,320.0,579.8121722471,22.411147937493038,26.411482545475472,15.275223175879542,29.548570014310915,,90.41476758223364,80.59126888130604,336.6401282035849
,231.82522021325914,14.533073689824848,2.7999999523,341.0,571.6378036978,12.298007059278948,11.336409037969013,4.984141487499314,19.612867021303124,1.0,84.7267337674289,69.23522696900015,210.7247732635418
,1130.0562435500517,2.17902062827158,,,,,,,,,,,
,523.9234393404005,15.865572984985244,3.1043336414,252.7399830062,863.1550022326,28.779000759124756,55.24674987792969,19.087499618530273,38.4712495803833,0.0,98.0701811214984,609.8599832979861,1068.0735552670974
,905.7899159663866,14.389277256837412,4.0,217.0,917.0619385144,23.69592584552978,45.298953848767425,13.002765724486654,34.390149493736644,,95.74159359517745,148.1319268838947,534.6053087592068
,356.95767612004886,9.549384992414215,2.9834393935,308.2539277793,543.3830001806,26.139751434326172,42.00687503814697,17.417375087738037,34.86275005340576,1.0,95.64049895386934,204.22300437154712,572.4129511577382
,287.87579798552986,9.215943436474053,3.784969856,328.0,536.415778046,27.195956177259024,44.225473847314035,18.313441106366188,36.07993652436053,1.0,96.17240951732715,217.0504938213079,603.3941419647954
,384.48024928970756,11.40324498403412,2.0190200994,145.5435277711,578.1011364939,30.062016665048738,50.85860774135842,21.707673767555445,38.41705782644958,0.0,96.37171636641048,468.72698493836964,1078.8335362429873
,467.90456081081084,13.727657950395164,3.8191311615,337.2781936362,555.1030858727,26.80820480177897,41.086436825241606,19.041408692776663,34.57632404948984,1.0,96.5533884379708,341.1060778483912,536.0667426418939
,1166.9922580645161,20.35630120589656,3.8660417128,98.9513447103,589.7729162354,11.426275398481446,18.59063460183183,3.520758353386187,19.33254123108066,,94.29487138102402,149.44925561394388,939.841703440113
,711.5202826485213,15.682616098268404,5.2046988214,261.0,648.6132093362,29.06837645392484,55.850253942296526,18.69390803871808,39.44359456563828,,96.82131821109641,315.8573847368308,564.563109090504
,610.7693574958814,22.62052402940345,2.7000000477,224.0,498.8132948664,28.94154136184022,46.94682432588047,19.41566827147122,38.46837894922173,1.0,95.50993671213045,194.37688020405014,967.5388753168039
,337.7079141515761,9.662955711635066,2.8731598071,329.0,582.6629443473,21.998446796712773,29.348151527634883,13.640678118678236,30.35720763700637,1.0,95.28801365778882,139.420615331057,433.0720659266032
,509.13939174511216,3.854893751739161,2.2999999523,266.0,627.4062330744,31.040901190103156,55.82169923690442,22.843590735684785,39.238900377483496,1.0,97.97528003306746,378.3793603624742,617.0687049670584
,887.5585854282062,13.366139995934965,2.7000000477,273.7629363881,631.5832602024,21.91530841696565,36.31470625023431,12.924239943095662,30.90724385857878,1.0,96.29428126744205,232.0693123890754,999.3735581441264
,950.6427015250545,17.961330584370103,5.7005026649,269.0,630.4899702438,26.557284292458867,48.650596216754835,17.14104630538026,35.97469647467062,1.0,96.87043242976786,216.04246947317873,973.5079271016459
,619.0638977635783,1.275438170463513,2.3108098001,66.7020229016,577.4269999228,12.263250589370728,19.7162504196167,2.530499935150146,21.997250080108643,,94.51806571606649,239.9843039330587,1299.738456500239
,244.8169540229885,8.76889743849892,,,,,,,,1.0,,,
,202.14259810905324,2.849746066453064,,,,,,,,,,,
,768.3693616054921,15.288463543972139,5.9769230623,93.0,942.2587981141,23.377617740631106,36.868500010172525,16.39560006459554,30.360649998982748,,96.33620364643096,304.3757954064281,1190.300684944798
,1409.5086870754951,1.764516241791608,2.0999999046,270.6666666667,408.8061424973,18.70725100381034,33.54557173592704,8.076285702841622,29.339392730167937,,94.9651504337186,103.5548287837209,773.0627455542337
,1813.614784214812,25.63891948981012,,,,,,,,0.0,,,
,1668.0107553714472,8.70411122577865,2.0,68.0,404.2960956282,19.32173740344362,36.38960554153754,8.642493626142382,30.002111095059274,1.0,96.54317496342891,169.06295610635388,903.7826825804817
,1984.6530328919266,15.803696978623485,2.2796864624,249.5615550284,732.4946463937,17.851216337209262,31.66467658801743,8.060751839379048,27.642515450964808,1.0,94.43687630517341,146.9109658754665,815.2868855850417
,1370.63868,3.303544647005797,2.1884959073,276.0337551459,384.4740750946,19.65858399919413,32.719480090412475,10.045353022124951,29.272663801429182,1.0,93.21996094526484,95.77071793889215,831.6797365994325
,1461.3525909332075,10.191753407704734,3.1999999285,225.0,161.0384482312,9.880743431573807,16.48584178282848,2.259911846599042,17.50249195995159,1.0,94.99832940121395,93.04881974121312,854.9924088070491
,1492.980740648997,5.67602639564502,4.5192657515,346.9734232417,343.0430038461,18.417985286406875,30.126851560714687,9.55238505550913,27.28459231028341,,96.32333566193009,213.52508861725383,1007.4070287306029
,2303.7326979659715,13.727313018916847,2.5,250.0,1583.612928488,9.29816499594176,8.270679380224298,3.203017550322421,15.394838270503746,0.0,82.53398128835856,102.53425056102645,592.6029946301228
,549.3623745030658,18.750992123946997,2.8001939204,164.9120162825,1183.9628257647,26.07926586720742,46.000984559028865,16.843995072244294,35.31595451540978,0.0,94.76625755847945,392.11566266360023,997.1220518283385
,230.38423450188156,14.647213242418296,3.6927093352,295.9626255673,222.470299021,22.181762583633173,29.982459869488057,14.089633278949783,30.27495149892762,,93.82856457684454,270.5818969499205,786.741282924934
,221.8811301419997,15.115609261619976,,,,,,,,1.0,,,
,267.8384637936089,11.038363272744132,,,,,,,,1.0,,,
,176.5109066627096,3.024082155667421,2.0603249428,289.0033941171,271.6814307692,31.072253290370387,61.83791694669566,21.88447659058647,40.26111459518381,1.0,97.20331032723169,378.17483781771364,1000.5255052637842
,382.2059720661422,14.656197111092556,7.9000000954,330.3121468286,312.4667517712,16.712602143270374,23.931581884902506,7.57451372982557,25.85179172000196,1.0,94.0934110254868,60.85240097923817,535.3584158259987
,323.9613225202745,13.774192699630733,2.9000000954,175.0,680.6787508817,26.94132878892393,50.32248460171622,17.423380481546474,36.460302085927054,0.0,95.74232580479,169.73946787878046,1000.6450584394113
,1701.3140996856757,4.701002317584038,2.9000000954,213.0473667294,592.9645724545,14.489253630909404,24.140826999311322,5.092973783744038,23.88702809853016,1.0,93.75538164691707,82.27405519701321,666.5952994777633
,1318.9584975045968,2.762537996060334,2.5999999046,291.0,369.4407451003,14.093489265871014,17.360509571126517,6.63105267800223,21.557206556867065,0.0,85.21364591794315,96.23985116923065,872.1834924616506
,1577.0674745249244,6.985038652297914,3.7999999523,256.4557630098,399.6213030688,19.554034998432503,34.766452285372495,9.929973263647696,29.179058320291546,0.0,96.34584332870544,75.32852146578567,693.2355523931111
,411.55795895729347,13.117381547838532,3.7977262131,3.3183237936,628.9178184529,26.280130702650872,50.92652214620592,16.35728843941078,36.204387870617474,1.0,96.43660313313212,300.58898960640056,603.4244624457125
,125.87253414264036,2.344616513675551,2.3088774187,181.0,615.5449250867,26.853787785303865,50.52482035709357,17.119899531841746,36.58917332258525,0.0,96.4215955639021,186.97209410703422,1036.2507716369523
,260.91884510339446,7.812939951731924,,,,,,,,1.0,,,
,530.4690026954178,21.445951246444107,1.8706959252,185.4990477641,351.6220024591,29.55100107192993,60.71724987030029,19.41949987411499,39.683749198913574,0.0,97.8246054621386,634.1710238820858,1331.4843924705142
,1963.7178371659415,18.64420891695322,4.2661015592,87.0,736.1140009377,17.646000862121582,34.34800052642822,6.042999982833862,29.249500274658203,1.0,95.37003829199486,198.65290160934887,450.20818619651357
,1405.4186262103065,11.062353402715166,2.3500000238,239.25,32.216750187,17.643813252449036,28.946187376976013,8.291437476873398,26.99706268310547,0.0,96.57317742870973,249.21617263789986,980.9475427288296
,696.2467021985343,26.422862149484153,2.9643969982,302.8296384294,246.9392046406,25.185921214438757,44.068622552765625,16.455954404736698,33.91657780433745,1.0,96.7259248235981,731.8413682266136,1351.0108649888043
,231.45405107187895,3.585521971083435,1.8741156882,107.0,265.900205632,15.188131541091042,28.67259941073645,4.158738758687524,26.218544501652257,,97.457533970638,238.82187905178407,1422.3790515267092
,1501.9169971410126,8.058368620711544,2.1541895168,237.0,36.9979905383,17.04767751143526,25.66555973236718,8.183152089646828,25.91322373308852,0.0,96.67050572935051,245.1203765212865,946.4467044212416
,1247.2331199068685,6.819486048397836,3.1822089396,189.0,238.595076478,22.612900264869488,35.51392782587456,15.316790194306131,29.91019750425508,1.0,96.06178216202503,173.15799678782682,828.5181371898391
,528.0,9.963645681526469,4.2941703567,320.6860983747,463.5009989383,14.105250597000122,24.527250289916992,1.152750000357628,27.05924940109253,,94.6429131789721,152.55530448294454,184.13247621536266
,1071.0287836583102,12.09233033208794,3.5,262.0,310.2685794919,17.64192148070922,30.45947921165228,7.815419828507586,27.469819540197587,1.0,97.50574376904626,205.24470197650857,1055.7268606122786
,1101.1768504719325,26.92996635581508,2.4000000954,218.0,388.5222531796,27.519642273687957,44.0760133115507,19.874397864403065,35.16579655505511,1.0,97.28826442579518,503.2753899396979,1060.5479275241769
,118.41179744017808,4.383125871867688,4.3000447047,333.9977742996,164.693129868,27.96372535865018,48.86532755159634,19.01868031241278,36.90939325437568,1.0,98.29028792093241,924.4331235714387,1628.038674415764
,798.1681957186545,18.651400354222055,3.1578743821,257.0,316.0927575482,24.795448896224272,37.936460605158246,15.932263699821002,33.65988056260274,1.0,95.91187881286089,146.16057439369916,992.8598049587819
,639.7133956386293,18.80162865632791,2.2000000477,290.0,286.6035305385,24.50827981859932,32.40259710150007,16.70555799769004,32.312032921167905,0.0,93.43345401328848,148.99147989915667,892.6410161024301
,661.3087855297158,2.626661351966149,4.1751914563,234.7442512984,202.3806832513,27.35081696202762,51.465916002143445,18.103569290981433,36.598897661008394,0.0,97.6991912821398,778.9093298958651,1416.1334436624356
,224.6508962067528,7.77642566838355,4.4000000954,311.0,210.5520377655,16.26195221252293,31.06104485679695,4.307762730835407,28.217623330787113,1.0,96.68543750216878,311.1249124341996,749.0363168171596
,553.2624721485411,15.123146957112244,5.2121321766,341.2242933875,749.981999887,20.923084417978924,31.916666666666664,12.11341667175293,29.733416716257732,1.0,93.7917612944823,100.96614777446229,907.5215368421233
,2133.734334133496,23.626283190068964,5.0499999523,189.0,196.1822773653,25.014357550683005,48.34914500598219,16.936057063563055,33.09330045465784,1.0,98.53990617925325,505.96540277720976,1124.0027918542066
,1910.1050028752156,16.2554214454369,1.3789693804,330.0,405.6183561894,21.235922672905403,41.550680024729616,10.61242292060729,31.86045754862271,0.0,97.98237008942296,311.2182540253931,965.7667526998002
,1305.782580222659,8.85507799586441,,,,,,,,,,,
,238.71653274063942,8.872925758321054,,,,,,,,1.0,,,
,249.76884920634922,13.100129503833633,2.0,333.0,337.3576208527,22.461627901808267,36.676876570761536,12.921246810326798,32.00335553170881,1.0,96.722349822224,163.6037771310551,447.3972487434782
,830.3145265888458,4.590234369091076,3.4000000954,293.0,415.1902195762,22.279022477459456,39.59625982483731,12.202950470884712,32.35618933189128,1.0,96.24371309898558,204.37202335123243,852.283418189186
,2211.4308310318856,12.093511770358495,8.3182825927,226.3628818541,268.7374660604,14.184304051136962,25.72454750746345,5.575253650910184,22.7943607357475,1.0,93.08949544580793,133.3072696584462,426.4722575235113
,813.3751930005147,2.125664993944207,3.5,298.0,434.048965527,20.648454004472445,37.18952704396024,10.400667662838615,30.897102288529513,1.0,96.78724949365227,160.08437163251136,991.7472553667903
,2470.4512061403507,30.220826171240525,3.5999999046,152.0,197.6551318575,25.540106921494612,43.340206857866235,18.087440093942178,32.99375941864523,0.0,90.11523874129591,253.85193523398465,1029.0785134153116
,130.79063042220938,2.007355644480213,2.4000000954,112.0,671.0189978995,25.248170642318563,35.09084994161356,18.936900583929344,31.560452732544483,1.0,94.74888935134935,169.56689161448517,1139.8313634496585
,479.9579524680073,23.11477863508924,3.3438529973,317.0,888.0379970552,29.319000720977783,51.62224960327149,20.197999954223633,38.44050121307373,1.0,96.851778761496,416.94628701951706,766.5295026462065
,145.09259259259258,2.303299106271179,2.4000000954,205.0,476.2039998283,27.736501693725582,47.236999988555915,18.131250381469727,37.34200048446655,,96.66227726157955,157.33720142985212,1245.7130825536167
,1815.8877519379846,21.67284802273365,2.4827945134,232.157063591,298.3426938916,24.691130804619164,39.6045359853103,17.264129957779815,32.119539649650406,0.0,97.34582307337742,382.3666296269862,783.3067019251531
,1001.9058333333334,20.699801074514788,2.1180222151,282.6303124355,220.3597575122,28.30126027328052,51.17787444960111,19.991225427063686,36.61223955974698,0.0,97.94628814527478,467.40323503320235,1110.2147033185393
,51.61693330936545,2.89577118584991,4.185414155,204.0,404.9009991763,15.228500843048096,9.234750032424927,10.350749969482422,20.107250213623047,1.0,90.45941222219665,285.9278819568087,941.0461937639723
,496.7143911439114,14.806778957886303,2.7000000477,333.0,266.4317294838,25.94922922483576,48.56426366550232,15.841656536505257,36.0579146268214,1.0,97.94386610791459,418.59132441051855,1006.5498695779968
,296.2742214532872,7.201394988015518,,,,,,,,,,,
,240.35240726124704,12.941028364173238,2.5,183.0,230.0557596495,20.730404999695715,25.91572852122269,12.624069052618731,28.838193360355938,,93.03437007736628,626.9384111458585,1375.1357137684042
,613.6572313135781,1.353121285968943,2.9000000954,299.0,240.8623818569,21.76144133082561,39.75239914360486,10.306025148938389,33.21802111852161,,95.3019348568437,345.66302176955287,1102.128546583396
,885.2035175879397,15.43729529166641,2.6980298662,180.0,446.4839997177,25.3697509765625,47.06725025177002,16.780750036239624,33.959500312805176,1.0,98.01769565474203,186.37831290593812,1212.520589448805
,332.07800650054173,6.243775462891144,2.7999999523,333.0,247.7079380701,19.84289802873814,24.96253938902224,11.657488974520772,28.030073284776115,1.0,93.14371845929774,111.73471480685534,704.8138115446341
,879.5786445012787,22.57966689456759,2.9934541301,237.0,214.3063836001,24.899285843959973,51.255949148346126,13.727200585336712,36.07162397700154,1.0,97.26126009363088,308.90121735054004,1152.7060862598896
,585.4519031141868,11.91952800020627,2.5999999046,213.0,369.7860201005,22.57985056052256,36.1741980545669,14.343068275749614,30.81813023471876,,96.69098213788045,273.40710789633766,366.29153679034516
,242.4003031323678,9.94161211511791,,,,,,,,,,,
,235.86643468950749,5.286952157275516,,,,,,,,,,,
,227.44321490972627,5.899909383433464,,,,,,,,,,,
0.5476150643,2038.3980676825038,11.612675622318106,2.1444444391,294.1111111111,368.4886248534,18.351469695568085,33.280562579631805,8.21046879887581,28.493343830108643,0.0,96.82113068225888,230.49851365840908,717.134538572936
0.2411690148,2128.0072377116244,3.524414341864183,2.0497872174,188.0023614535,271.6287474651,20.484347584704445,35.164778073439074,10.357944896629466,30.611791869450656,0.0,93.31522355367304,118.05462291817315,827.676023958355
0.2544785139,1374.217332899129,2.046483459175094,2.7999999523,288.4524603091,202.7535143621,18.991734678959144,36.04937738227262,7.78470767731001,30.199620881390278,0.0,96.34287420887674,158.68524289277917,1073.873947048026
0.3787620083,1509.7721788502483,2.677072304870069,1.8999999762,275.0,238.010822545,20.00986514643397,37.76128217336971,9.550761455699233,30.470346565021245,0.0,96.6264882818389,250.08373704230684,1070.6950524148097
0.2957239773,2398.155302048224,14.630881009376633,2.364119107,234.912070621,463.301425179,16.548403813092957,30.70402993896832,6.318552092454714,26.77914266178758,0.0,95.25445115185528,300.2837415874328,445.8940608495989
0.5195103226,21.914112231906767,1.932997557503063,5.6169012437,323.0,279.9042217012,20.644295544448106,31.10637809847364,10.707573827589261,30.582204613684592,,95.89016199090094,384.04934623243065,769.0192682458076
0.2998150794,1515.3084750301246,2.112330697226483,1.8999999762,280.0,263.988695474,18.82439120222995,36.819169612723286,7.729132723641972,29.920702452031975,0.0,96.41637040016697,348.4298420266711,1013.4702646845137
0.3088571429,1685.9683241904088,4.744504507717422,3.4000000954,323.0,178.4698504029,17.294536730126435,32.977888822693046,6.2778839485647,28.31217621023597,0.0,96.50018807152433,188.3283903246552,1077.9296638263872
0.5681142094,272.81325164511003,12.012905350571618,2.7998770931,284.0,485.5954164649,27.740359898427343,59.849291330065384,16.866388977493962,38.61511980522116,1.0,96.8071073015665,173.9911752841117,655.8467520283791
0.2919106061,1557.5177339901477,1.854489483717334,2.5076462218,253.0,244.9669246898,23.52555046522185,46.892325342366355,12.459930516677167,34.59243410992341,0.0,96.90868240511622,186.6651581110563,1022.7425759924926
0.3055972504,1476.7157347847601,9.466729667651542,2.1982917957,78.0,262.2559810523,21.570850089386425,42.54135188032011,10.971503582058707,32.17166547534107,0.0,97.14056002752649,237.75792778199255,983.7576706583557
0.5083527778,312.76390101892287,5.839011938178036,3.0999999046,321.0,222.2971919053,23.107636402052005,35.628464435745194,13.916811269522306,32.29970485607028,1.0,96.68609636756702,505.34548953380204,892.2554980836329
0.48262,214.37407157326132,6.617636329042276,3.5,314.0,328.5107133402,21.20688736644465,41.078959695138806,9.044654605312092,33.37011294689753,1.0,96.21199626850753,317.7402184985682,530.8371009756299
0.463831746,386.2298891669646,17.84169959131206,4.3766032975,290.0,343.1305530669,22.389136315883505,30.224607380190292,14.72730903017464,30.051960297271588,,95.26912259754394,673.8965725387302,1027.045136689423
0.5684771429,163.9749203821656,3.156682300126287,5.1455646475,341.0,555.7490001942,25.737250804901123,45.18424987792969,17.313000202178955,34.16249990463257,1.0,97.42940611199336,398.29708487693284,564.8181070337546
0.5836535714,124.21054852320675,2.418711556638847,10.0062449675,349.0,498.4878349652,21.464059761515525,31.42621566157275,12.64057927739614,30.288425634839665,1.0,96.51241371072177,265.46315329703384,426.81779012517165
0.5740803571,1818.506972559604,10.871377763263395,4.3000001907,63.7812056629,382.8192027754,11.335168220573848,17.901565300332564,3.176456607382279,19.494857219016353,1.0,93.48143969718839,99.64407638881947,161.99733239308281
0.6404333333,507.27595481441637,8.548855407639435,3.8367778811,338.9186570774,359.0780031452,18.903000831604004,30.58299970626831,9.351249933242798,28.45525026321411,1.0,96.68740522112917,354.76456594299964,551.6984799202642
0.5926883569,164.23192436040046,22.248313626487874,8.1999998093,344.0,1371.4943732408,18.484502558337812,17.386533062213406,11.842413853479684,25.127959816684207,1.0,87.97594122097013,43.618917152066,302.6826542288492
0.5204833333,152.8720186154741,2.67775617299765,4.1999998093,214.0,527.9600409062,29.715984102298048,63.64943937281264,19.165081258655054,40.267833763496725,1.0,97.46636774053272,178.55906490368375,657.8527431678339
0.5074133333,832.7384519350811,15.413255130009407,3.5356137846,350.0,317.2719996272,13.511000633239746,18.875999927520752,5.265500068664552,21.757500171661377,1.0,92.47913224289981,191.8976941589661,587.5339513429649
0.6713288889,1598.6265967900426,24.256580597166153,3.5139455346,59.0,452.3061265284,18.442376092887994,25.68654749570339,10.939353869752454,25.946133983428926,1.0,97.13279968096242,293.57248038823235,449.0544420972965
0.488786,722.424317617866,28.00584876011345,3.6321693495,307.2911846316,236.9950008144,25.26425075531006,47.619500160217285,16.108749866485596,34.42099952697754,1.0,97.18082946163167,382.08573129530345,649.2829338566064
0.6090088889,1130.3898305084747,27.0944480940896,3.2000000477,294.0,315.5211095571,25.745713779641285,44.807393634980336,17.34943318189979,34.14323193714236,1.0,97.73224567050264,378.3215713705015,521.8772250028526
0.4582066667,931.6568758344459,17.984675513727165,3.5286441042,248.0,330.3530022679,23.530500888824463,43.203749656677246,13.699999809265137,33.36175060272217,1.0,98.38064432347709,419.61565280931853,718.8084845868194
0.2467892436,2272.950124347517,19.158521174521997,3.1499999762,153.5,161.5589990658,24.826000928878784,44.890000343322754,16.07449996471405,33.57837510108948,0.0,95.23044427457017,225.61223852222253,808.925654588957
0.2286302448,1696.0424273218887,11.5516357243643,4.2651562476,251.1967457841,209.0935561046,26.89557154045791,60.9869924769878,15.875582407470592,37.91616957523975,0.0,98.8476897286787,318.954527008302,926.3295349085832
0.3440270182,2226.2859802772223,14.768314047787783,3.0557557618,170.0,104.2230691903,19.83364402489108,35.560073073408276,9.964628636020878,29.703490808511106,0.0,97.23470717236444,392.47617417151343,816.6331277834443
0.2725507202,1723.9882421420257,10.73524517524853,3.7000000477,242.0,288.9893327829,23.75153336785043,56.48988995878646,11.376322778805587,36.12728160414145,0.0,98.6214526715421,403.8144639417371,739.9970655606269
0.4416466037,2803.4433352906635,23.676411877928658,3.03909568,52.0,584.5621088323,9.542593248630325,14.57661093241391,2.925042066824447,16.161142518652294,0.0,95.13687854319463,311.65583972279165,657.9298430935712
0.402515499,184.21389552748377,9.91250623569793,5.5317370012,295.0,244.514228223,18.227478020284416,23.720891850417146,9.980378816326555,26.47601700120253,1.0,95.11325986403297,227.04083719129315,792.9787426646835
0.5449720238,223.28708223807735,17.376382772798518,8.1017827001,355.0,777.6975220253,23.873722211171195,37.60005630702913,15.566416475835036,32.18229208199327,1.0,94.83716924748188,125.66430923095191,337.8341726532797
0.4022305556,358.2254705646776,17.499509575155002,1.7978951593,305.873712299,349.2852747631,18.25046255262572,27.677531685616646,9.164072222077506,27.337852764265016,1.0,94.26941962598832,112.41921320568258,482.8326168379425
0.2994533333,430.2653989251757,11.158913949172621,5.3138346851,334.754894321,173.2629991565,25.459001541137695,44.64949893951416,16.342750310897827,34.57674980163574,1.0,96.63067442691657,202.58747402763444,1007.9868833437705
0.4071072917,118.97262546661136,9.13373821195059,4.8672615756,262.0,196.2777554761,19.5025815312554,32.14253736593753,9.716654338862728,29.289302348063295,,95.53151562753708,226.78482842248332,681.2327964120055
0.2497340741,2842.91542959964,27.791920591221164,2.6528394229,290.4148167202,201.484688191,13.739327407468924,21.01919571942095,6.657976893228182,20.82142645893181,1.0,94.09926627643961,290.79116216631024,809.9103207959802
0.4211930556,77.8010989010989,2.478788215707947,4.7783539911,340.0,441.8683218854,25.502183906886927,44.824132903823894,15.52450472536071,35.481007790780424,1.0,94.6543491053739,133.81019276012276,389.39252490171714
0.293915,1682.4126506024097,17.442146712254328,3.7999999523,237.0,371.9930013533,24.034750938415527,52.867000579833984,13.374000072479248,34.69624996185303,0.0,98.13953688497918,166.18452780775817,440.1898528787091
0.3930916667,230.29966777408637,13.915280612342777,4.1999998093,280.0,261.5669141173,26.653262566104196,40.72217542966221,18.799384832988196,34.50806082957864,1.0,95.10389678632063,344.7331563658879,982.276044841575
0.5642223172,1400.6241622188102,19.3681423243331,2.7666666508,276.0,263.5413989921,18.629551029205324,30.666300201416018,9.55279998779297,27.70734977722168,1.0,94.58820859516432,147.22056596573933,483.5979071744014
0.5630743637,1664.8399103592371,26.87278984652494,3.7571428844,247.0,321.7209998371,20.430400848388672,28.254350185394287,14.325400114059446,26.536199951171874,1.0,96.62173762316584,441.5742594377031,1063.9804662812858
0.4703592939,237.09289681516722,13.998008693825668,5.1883976198,311.7844625416,328.97949947,14.310625672340395,7.26099991798401,10.504625082015991,18.117499947547913,1.0,88.04135303018195,152.24443499397904,701.5986871716732
0.3645403993,606.5306241170116,7.944593336057022,4.5578175938,346.0,191.3150829867,23.381429284121708,47.2924217041035,11.434867447722684,35.32902068736935,,96.63355120316457,233.63548167965482,857.0058455086286
0.4303739247,294.63368834080717,15.37264611323396,3.0882663334,252.0,118.89569327,18.121530538461123,21.971263861712934,11.651916311927563,24.592223995476488,1.0,90.53122255895727,111.32713664561685,834.3686004329676
0.5371323718,1679.3980121978764,14.234029415123937,4.5856730144,229.0,145.5969128194,22.326010987152134,39.17895707662956,14.544653980581714,30.10898622601835,1.0,98.52404007135819,234.12010057136652,732.443054806544
0.4010516667,1059.8993868101613,16.674114079760187,3.8468848873,245.2316539597,88.317941117,21.578846839532396,35.259154279002885,13.781370545774386,29.37739891099578,,97.11978260052167,332.4091858318327,1340.4709147365716
0.4555970588,1284.2303943962236,28.155102765730785,3.597919146,248.0,134.8642177212,26.47615274422377,44.12486682862666,18.098073608331575,34.855169151358304,1.0,95.74767384701369,264.6689390926686,952.4324102965879
0.3833505208,616.8414842681259,19.701674407386257,3.2463280121,239.0,167.2279289653,23.816071104701443,39.11515129238063,15.609369090735564,32.02375650521832,1.0,95.93886271768615,778.2347022151397,1659.2550527104572
0.4803224359,989.440342938795,7.14387664366376,4.3520130925,259.0,127.8010005922,19.25000047683716,35.295000076293945,8.496000170707704,30.004750728607178,1.0,97.19238367560358,598.1735305316332,1590.0713214840002
0.5827,1801.2190174326463,21.25384030548026,3.6758482152,212.0,236.7510021019,19.058250904083252,32.60325002670288,10.396250009536743,27.72125005722046,1.0,98.55788289880189,673.2893995898443,1031.407733151447
0.4104805556,685.499802916831,27.207468302408728,3.8002374408,310.9988125577,190.96184733,23.57064123814434,40.11064358962373,14.115547478810694,33.02630191375298,1.0,95.9712946977547,161.65837709687509,531.2203941974174
0.26644,904.9443462897526,20.17446451915869,4.4685579885,249.3397739192,117.6400004821,23.920501232147217,49.88274955749512,12.68150019645691,35.160499572753906,1.0,96.45933061042271,238.562334986838,925.2830619166498
0.3159916667,1243.194705882353,19.05910297562094,2.2000000477,218.0,120.9889997451,10.347250699996948,12.711250066757202,3.912250101566315,16.783250093460083,,84.94232359666967,118.56214041899813,878.1971654124314
0.3502333333,471.5926404131698,15.361410881143142,2.8026730543,292.0,122.8429994653,15.797000885009766,26.889249324798584,4.626749992370606,26.968249797821045,1.0,94.53026174797772,97.6820488827422,826.1619316873595
0.5262551347,412.6597842567287,18.354659544373572,3.9000000954,284.25,350.2434992985,25.915750980377197,36.336124897003174,18.22074991464615,33.61162519454956,0.0,94.76377162892838,175.80653244206053,1142.8715091670015
0.255163432,1267.0334921216563,2.375913518604428,3.2000000477,197.0,269.8156662721,23.740167776743572,35.608749866485596,15.102000157038372,32.379250367482506,0.0,93.94428872726084,132.8942645164635,956.03872462709
0.4263481266,321.8789400839361,15.912003221336418,4.9666666985,333.0,276.6743513723,21.03265167431545,27.832414675398276,13.171065649693833,28.895632086329265,1.0,91.92117815429691,109.41683118631792,584.9402641911404
0.2498544604,1119.2178589181617,4.840469609363036,2.7333333492,242.6666666667,225.6239990156,24.775376558303833,47.987000465393066,14.95675003528595,34.59474992752075,0.0,97.96235563010787,298.26539470175334,791.516135644481
0.4769882979,581.1685473546313,18.03041467426216,3.5999999046,253.0,417.7866892215,29.640845918915605,52.04881069643903,22.455058598007575,36.82787916786389,0.0,98.1439430942446,402.13869737831436,732.0097616857048
0.292538079,1657.4615648272206,12.399316826740497,2.6000074353,318.1276590736,287.0341684172,23.488707889972257,46.45822708581498,12.71598000743399,34.26258071305405,0.0,97.09667016672446,247.6854354034487,800.3167054304157
0.5537771994,2095.477669412619,14.677051260352973,3.0,7.5,1154.2944962939,19.869000911712646,23.349249601364136,13.888624906539915,25.850749731063843,0.0,94.69340777760799,355.3758720115662,594.0380491476217
0.5602766284,953.0063626380725,16.78858312493081,3.8165621297,286.3437846349,582.5001244922,24.43820995150203,32.324349841155126,18.208830548166564,30.668445007637708,0.0,94.83615220174822,143.30463929967647,925.9047626148113
0.5167849567,693.7753107709995,13.822489071235603,3.7999999523,291.315143853,479.6147021332,24.91896844846467,34.56415523223035,17.672822882862818,32.16625292901544,0.0,94.93947926357151,123.50367791699452,1001.9293334075867
0.4596353079,2655.883904818209,14.417993946738173,2.2712698811,65.6058177518,490.0356868923,14.040532348078518,15.08649811297682,7.08415552254627,20.997749773144086,0.0,91.00435186024116,213.18658197899643,768.215575440637
0.3956516781,2593.412303290415,14.307151159993738,1.8040646201,144.0,518.8353266481,13.888351939985654,22.1424982144598,4.820636889771404,22.95702743405251,0.0,92.45233619861989,104.14577546912389,739.7035166713929
0.4975777778,176.02238349217453,5.648218895691804,4.5617523992,311.1628538237,339.2221583803,24.857832596706523,35.84057334450492,16.699962261962618,33.01649488177701,,94.27677477370659,194.93850433535002,962.4655272504812
0.4650746667,288.4984252886971,14.384434840392165,4.0,280.0,301.3864978951,19.947008335602213,27.297120757722485,11.482620678087047,28.412893412513167,1.0,93.50958516822038,247.46643080670367,630.8019730081054
0.2901198026,1578.949437421864,16.217944659376528,3.3452830449,300.0,344.6368775016,25.452023330121733,50.61896270364676,15.522472802216418,35.38208870253226,0.0,97.3188267324037,120.15839995192152,668.170166066486
0.2607592105,1468.4003241491087,8.4241927700224,4.3859730717,251.9462254727,261.8586587413,9.112970984455558,21.29422965942341,-2.346450157171802,20.21352776837292,1.0,95.65021974537294,230.78695884658885,1022.7794517287134
0.4274214912,299.8530657048769,5.718545987400606,2.9610234436,265.5590637443,225.8611791861,26.926880364371318,56.50516191738514,16.24403163959413,37.610748489960265,1.0,98.64106969629285,385.0067200022621,947.5463185454832
0.5066833333,392.10788727697184,25.55420939797498,1.7846722061,200.0,758.2557357254,27.281300092013225,50.84088663609589,17.97142336111694,36.59260187804785,1.0,96.90443264793603,161.0734472331818,960.667260185278
0.61010625,140.720566159125,10.683079324335134,4.2124035197,307.496138172,364.2162753802,16.75329253061117,15.147482457286086,9.846739027841341,23.660387572173615,1.0,89.22653846418055,207.9698154586105,624.2811178364304
0.5018065476,145.0865732368897,4.370456016772371,4.8738543958,308.2614569334,330.9063987458,25.00012026913709,36.431897057151104,16.79552226631374,33.20546665568545,1.0,94.31339401260517,199.1089256024262,978.340233916542
0.5954166667,454.76763899276995,15.983718676412233,3.3450809862,326.0,648.8279036826,22.920157795073514,43.943585067008726,10.995327811520703,34.8459860365525,1.0,97.45376457294381,710.9165404513121,972.8780692815352
0.345375,640.9309961046188,17.90011581174851,4.4000000954,335.0,327.8138998671,16.30454344463095,19.766434561694677,8.335100027541454,24.274979325938844,1.0,94.23795456548663,73.50235906734486,341.9538414254163
0.4707492424,650.0868472493717,17.23947157261592,3.3253471694,252.0,404.4279996357,19.917001247406002,24.616249799728394,12.309249877929688,27.525999546051025,1.0,94.26287881348465,116.08760969267627,247.13380113544457
0.4279515152,61.46353276353276,1.335838534689357,7.39880373,347.8548982145,728.8631346613,21.715309514974457,27.60118190249953,14.28818059022342,29.143368949953874,0.0,93.91125798019199,264.9088421474257,429.36348823128236
0.2195166667,1389.0467041087793,3.17576728864707,2.2999999523,299.6470326594,198.6351015061,27.227129551657672,58.71870938359469,16.47636716882241,37.97923820768513,0.0,98.91861045428645,479.29790194007694,1014.4667857694153
0.2463132937,1402.8968354430378,2.396142874045085,2.8729605512,198.8808961376,350.9571496343,22.608330013635292,39.20462833240922,13.49652645788199,31.720633216024304,0.0,96.92408569028781,133.7026813218173,903.4398801963358
0.4675170635,108.81118178774689,2.618078922493066,4.0,310.0,285.606604934,20.47046488906924,28.951345811684128,11.810159496916325,29.132008931461858,1.0,94.98435708778416,275.5090492572856,740.5281473960011
0.5206321429,225.54012112036335,9.442363945813817,3.1119444185,304.0,355.8209737901,25.535627196077936,40.99552513370211,16.40389061019564,34.66881702351609,0.0,95.14639369967462,229.32739480558251,1158.3748807665916
0.4604716667,124.49289099526067,4.008534344965299,5.9000000954,316.0,294.6786483969,25.450225068559487,48.319056432727066,14.790928304421367,36.110483413011885,1.0,96.41054457104386,424.3436070204818,807.5338284637108
0.5243116667,385.60550045085665,20.776001078143004,2.1532445937,272.0,557.9720022045,27.43075132369995,53.27649974822998,17.244499921798706,37.618999481201165,0.0,96.63360144566018,134.0177426667879,1019.179540106253
0.301027381,1306.4332627118645,2.442664833676259,4.0120514417,178.0,318.5253637974,-2.074376983867481,4.214328103983464,-8.412656596924707,4.262701455407615,1.0,84.3106100829582,70.73832234814839,1084.3975552927295
0.4164590909,1307.6461710452766,1.759621232931277,2.5,207.0,403.3041975795,21.281663165972898,41.57568261939834,9.761876161481958,32.80257930200819,0.0,97.04905598415601,153.38595090979146,1020.545895205431
0.4658316667,419.1711136890952,18.11020783665147,1.9978801777,159.7419376419,630.9465620576,27.420471538789645,56.28116898320836,16.59110710446734,38.2508039729528,1.0,96.65792212130833,217.03293200108382,1006.9176086179273
0.4775736111,255.41082989994115,14.479560293945724,4.8000001907,255.0,407.7379992172,22.709501266479492,31.67224931716919,14.242249965667725,31.17799949645996,0.0,93.5064066191315,581.4251760508084,1007.2597831931726
0.3716694444,231.03975903614457,6.92940511606544,4.8000001907,311.0,207.9154970585,12.614031381662915,13.73393019214788,6.15341200292558,19.07587082341772,1.0,88.06158727108587,87.2099092301693,627.7333638520993
0.2203152778,1562.2697044334975,16.634412057220644,3.0999999046,261.0,259.406437569,26.90151242362871,54.63250257328502,16.417851472586456,37.38569495908686,0.0,96.56407752195136,311.5642942514404,827.2937705507572
0.292021875,2400.364105874758,36.910238466546026,2.5,175.0,382.8247000703,17.695117101079155,22.28676142804709,11.257829951837072,24.133626433608768,0.0,94.02150510129403,471.028508123694,839.499192682295
0.608677753,544.7430932884365,17.050847560012222,2.1499999762,295.0,601.1177754628,27.816342297470076,42.011940862083534,21.20439395286331,34.42952011877037,1.0,92.51131115955417,404.9199171906557,1317.4555636100824
,1089.1110174983799,10.29199865824861,,,,,,,,,,,
0.4411351852,527.8613790125233,15.602147601552364,3.0,313.0,301.7472170337,22.544479105189936,32.986846204516354,14.471767669223443,30.61848656180272,0.0,95.79522518748544,271.1088723168732,607.2526503166723
0.5877509259,923.6485088253194,21.263656108718926,2.2186678116,254.0,598.4962088682,27.748472091169408,40.664610342164785,20.124437006846705,35.37330257294109,1.0,95.2571644519498,259.6889028836698,1138.2579000761543
0.5058333333,496.09437846397464,15.688147138704503,3.9026296957,337.0,456.6459986875,23.09675121307373,33.892749309539795,14.028749942779543,32.16624927520752,1.0,94.72272133403845,582.2724940743706,896.5560064170116
0.5526494444,1576.4043429427181,17.172639563964218,2.09306403,250.0,308.5206996114,25.25798699018444,37.79124025686366,17.700050750077967,32.817117422842294,1.0,95.30363062900841,427.14829017047344,750.0183095555594
0.5348891026,1366.0503884106656,22.315606354472017,3.3045993535,241.0,566.6260811463,23.920261044953676,43.041439395167274,14.194891029500752,33.624644697959766,,97.74636202781724,280.8653450311153,1157.890510014222
0.4615017857,1258.1117659440117,14.22653282794594,3.3136882868,274.0,350.6741528338,24.779110838469364,40.18309898307358,16.579201943916797,32.97997722715138,1.0,97.07860766292113,369.15165648459435,700.7761812750329
0.4592423077,472.97650927883484,14.518756557020582,4.9000000954,304.0,322.7446670226,26.826735502956748,47.40304534610659,19.06392938673546,34.59007878627684,1.0,98.36063642449996,410.6737900638069,743.4955842767008
0.5045369048,1068.9117555347677,13.481474222852912,3.1930953279,315.0,379.7839326302,23.84612659815366,43.21408880287518,13.65943205287552,34.03429404191609,1.0,96.8037668741497,170.75950189908488,433.3781413357625
0.5676760417,1160.4619377162628,20.900130297919045,2.4633282477,275.0,433.604319029,28.25668912497329,46.576054480718334,20.45811128685005,36.05629577218352,0.0,96.4947567874897,423.11971492138923,715.2840664992673
0.4275013889,465.66589684372593,6.863060323399614,2.7736385154,319.0,293.8110019097,25.206501483917236,46.96000003814697,15.007999897003174,35.4057502746582,1.0,97.5817850372724,455.0900028281713,875.2795822167323
0.4568652778,257.3631258773982,13.658800547305367,2.3901705118,226.4102258306,397.240115983,19.184761312480816,14.83975382513859,12.838774961560201,25.531566015449492,1.0,89.9314451023407,134.60247446320585,527.2222059173134
0.36254375,1049.7875185735513,7.788186457235074,2.5999999046,203.0,356.1292076959,18.75305981190599,28.02290423438342,13.35705678153785,25.946058457065288,1.0,96.08747228602904,865.8250423020334,1320.1817603975228
0.4540125,1109.1390593047036,16.222941180298786,2.5533256098,282.7339471511,331.5795015589,27.243341329420467,43.5450518930064,19.979742053228456,34.508308147267876,1.0,96.91241441356682,421.21526466774094,791.0672422635257
0.5703770833,666.0005327650506,20.97391450109797,2.1811603878,182.0,546.2029966819,23.55725049972534,32.176000118255615,15.770249843597412,31.34524965286255,1.0,96.30990758048571,448.10319941940213,819.319260027125
0.4234597222,780.4910878918255,14.904926095334165,3.6110023857,78.0,785.9601331001,24.023471912566876,44.59636772605402,14.518941041713552,33.52901699893447,1.0,97.34407448435078,976.7071931534409,1423.815346466065
0.5653512872,425.9999591731196,17.338268520034635,8.3700000763,338.9,796.9257492462,19.729750841856003,28.257156252861023,11.227906256914139,28.232531368732452,1.0,94.49448880050782,999.5522535626274,1575.207257681685
0.5608826471,1637.596391972673,8.331640452548964,2.5500622448,303.9636447464,493.3567452976,20.434106649802462,28.898995019159173,12.672142141202565,28.19730660761383,1.0,95.47502934981763,197.14271992057806,618.5502273691662
0.5391346688,1718.978562993914,23.963559914987716,2.5935131287,36.0,796.1897810191,15.395920163354207,25.228722444034812,7.646035966232476,23.146773282619897,1.0,95.16537370661024,633.0295366889895,1170.6294160465877
0.6094111111,854.1221297359358,15.077233957958619,2.8785255015,288.0,479.2849999005,19.17750120162964,20.89275026321411,13.151000261306763,25.204750061035156,1.0,93.89271256964719,463.59721983390057,918.7754370099167
0.4046319444,598.6069124423963,15.340265929488359,2.3369180363,296.0,227.7199161869,21.510981569594577,36.809586252648934,11.326973211776917,31.695746210730636,1.0,96.66668251723098,692.1138289985632,954.4174280093982
0.2072590097,1419.2886388786426,5.95046928856963,3.3916169478,256.0,178.8300672969,22.754038122324516,53.99669529310587,9.84172039220486,35.66729321892848,0.0,98.5192436570968,429.4890455010625,1153.7122223046601
0.4205512821,150.54716981132074,8.916897273085194,3.2999999523,281.0,216.327101501,20.282949682227137,23.94319264421894,12.761914094208736,27.805233544993843,1.0,93.4771191268927,348.28249135998476,1111.0877021027031
0.5155718821,2626.6231561931704,13.136379613252958,2.2999999523,257.0,389.2023417667,16.03773152886337,22.175146872132935,7.765545034611778,24.31163348097336,0.0,92.75040765532613,254.1030108165126,402.37841184820496
0.3426865618,1017.1996440225453,11.187316327040572,2.7000000477,321.0,469.2893427883,24.990223231457367,46.23592973754201,15.038013960781942,34.943619141542975,0.0,95.25798507140627,151.54539523388155,655.1903160644707
0.585540625,593.0190100430416,13.821966200265258,2.4737278749,8.0,532.5009983367,25.055501461029053,45.96074962615966,15.46049976348877,34.651501178741455,1.0,96.94572690278561,563.986781558453,1085.8792091189355
0.259289899,1593.5830546265329,6.600799064428468,2.7999999523,267.0,317.1057598138,23.682231258253893,52.598585248135166,12.268072193561007,35.09730365945317,0.0,98.11266195209534,212.97802778399407,823.4287332607541
0.2509052083,1426.1410054988216,4.47844706204166,4.0,240.0,280.8479987428,22.494001388549805,47.93074989318848,10.917250156402588,34.07199954986572,0.0,98.21294433119897,398.09567184418586,1005.282641596446
0.4455444444,144.5689935064935,5.270068609252476,2.0999999046,174.0,563.2415158716,23.64958418818783,37.7836381095597,14.381839640919887,32.91817864535968,1.0,94.41637486846203,152.8303800970492,481.182457627325
0.3931986111,78.61395950021543,2.639711461746194,4.3339420048,287.0,203.5692178963,17.6017238086583,17.08733722852049,11.02995339145607,24.17446182018669,1.0,93.44287926045483,328.7203375867929,746.8944429663983
0.2156556029,1505.6430282702443,9.329006854989167,3.29931637,85.0,172.0187057157,18.49855683464082,34.36536639930634,8.059247117182114,28.93936114082197,0.0,96.03099701468969,128.87125079921344,674.6586758830776
0.50574,1571.5611332007952,25.826251971555752,2.2000000477,39.2005782796,1064.3571161252,18.391724634940854,28.255731103371193,9.710672347991318,27.02636834325603,1.0,92.74741339011652,120.08101705876257,320.5649167390009
0.216135,1367.4389140271494,16.824311488429284,2.7999999523,255.0,264.4100019038,21.243250846862793,46.0959997177124,9.376000046730042,33.11224985122681,0.0,97.79153477267378,467.26321741624247,1167.4121594996789
0.5605107143,375.2707581227437,18.971600932088815,4.1999998093,280.0,306.2921042007,18.06741979514918,23.88555248642731,9.338881714754145,26.79660145868482,1.0,94.65768981864579,499.3976847743548,749.6546661016916
,293.7584080717489,7.953463539898796,,,,,,,,,,,
0.6463916667,1021.2985166872683,16.982704656822573,3.5999999046,328.7855793102,1746.8579948535,18.763501167297363,28.0794997215271,9.842000007629395,27.685999870300293,1.0,94.42830165172356,95.41967160113819,706.7340553058896
0.458310461,1040.246176387941,8.382206420649046,2.75,248.0,380.3415019136,24.64362621307373,44.685875415802,14.328374981880188,34.95987510681152,1.0,97.26039335203154,178.930912247074,877.7036024966665
0.3657438314,1088.2454782861012,25.158302744406427,3.0,261.3209150215,214.8463598083,18.710477260500703,31.607582135866235,9.483990325477087,27.938205124677356,1.0,98.13735600782599,235.37819627451552,508.2584334735752
0.6699777778,1128.2206809583859,24.362426700011778,3.0,284.0,405.3052453055,19.70415529993805,29.813966887649787,13.176827490732876,26.232649599483494,0.0,97.00886548253936,144.34457607327352,232.08749000027962
0.3180833333,947.3660147320294,17.607768833099783,4.0417827573,281.0,231.2612270145,27.399611882242176,56.10763035487244,17.215895418005836,37.58386404605243,1.0,97.31538449895962,776.3497860098696,1138.2633786866938
0.41175,694.6147709727226,15.449506268288692,3.5999999115,223.0000005185,215.7792569336,28.171076565209184,56.94834852715111,17.723289316103386,38.61948211165178,,97.61372348205317,685.0358443344899,1235.0754905682636
0.3018758333,1287.4026095060576,7.292453203402384,4.5999999046,240.0,253.4344759167,23.853282836710157,37.26924953718177,16.007094685330657,31.429594273669522,1.0,95.54557221957492,424.4490293957467,748.6386706955736
0.5271855159,2229.305450805622,23.678308387161486,4.2514104896,206.8622040756,559.785004233,-1.293000034987926,7.042999863624574,-8.220250010490417,5.63299995660782,1.0,91.0618160494782,6.931572011815165,192.64426641731927
0.291212037,1296.9258418463867,12.484087044503532,4.4357152566,226.0,257.9521040046,24.61647727238944,44.05261181822014,16.48742454104396,32.746479994331175,1.0,97.18401151468962,573.3076998797363,950.0322443549169
0.462822619,809.4905838041433,15.929949112685499,2.2000000477,190.0,313.0470399142,21.724521283966553,35.579758766453836,12.841776851268314,30.608513599507816,1.0,95.86333956614999,471.9535582281038,839.1483932370672
0.2991166667,546.887909936368,8.210173471879562,2.7018688673,302.0,233.9112546623,19.467457782907385,38.36081101902283,8.6786682354935,30.25723390342603,,97.54488668088585,164.01478096926735,613.4019249883743
0.4647388889,116.4284204965663,12.825837842683217,10.3705022432,314.1774776699,255.5883174474,15.950533887191465,8.218841607458923,12.870595865255217,19.03122854117082,1.0,88.31168842943057,347.39108962658565,882.1658775687606
0.4842316667,968.4524969549329,27.192373950483592,2.2999999523,298.0,291.2469997867,25.99479591827784,49.463056322358135,16.951878175189712,35.038762742514514,1.0,98.9697625711562,964.649133806744,1354.999970055517
0.2540077877,1770.17000322619,10.905748717076586,4.1570662221,238.0571789887,346.5696679024,28.599751313527424,50.48683325449626,21.41641680399577,35.7843329111735,1.0,99.73212834510748,512.3935263618054,752.3106281543072
0.6126819786,2207.840391584185,22.3536871312842,2.7999999523,227.0,1207.6356310255,22.317107808969425,31.72187959210632,14.796339548026728,29.839015588862583,0.0,95.87115214932,274.89758003094744,455.7355063598717
0.4858096875,257.77751880495816,6.16580515740938,4.8705707729,301.0,306.5315565488,27.524216472647645,42.834757063220735,18.825856598121945,36.22380458016339,1.0,98.21670501538262,598.240471086585,1116.4386042637161
0.5350314236,403.7478925344169,16.912333866768954,2.7828437922,325.407186106,594.1675383745,27.59389230141177,48.116698839050315,18.86318816031106,36.32552504767521,,96.56645699340667,358.93442758691754,579.1231406216576
0.5215182971,424.49556493546214,11.85402229714519,1.7155653664,309.2329291524,1047.618501009,28.934483302619725,63.05573339278337,17.883154463634305,39.986788885678166,1.0,97.21192338062602,357.01668207915907,688.4368153204397
0.5460710145,331.694313700547,14.08379722758796,4.8796919368,294.2718284074,507.1988833095,19.720946465568517,30.659989052308525,9.850640184301051,29.59204245163356,1.0,95.66744937327059,565.5996230416529,1104.9862888777309
0.19334375,1794.017682072829,20.715506122277983,3.7005765653,172.0,297.0491484025,27.117303428498136,38.29429045626728,21.10079135398453,33.1350633224512,0.0,95.8422853264335,125.35845223091893,817.0985065757579
0.4716827778,322.59395409591343,12.842559473091685,2.508317234,305.0,316.2012863889,18.319724360488895,26.319828911762784,9.35930916774731,27.280801660992314,0.0,94.51028190446931,682.3955375496217,1410.207811192971
0.5663647436,645.5607798165138,15.947663993983094,2.6265368588,294.7447776289,577.6980048292,27.801751136779785,53.05025005340576,17.68524980545044,37.919249534606934,,98.15167069376804,468.11611241964823,680.165662143261
0.5451185185,207.25145925752977,8.033321863895763,1.9817929302,319.7268940182,641.6780065456,20.09100103378296,30.0339994430542,11.601500034332275,28.581250190734863,0.0,93.76394389906316,272.6454486347758,1241.2958392769858
0.3601513889,921.998585572843,7.042138036096338,2.7999999523,63.9332740746,427.246724866,15.213230121540215,24.01874995754534,5.60616054652706,24.82178922569076,1.0,92.57006541876149,332.767463821717,1053.197326423554
0.3866381944,320.21750593198,11.557261879561038,3.0998008894,189.0,378.0727675975,19.200359248793063,21.176345340272913,12.770827926395919,25.63093575590636,1.0,93.33219737788312,83.65662314842425,355.5642618941864
0.1993931818,1161.708025343189,5.322399839011456,4.2975638715,189.0,356.2797804119,29.551714046037134,50.81641462536474,22.522420949707325,36.58194813882613,0.0,94.11104170277437,365.15301378528375,886.0251302864896
0.5408060317,2560.5857718120806,22.98589124817176,3.7999999523,178.0,617.3827214036,20.686568205372986,28.540394747808175,13.820962131214836,27.55342027905008,0.0,94.51196347337164,226.27878591803062,458.6398746114563
0.6192321429,679.2977491961415,8.206813285598034,3.0888192862,345.0,850.748069822,28.99459533445589,56.09747266367624,19.039040758459,38.95088639894285,,97.55847692005092,432.7361897580168,633.0077361199712
0.5616925926,722.2224015493867,16.33805519088458,3.0051320332,312.0,1084.712001279,20.61275100708008,29.54749965667725,11.740750074386597,29.486249923706055,,94.7655645074611,137.43759781471047,385.26653216959676
0.570755,2194.308060360692,12.08602764565233,2.6954229103,45.0,1611.1349808417,11.537547739654759,14.359160075686159,5.209665827053462,17.866408934721488,0.0,89.28368895036749,109.87665619934731,830.743568587438
0.5633509259,160.58280922431865,5.640824712697316,2.7000000477,308.5420241727,527.1889463052,18.49319158519037,29.10631220750962,8.034818731036426,28.95278403519496,,94.70402587703671,385.50085312895754,1293.1702542491637
0.5948791667,151.56614699331848,8.158159756076362,3.1002163384,260.0,637.0998770297,24.09138239065843,40.69731798361346,14.47724299086569,33.706244980485714,1.0,95.96424926454699,302.24238465601945,696.2750636040473
0.5350375,425.0372866127583,27.204457208741815,1.6000000238,157.0,835.5401729017,17.806253070065942,27.351433887086674,9.525019064605512,26.088235301673784,1.0,96.32877901810691,689.7631710586472,1308.4945316463989
0.5740266667,66.37810945273633,3.314453649944118,3.1734643665,289.0,547.1014173844,26.481695303674947,46.03736687933964,16.89138913174956,36.0722355420809,1.0,97.6423920934918,415.5218052182227,860.992914458306
0.6176652778,347.47948285553684,12.831860895787417,3.7999999523,263.0,595.3479989738,20.988251209259033,24.47350025177002,13.976249933242798,28.001749992370605,,93.12057614438608,166.2302825603494,447.2409432337207
0.2780350575,1306.2871564365191,13.949791282583753,4.6499998569,197.0,449.9863982138,25.29026669435501,47.04403615130952,17.43971577733294,33.141847496063576,0.0,98.31075280251898,416.8147338863136,610.979177683111
0.4913624183,423.76658778556475,15.380313535156583,2.0499999523,15.0,718.5034766875,21.12700883755175,38.340763598830726,10.400502510864264,31.854646654044117,1.0,96.24804220275163,126.60046442912025,1311.740279176366
0.2498655914,1285.5224145999064,10.510736548245148,7.0676835075,200.293281608,465.3813917598,20.31138778799427,29.229443232592196,13.661591263649878,26.96214221948373,,96.7150126393537,382.3276588507863,547.2312837213062
0.4350953704,507.3867906256053,13.56317852853101,1.9755289274,328.0,368.8546127485,19.636396319344165,30.285028291187874,10.444298731351317,28.828495525916033,0.0,93.67397123379321,516.8209159317774,1425.3472304837899
0.3984864035,853.5466309683177,5.036997762634058,4.1542155807,228.5421572777,874.2124930787,21.45697401017916,34.6077785607717,14.015515685197942,28.89884129257868,1.0,97.15301772849429,257.3435073846507,494.3560781005983
0.6372375,382.3949169110459,15.452495672126748,2.602538011,206.1269052897,965.6453506947,21.525483568670797,26.029187816893167,12.904320184599456,30.147275179337125,1.0,92.96195586514247,292.79563162993793,625.0933461282103
0.2108681373,1250.8900645624103,2.766106080515056,3.5,157.0,437.1353473639,26.971018408003157,35.59432755994983,20.810078170654656,33.132810697895565,0.0,92.78340512956052,76.2415864558437,954.0639523985809
0.4248255208,1335.791502900992,8.120616341605517,6.4249971758,282.3750731369,575.7079573964,20.392194123082707,26.45252450015651,12.17726001822393,28.608091587976887,1.0,95.27623319840907,337.41930879075846,574.2352529248386
0.5477916667,647.4095974528087,8.35091140801212,2.8780272722,294.4784710139,482.6930011372,28.10875129699707,50.83325099945068,18.32100009918213,37.89750003814697,,98.20042465443514,483.4082178195552,727.1362350697186
0.3045955128,1248.5655172413794,11.652566726790077,8.8585865223,282.0794625501,454.8563701572,16.046749706207425,21.204620666730555,8.465757464758674,23.62828933196389,,93.69390475700115,120.71300051073712,246.83793695148267
0.4065173485,460.6384059909067,12.92209830830747,1.7585245589,339.0,371.5435241349,12.275845983758739,17.82827703878864,4.656114842839682,19.896640874469647,1.0,94.12560735169632,104.61416566225638,1129.2369260332607
0.3969972222,295.3978912319645,1.889498721828868,3.5997303953,290.0,239.1418207863,27.908732169386845,50.80759053703136,18.752520857970648,37.065908623988726,1.0,97.17508499522754,388.7394837282012,985.1157993076852
0.6603007576,1544.7013690815745,15.460673925047661,2.6967527593,226.4154889319,1029.5507058575,22.6709913571851,37.0845053156685,14.659642751620982,30.68329170621235,1.0,96.65124475500465,186.6582537069184,921.216351537755
0.3216180556,1557.0717579250722,21.90308793357195,5.0999999046,220.0,644.5140828761,21.203295092335896,30.5498937538558,15.733844085204518,26.673657784814242,0.0,97.31612822627255,144.74067841391826,825.9488117744008
0.2537,1445.4069560047562,14.318413062608059,3.8569096916,196.1545171059,539.5745198431,27.30692976056213,37.96919280444312,20.782399243322946,33.83269133931822,0.0,94.43786716687141,74.11317893374445,791.7639439099113
0.4430071429,880.0464201416207,5.080203562318388,2.7843911259,311.0,418.883011978,18.651245489922548,28.857804505632703,9.69308255299052,27.610409706692263,1.0,95.4747514490691,177.3112313041258,412.22644373377227
0.4833958333,1261.931914893617,17.091740265146214,1.5,250.0,854.4923081281,18.13083184829105,27.096688168192166,9.560991270602383,26.70142226232667,1.0,96.14664657084424,126.79624379122848,1137.3081277766169
0.3505797619,112.9699957136734,1.981377220733759,3.2357383013,266.5704654263,230.8259999719,28.235751152038578,53.5625,18.850250244140625,37.62174987792969,1.0,98.65693937976437,708.9629997115246,1350.1318911306744
0.31772,327.43192948090115,5.55918487106668,3.941782774,294.6167252661,230.7067334058,32.133360938724636,63.19646495786737,23.570040963447305,40.69748464434831,1.0,99.08776466212356,502.46753824385956,1048.7163005706889
0.487775,408.8009283135637,22.09182673966288,2.4000000954,200.0,684.9409826,23.695185523930498,35.006192458198505,15.319041728080258,32.072237274078574,1.0,93.0925087824491,274.5409643764506,1169.385022868956
0.2425125,820.9250883392226,2.853688121031535,3.4217388219,235.0,314.9539990213,22.60400104522705,46.166500091552734,11.781000137329102,33.42774963378906,0.0,99.26430406812266,479.93008229767975,861.5030944256121
0.2265995098,1386.1312598840275,15.081606655808644,4.2170900916,181.0,496.3086743114,33.38799822749758,61.804817682891425,27.429642424786252,39.34724267090559,0.0,97.73019016018117,635.3258136459486,859.6745501578522
0.5384966545,612.3836798240656,18.179145322708703,3.7000000477,282.625,410.1068350436,23.926334540049236,38.08337497711181,16.003666480382282,31.850083510080974,,96.75593895852414,354.03318432887136,605.3016058854491
0.5295542199,577.7069661450441,13.654312259712807,2.0666666031,307.0,429.498500006,28.683063983917236,58.55193758010864,18.27287483215332,39.094499826431274,0.0,96.87237317037054,474.6013409289707,709.6258109188794
0.3284700339,389.81000130468016,11.631490186791943,2.4500000477,321.0,281.6196667699,31.172667980194092,55.55066680908203,23.427416801452633,38.91883341471354,0.0,98.67050806305929,505.4736260657547,1027.8521368186466
0.2030671804,1073.9453150165798,8.432607182563622,1.9333333174,215.6666666667,125.9680009795,32.8803768157959,62.867374897003174,25.8822500705719,39.879374980926514,0.0,97.6238820086835,309.39081991050404,1286.873836943061
0.3469023891,2450.922529550827,13.659999354055447,5.8500001431,256.0,459.5108248021,15.380937987886902,27.998772718940707,5.906650768342574,24.85643117286924,1.0,95.80260254168405,167.4052644697683,1014.6637372221119
0.3193041555,1498.6390852089448,2.834282248556616,2.0999999046,325.1716928261,526.0273323628,25.91316779454549,45.204417546590165,16.980166832605995,34.84724998474121,0.0,96.45514870139196,387.58320627991714,686.6853656671392
0.2595035166,1623.3444008330664,9.443013224183787,2.5307377666,305.7364410008,407.7180820219,20.749611001207345,43.14161668049922,9.731538504400183,31.768425777345445,0.0,97.05118584792346,181.69554188216983,421.13138362730535
0.2388791677,1461.6372714486638,7.352205651910496,1.9292671511,101.0,263.924190463,28.65118510518979,59.10420027967379,20.118662246007325,37.18512307702468,0.0,98.86772981161518,500.2949651005017,763.6999627430934
0.4257670732,466.9426323998101,18.900366819522468,4.159506993,293.0,342.1381285724,27.18249409041202,44.56374527072403,20.016391702754625,34.35006906602816,1.0,97.67832143400526,284.09918752958146,551.8828043276636
0.4357652778,2865.227169811321,15.354142163697029,1.5641058472,242.423415237,1316.9718694398,14.523795887595803,16.176990254066073,8.259897851571376,20.788678619776583,0.0,92.8727864732275,185.05189207395284,404.09790952289757
0.2198252525,1384.4824606877482,12.684682974666845,4.6316437856,193.819181139,227.3890833699,27.67654542291894,45.88517786905453,21.136254326836703,34.218154195835425,0.0,96.12535599624846,325.46649201176797,974.0921824489013
0.544590404,408.5439028682034,17.181591708961033,4.4681450603,320.57329298,801.7381375867,25.36683902284389,44.10040244526932,15.991126339612004,34.74323391878467,1.0,96.48152873582865,297.73188290343694,505.15027391293694
0.3525505556,312.0291191236878,10.556847025345908,2.933180129,243.5407572011,319.6607453415,21.21752888694147,31.778569026975777,11.82981398173941,30.606242314657877,1.0,94.43972254966967,99.04389350658427,394.07481360407075
0.4704869048,1545.344831350289,14.30094380887064,3.2999999523,272.9574516848,580.7213654367,21.813951693820787,43.36007109413164,10.86353485776286,32.76530038829934,0.0,96.78915163271697,285.7519388041925,603.9643163355746
0.4210130435,345.0745148771022,19.53303306443571,2.5999999046,296.0,438.1899468189,31.30590238308205,60.49421743247812,22.07434505603004,40.53817123196816,0.0,97.68873055285194,483.40356166853013,911.2175183515911
0.4513883464,1333.0637091394262,2.351394831060647,2.0999999046,243.0,710.5602434422,22.373140214908037,49.06349101889354,10.348038487478991,34.39968667539239,0.0,96.52564444936854,187.79286506913044,423.4769277340963
0.4020485294,496.7213693312158,13.195202174779071,4.9385885008,293.8603523804,386.6260587911,15.19683280791056,10.925582099315537,9.801792017979363,20.592993736803184,1.0,84.81658640676557,51.84894318175198,348.34236104129633
0.46189,88.7577579519007,4.867207617579134,6.4000000954,294.0,308.9108529992,18.0668728615181,18.020563709156647,11.891030121113083,24.24396402757224,1.0,91.97179371130788,80.46340837171314,442.8391118392814
0.2768753247,1372.2885287575468,2.736618809323861,3.5,287.953861973,464.1817404433,19.813604085161668,36.13708994811416,8.967082149500389,30.66133367578179,0.0,93.91273164305574,259.1217051199579,816.3518769453584
0.5698136111,1433.9598170532506,12.778212215270688,2.4000000954,246.9977683191,570.8460013608,23.37100076675415,48.83924961090088,12.65625,34.08699989318848,0.0,97.04810303490804,169.16477004596953,412.3388057659775
0.2775166667,1417.1019108280254,2.567384423124203,2.4000000954,300.0,458.4594460865,22.12103324656214,39.64545017318509,11.552354426856972,32.69046363655025,0.0,97.09089026296233,264.9745324875787,661.9284675641352
0.3166554545,1303.912347826087,3.201742195315983,2.6867569992,251.0,599.1006255516,22.187231383241517,50.901443536684226,9.581094588534109,34.79365874471689,0.0,97.10266499863059,182.57712766820174,427.82576348639043
0.2251375,1166.932526585992,8.343962182120434,1.7999999523,125.0,145.342000579,32.405752182006836,60.63775157928466,26.17650032043457,38.63599872589111,0.0,98.60975205124082,273.3419649547622,1186.273127684658
0.4662489583,173.979637171418,7.088959982453872,3.5999999046,306.4646451357,476.7079963959,34.968750953674316,71.36149978637695,26.41324996948242,43.52499961853027,1.0,98.70419354087002,526.9976338486913,857.1910573388466
0.47500775,1311.7330783938814,2.057887174727584,2.1985326674,243.0,723.557153148,22.2871795711536,49.20902250062269,10.084712782649463,34.49103717348581,0.0,96.58837447455105,195.18322331565406,425.1748764008067
0.5036510417,108.0003885003885,3.71333709099817,1.7635953646,327.3640462246,1181.1393657772,27.414697465352823,54.40659661286585,17.15165363322677,37.6787662111083,1.0,95.35017687570658,354.28297756029417,681.9042374197663
0.223077381,1212.5451767786992,4.234246873884209,2.8895655221,183.0,173.8995608444,26.102155675880997,53.80287688644674,16.15389112391384,36.05113368628973,0.0,99.07132410298338,411.8240073258197,769.1873248720909
0.4273916667,287.472816399287,11.333013802275406,2.0854673379,337.0,549.7959141044,16.57677933689041,15.569940402678078,9.90218368068257,23.252373780948396,,81.8327008769568,106.7605876515773,1284.7366332387269
0.4358366667,206.4306812767985,12.519776540534618,4.4792357762,318.0,494.7610000223,24.57500123977661,39.59175109863281,14.500999927520752,34.65024948120117,1.0,95.66843952313596,123.68978701061955,310.0086564746428
0.5242686579,2001.0143678160919,12.3004366131321,3.2218488653,258.0,848.7697080859,17.099347206735807,30.587486548166005,6.963257518518498,27.2359988625186,1.0,95.52236193819337,171.7032089026652,469.8806890325735
0.5593458333,244.37155669442666,9.071895965126217,1.3526270787,279.0,811.5269957874,22.81575107574463,36.53300094604492,13.368499994277954,32.2645001411438,1.0,94.33869004694807,304.89427308613256,581.6987330283991
0.42994375,431.3675333801827,12.746037631954682,2.7999999523,287.0,423.8302134866,23.511137966209468,44.84238114412279,12.683439351913467,34.33975604187131,1.0,96.42358903609846,354.65026623218364,617.5109166148716
0.491723221,845.7966634327414,13.107084935528112,2.7599999905,240.6,355.8170014845,29.07333437601725,48.82866668701172,20.516250133514404,37.631416956583664,1.0,95.89818189980505,363.84671294438084,842.1776234179713
0.4738620495,1254.0102514934729,15.397808451780536,3.266751193,223.0,351.3515008051,23.64237594604492,43.07224988937378,14.541624903678894,32.74375009536743,,98.15294816565279,270.24912589413833,1027.5963193542398
0.6216191315,1098.667195508909,22.936570706655356,2.4938107751,275.0,635.7658033696,27.72136309261594,43.64686223673185,19.629690722364856,35.814231703522154,0.0,96.87197394321734,398.693456576122,636.0887045928912
0.4298688131,958.5648851628679,20.13178821872071,4.5778999737,132.0,220.1674227298,10.681701360995675,19.47613121052575,3.843681468774345,17.520262742452907,1.0,98.25635967897765,96.6836830186262,1354.7093809457317
0.381335307,1348.5375280583614,15.358697191290515,4.8099389734,247.0,349.4429570646,16.264243721131116,25.680418776061916,8.788339251784222,23.741325063771914,1.0,97.49846419048919,325.5672037190548,1188.8741653861339
0.4125835417,1131.016229985444,20.936255066626025,2.2404585282,262.0,343.7709063158,26.764805156916474,42.30805857597906,18.331281906087312,35.19907602782715,0.0,97.8820646090829,506.82304649409724,1058.0905234583424
0.4595885,1744.8867357668619,19.73990223596041,3.2702276013,274.9999502085,339.0991241171,20.777940901963095,31.442600070335136,12.938961685151135,28.617807095573927,1.0,94.26029686894701,195.3523944955995,923.5530137276335
0.2527400463,1428.2173808570285,17.2677059134317,2.0505112552,233.6482779724,211.8496762727,24.623711120315477,35.22611145582787,16.842476048826786,32.405893230031175,0.0,96.67804650989142,634.1814101473723,1226.92039491479
0.5246613426,967.9616051523409,17.237616191113304,2.6950168545,217.0,397.1441221407,26.284915969962555,50.57043948245352,17.484304316710244,35.086656852605316,1.0,97.203627248037,346.583897663775,1141.9121835693818
0.3486497126,711.8789190330413,4.82067037243457,4.3674135162,277.021603891,367.8802647447,27.04644972675271,49.2070139545354,18.184265892427884,35.90960790890462,1.0,97.9383314425674,377.3606335305473,923.9012084597
0.3572732008,256.43318992009836,3.394171513431118,3.0967298895,258.0,258.1801859587,24.011885767412213,39.39450430994482,15.5987627602252,32.426130607629624,1.0,95.06907595285583,576.4460324835163,1197.9318474428599
0.3292316512,197.21159748021321,7.213795661363054,3.546673717,315.2684722467,213.582658448,24.525970753068904,37.85768342461282,16.412308118724376,32.64041954967243,1.0,95.68342003147231,144.5816718366991,690.8175797072812
0.4953270833,240.74801324503312,15.480676815372629,2.6642284577,159.0,255.4688455714,23.518523338704966,18.39540874221913,19.54326382772871,27.494554163485383,,91.50141240266046,261.42550210449997,812.2201583059757
0.3023286458,1372.998215560314,20.251431530454514,2.0999999046,98.0,145.4947086809,30.42327325488096,45.84854408800072,24.974964512700268,35.87190842337426,0.0,95.45093102254117,160.9506609626169,1133.1807041113645
0.3192571429,829.7617880045266,15.572117128560157,3.8591844193,22.0,228.9829375051,14.006869026670334,18.557425459544604,6.151138040923158,21.863848607722787,1.0,92.48945114961407,95.47521749874284,487.4229027606989
0.3577904762,545.0055080721747,8.005784423625254,2.2797425727,268.0,362.2974094803,15.886387468547651,21.357039661758453,7.334494103919814,24.43957540692824,1.0,92.58004707495941,922.6826448637404,1502.3170266092266
0.320872619,1321.2505077860528,14.688005590978255,8.8989029738,278.9588757834,391.5310918021,14.999964486830036,20.463678379567035,6.678128090038776,23.323022293949016,1.0,91.08382842485878,113.0109481363133,395.17110220239704
0.3590868056,814.406633348478,26.631861291747914,2.5032364066,232.0,300.6299108687,22.15112487839214,32.236180510132264,12.758690921583243,31.54485712358198,1.0,94.72437799539732,192.94416351697865,949.9647659419971
0.2122326389,1354.2041020510253,2.681410610556543,2.5999999046,206.6126003028,205.9430003613,26.324751377105713,41.446749687194824,18.501500129699707,34.148499488830566,0.0,97.72682074737054,578.5199304645178,1076.943382132639
0.1972733333,1107.2139198553782,19.671344804867953,2.4281811621,225.0,170.1164485673,28.64366278847165,46.63391721800161,21.80849422553309,35.479578873018575,0.0,96.48520499687064,185.58043870346384,1367.8193693689568
0.1846775,1107.2139198553782,19.671344804867953,3.0,212.0,125.2108354105,28.9488482907736,49.62790586255508,21.80713912040445,36.0908893975422,0.0,96.1612530246788,343.43895889217515,1573.4761694256435
0.5818547619,1080.678492239468,14.07561750695693,8.9295543029,35.8003367471,583.0010026754,6.888500213623048,12.018750190734863,1.159500017762184,12.618250131607056,1.0,92.73927955148127,23.187548803288557,332.1827389537393
0.2491357143,1634.6390416339357,23.160363837409378,4.1999998093,198.0,216.9025827214,28.411851086801697,43.43921237000234,22.763708960160344,34.060884947731275,0.0,95.14901689146281,265.1651095486578,927.2976846201162
0.3872345238,1072.4354290569245,9.738450848661243,1.8001757371,196.3245188305,368.2560043512,29.008501052856445,55.3752498626709,19.19224977493286,38.82600021362305,1.0,94.5405364384213,188.8067156993157,751.1843470326921
0.366778125,158.49400798934752,1.937725989568831,3.9185770709,257.7109024534,177.3770001382,25.0257511138916,41.828749656677246,16.48200011253357,33.56975030899048,1.0,94.9651541231321,607.8263440402286,1308.5466235085605
0.4208216667,837.5778513961193,6.217707553140598,6.4417658915,221.0,349.4646734995,28.4975397292813,58.06752241377002,19.48356055273247,37.512586470439615,,98.46511049336361,322.4807399897637,1094.8501357268542
0.3811083333,2041.249398170438,10.83162407058331,4.2562164243,223.7489283167,330.9480023505,18.05475091934204,27.891250610351562,9.43274998664856,26.67775011062622,0.0,96.32439934080833,181.9737999084846,299.9595929256482
0.2845708333,1316.383848454636,13.389181997043899,1.3999999762,83.0,202.3491717455,28.591688415973206,41.26679726332162,22.091977179773103,35.09268546925443,0.0,91.50720458686044,103.5541000765821,981.7435976497677
0.4847216667,949.6807780320366,12.169012317583135,6.3369904587,56.0,379.2865121945,6.342809169993792,6.344580210923808,1.253080765476022,11.433536772443585,1.0,80.19424169865451,80.82177401645397,1193.887418731712
0.2833083333,484.2582897033159,6.389817425856554,3.941236506,221.6542818682,181.4879986583,15.441000699996948,23.78974962234497,9.135500073432922,21.74749994277954,1.0,97.37898525095022,114.09432595956349,1404.875679543329
0.5640104167,1297.8331265508684,12.405655946721215,1.7999999523,200.0,308.7472701758,28.247082447579196,44.137106928643426,20.091546670311068,36.4036230676558,0.0,95.5350223922219,118.13525805083788,826.1589997270671
0.3727444444,746.9148099606815,2.921541397705147,3.0,261.0,304.3391666991,26.993448428667286,61.503725044614725,15.08844561792774,38.89958727854744,0.0,97.77840260847672,485.6636559255686,834.8822093860049
0.5493168499,595.0427297233598,16.262431566879535,5.9181818962,306.8181818182,256.1895833536,29.138689001401264,43.664479335149124,23.893312573432922,34.385166645050056,1.0,97.0575099068835,801.7005897179237,1315.0639978562515
0.538910077,1387.9447842078916,5.177255689625612,1.75,347.0,284.8041186921,22.731187828660374,40.361290685580165,13.121793747758211,32.341679809719395,0.0,97.82259081091861,248.85726498141796,694.0447719334243
0.51147,941.4838299587609,16.25713932173669,2.0343529137,278.0,188.894024898,21.319627016246347,29.528839345025343,14.382504010193138,28.257825136916242,,95.28131549408623,696.8143286436945,1263.9354481642647
0.3847064679,476.236848584325,15.416495008242634,3.5,315.8429476222,246.5281800774,22.32679307891394,34.72474665813412,13.027358517460774,31.627230952164066,1.0,96.24458900243434,285.3389034903797,691.9792151220684
0.1769,1279.1168785310736,9.454451756370332,6.3924303763,216.0,34.5454962639,12.587598619758033,21.302489278153196,5.681659312838326,19.494308422261778,,95.28890570821007,271.4313945655228,1340.2721901442555
0.5761444464,2542.040777038852,22.142152373758194,2.0,105.0,336.9268659507,20.43311130848671,31.02413848995883,12.37223484504991,28.494725073126826,0.0,94.70579038142515,183.96552125031576,861.0987042623582
0.3913309091,2345.4330749354003,7.979173230023656,3.2950044734,116.0,223.1300187719,18.801372815033574,36.76806009028934,7.86142557341136,29.74216301126276,0.0,96.69433505061117,379.0807944530628,665.417003612045
0.5343796296,261.0463448275862,24.32722958855793,4.5,225.0,374.891125696,18.02847652441453,32.74793614331522,7.88153960111768,28.17650483851069,,94.34770228137681,122.62484397329358,381.02728644668395
0.4418778494,2686.12012987013,23.15539832501161,3.9000000954,328.0,270.2964241734,8.529143910575424,14.015794875009059,1.101930251493506,15.957402266087648,0.0,89.83481387504251,67.09937501521932,808.6252326324277
0.1983208333,1220.3097826086957,1.281410975766409,2.7999999523,219.2126200327,119.1626376811,18.101585846386534,37.58684154202349,6.777289670516842,29.426959681480657,0.0,97.3630860933581,290.3337703674503,1007.6359531885472
0.405172619,79.90042454650714,2.011035696586464,5.3466340393,172.6009832092,301.5627978333,24.182664631730155,44.32845477681538,14.60144721622856,33.76558141908666,1.0,97.16498282709817,252.1420719783212,792.24770889203
0.5698416667,828.1215653621981,10.817395297439768,2.7979733174,273.0,256.3993347769,25.700626650178116,40.46460874557025,18.111946697983083,33.28995939587207,0.0,96.53563631734136,784.692719425221,1368.7284702247548
0.5631928571,2649.6864796986188,13.526609593951687,3.5395732168,278.0106698148,292.0312645312,18.390749308846686,32.22572786557445,9.39510215627758,27.387028840430666,1.0,97.30864275684763,553.1414717264433,860.0004102574628
0.4999486111,598.8399272396543,11.394031144898824,6.1999998093,356.0,556.7967196191,23.204241623669738,37.172359233785514,15.161543753589696,31.248156001521636,1.0,95.37343285531465,132.00111477550325,398.4554750402326
0.4238791667,187.94666666666666,4.285928516133627,4.8000001907,319.0,216.2207510175,20.79477998410093,35.578246277884695,10.386984687106846,31.20332280583135,,96.87398645086012,212.3954166800711,679.7142878331042
0.3050666667,1354.9659462999346,2.768506198594519,2.2999999523,289.8817572696,249.6090001212,21.517001152038578,42.27674961090088,10.618249893188477,32.41699981689453,0.0,97.2229799281092,201.53133471153134,758.1115888831417
0.3726708333,2866.1327551701133,21.24436477409195,2.5999999046,194.0,570.0276157988,17.514463500151287,27.640995097603636,9.36045876723418,25.669012134169726,0.0,95.11201951523245,228.97043054083815,431.7424228511446
0.6027065612,1214.0739966594945,21.364512498806548,2.6241379319,275.7586206897,241.2117320483,24.887260113443645,47.72554463148116,15.87512054187911,33.90050445284162,1.0,98.8319274892473,544.3331143142393,848.2541890722866
0.3239827397,1581.4548707865963,18.267951871307822,6.2999999523,261.0,298.8116652182,21.437667687733967,34.98458353678385,14.263249874114988,28.613083362579346,1.0,97.94471513076775,409.9022621902273,939.3469411258634
0.2911372807,1062.3423002816066,11.577096551067037,2.7893187334,315.9636621703,154.2089803745,19.588783235185392,29.21937850035379,11.917856971042317,27.260873713466047,,96.5726805228338,194.8326472721666,912.298571336017
0.5273333333,1260.4794839783603,8.793545273389114,3.7003813097,260.0,231.8398429974,21.303317340391565,34.055311802243345,11.792472251768707,30.815167038599746,1.0,95.48128930063547,128.08202243327852,1335.782928989524
0.2057092949,133.9497295968535,1.829216969667429,3.2032548864,300.8584696774,59.3619996856,26.114126205444336,47.16712474822998,16.92562508583069,35.303375244140625,1.0,97.41817659504576,546.0701728295106,1666.6242910720157
0.2592516667,468.03900384544954,13.563895594100117,3.152197652,224.0,54.2645790226,18.161359327618424,28.125481847358994,10.69775917983464,25.625379378810127,1.0,95.87923847817048,162.5905470569662,1143.1853892251888
0.3125673077,567.707915729188,10.96665478457359,3.7999999523,193.0,140.8912153412,9.97889068889143,16.289823918888338,2.68162430571356,17.277712687588313,,92.87192049939424,58.19999408129374,1289.9293369090828
0.5104493056,857.4038501778615,17.632173006193835,3.9329322747,321.0,176.7066971819,24.015911494609927,35.94669090814392,16.404814382367704,31.627569733971924,,96.25494153953137,547.9089244516199,954.6036133082793
0.43715,575.419452887538,16.492477306394903,6.2953992093,77.0,200.2793537007,17.008491234216777,21.88600812107724,9.82188805938068,24.195778548272653,1.0,94.46659926405198,60.7606501585493,1153.7978840740925
,1487.4182905225864,12.219834862265364,,,,,,,,0.0,,,
0.3163577381,343.19085352048904,8.802288447573144,2.7999999523,9.0,107.4329351152,15.940125549692853,24.304893695508206,7.0805174212109,24.800667456496747,,95.88196449089563,68.46959334516657,1110.5938884308569
0.1800683333,1143.2026176692675,16.178119593540668,4.7824134798,271.1700183206,165.3866314157,24.455392693100436,40.44418731583168,16.972566701638986,31.93946614318537,1.0,96.75553254894797,248.08346141517418,874.4799015689364
0.2982641667,1031.2627986348123,19.752767607925698,3.5,259.0,197.5315260131,16.38212487406259,26.427755992396474,8.484364617564566,24.28043829322073,1.0,96.23401344512689,129.87824864573986,643.0152223547793
0.4714076587,153.83327470981357,14.409359404015952,3.9005995976,306.0299751377,162.759447023,17.196393791363402,15.903803991366662,10.869891293636394,23.523700852686034,1.0,90.3948624301492,440.2626210836328,1335.8028014678503
0.1395832011,1142.022476340694,3.669813439485027,2.7551198825,203.6508528624,86.2020008528,28.552751064300537,64.21574878692627,17.99274969100952,39.11425018310547,0.0,99.93465686129696,668.9848188192552,2047.3628467834787
0.5114722222,497.80571683787406,22.784240942519926,3.669620315,335.8968147442,219.879000955,22.061750888824463,37.53225040435791,12.192499876022339,31.932000160217285,1.0,97.73482909330619,502.6900715342833,883.9425058161719
0.4908966667,457.87986860628814,17.670981248266425,2.9000000954,270.0,103.7900001046,20.219751358032227,17.727749824523926,14.00475001335144,26.435750007629395,,92.65464207535486,175.19494897677913,1543.2762120977545
0.6643316667,302.2584210526316,22.256282883223733,4.7127110966,19.2373256719,394.6173776003,5.458839802743756,10.812295731293043,-0.516327780694751,11.435240260636743,1.0,93.74214354602168,32.11185910022517,663.9835444925891
0.3756655125,2349.8635928170393,21.01994326033834,3.6499999762,215.5,410.6439966814,7.16141696770986,10.697916507720947,0.258416653921207,14.065499862035116,0.0,91.76534294609758,178.60154128004757,312.3457157966784
0.4621594086,649.3785486495282,14.084051773324681,2.8499999642,162.0,679.7149978904,25.7937513589859,46.74512481689453,17.79568773508072,33.792624711990356,0.0,96.51027124623135,241.6183290890025,562.7675943227508
0.4997477535,1820.2061552387418,7.148766802027012,2.7000000477,281.6666666667,317.0696657751,15.800917228062948,26.71149984995524,6.233583291371664,25.369333426157635,0.0,94.17428846158202,100.35492803010051,369.92365815072117
0.536963674,672.0280282643249,14.533343444985494,3.1333333651,316.0,486.1876678206,25.875001112620037,50.205083529154464,16.70299990971883,35.04808362325032,1.0,97.83657605791151,346.4953669022017,653.3375368080069
0.4882857025,1243.2828145550197,6.745502281595954,3.9666666985,216.0,373.8032305387,18.459955608860923,32.092237598262486,9.189741211527439,27.731141423479677,0.0,95.32910332467735,149.68381339301158,544.252639809124
0.592383652,694.108790960452,17.04564054872491,5.0,2.0,678.4286648488,20.285334587097168,33.5262500445048,12.174166599909464,28.397500038146973,1.0,95.10524780044383,113.30117771137598,428.69026388023144
0.2925824393,1259.1093120926864,3.945113727288519,2.1499999762,327.0,271.7345403997,22.690783667044972,51.05655201741389,9.941423564435306,35.44067585387481,0.0,97.45258973399378,168.55134691432505,999.9997495527101
0.366335929,749.5637393767705,17.51271762187801,4.1588692435,289.0,246.5472367996,28.013179591367305,55.05787014007869,19.7273021175644,36.3004114737644,0.0,98.86708269474678,291.6501334298092,684.169779656625
0.5196437879,643.5892976588628,13.514928710699879,3.0,159.5,624.2477724678,25.58791279264296,49.136828071144755,16.630371780524477,34.54666103097158,0.0,97.02903451935336,247.11927697398056,574.538275756404
0.4101024424,170.12161978529693,7.743873296821632,6.4933122735,319.3474860985,263.0503835666,22.42375320699078,43.790264667312314,11.996234745001463,32.85238661697741,1.0,96.42650348398067,151.42771998286906,690.4293778462691
0.3897408056,193.1376713868285,7.982000026311814,2.9999081126,307.5083339856,314.8287399513,25.908640031089092,57.66590008978259,14.69377394559132,37.1245913084508,0.0,98.09391691300264,525.4441397917858,824.2310864517989
0.6238300725,634.5784387550202,15.874383311120262,4.055701579,333.0,663.6286965289,18.697367368589948,26.118768566758344,11.303760116104122,26.091661777278535,1.0,92.96695168478333,115.7138678050274,238.22828454322044
0.3833469697,2610.4363129906305,12.983582662201043,3.4847537561,348.0,359.3311150284,5.916093232337992,10.665819764456938,-0.975091224656388,12.808276990781788,0.0,93.32768663140865,143.27811765312168,165.7040473664938
0.3437532609,31.294201582565833,2.295169061307144,2.4000000954,301.0,472.7905413969,25.372987218199096,52.89229538497332,14.610299159067292,36.13663154286248,0.0,97.23790781217589,383.7860305763463,657.1679136911324
,460.8197187312986,19.89576239961482,,,,,,,,1.0,,,
,337.110656499907,6.157466296892928,,,,,,,,1.0,,,
0.2786463446,167.44196329869555,4.556358484503128,5.5999999046,306.0,245.1086899538,30.4429971004556,57.76222290161785,21.864961730056887,39.02187585284497,1.0,97.2809591630682,664.8477509102909,997.8786634264065
0.4067047619,1289.5242139086527,3.074187058038002,6.5267733261,8.0,141.4230197489,9.31606482436623,18.13580674466239,1.753741818042595,16.879360443141103,1.0,95.48675635439321,59.11240992281185,464.17559795557156
0.3753435897,98.86206105118201,5.6972382550998,3.2000000477,281.0,205.0770365884,23.959461404951384,38.37637545224604,15.46563173893091,32.45401620018366,1.0,96.63253876615592,532.0646009734918,1217.3295992030098
0.3792775,359.5121076233184,14.204184621011196,2.2999999523,225.0,264.3555052073,26.902174715883003,51.64374711666498,17.247568407894427,36.55775499490878,1.0,97.51318440479017,670.2145536777255,1380.5738849574013
0.6659166667,484.86209048361934,10.579147290355888,3.013640391,194.0,886.1924804807,24.670145186304914,47.15689537589222,15.32113999185374,34.01971295297497,0.0,96.9363012935081,199.01703373867036,560.3768125131562
0.3929653274,362.77314112291344,13.527717859457404,2.2999999523,225.0,295.4745305864,26.87091392455909,51.47517142567597,17.214223607982344,36.528115565358135,1.0,97.5014693814013,663.4311067968706,1275.9948993761075
0.3852202381,707.8667835232252,14.014648648728205,3.0999999046,249.5529290344,375.7439970578,27.581613297732414,50.492297052404176,19.237710255111278,35.92670366764602,1.0,98.25011559130239,618.1909852677055,1095.311180908204
0.5846607085,2540.707135777998,12.589006240041217,4.0999999046,230.0,454.4169047369,16.538400170158337,32.97165637748037,5.303866942565262,27.773818852424846,0.0,95.44005570659822,183.39977853769935,687.3753570863103
,358.07651434644,6.042159256152216,,,,,,,,1.0,,,
0.3798805556,98.14159779614324,3.353087828162616,4.0478068929,339.1951734621,441.8580018394,20.341500759124756,30.26775026321411,11.81600022315979,28.86775016784668,1.0,94.39369861702068,427.11694991300726,541.4747738342288
0.5525527778,1096.865352112676,15.184676221458005,4.899825906,325.0,413.3868335017,18.806472083758244,24.16484598313613,14.360623200277404,23.253376902544005,1.0,92.83081447242478,129.82281669321173,1102.9516289696717
0.6796708333,115.69959325973271,17.358797667263413,1.8999999762,347.0,447.3250065696,15.020567727591715,15.758528132124844,11.49702818390533,18.545121086565956,1.0,92.35971654665641,105.95360553495038,1022.9280220930418
0.3932806079,281.01408450704224,10.18143425628263,3.5290442575,304.0,252.4472925853,26.80548748115323,51.025190017202725,17.007311189128632,36.60453917319022,1.0,98.01487041292039,363.4526925342539,972.1494457119713
0.5386625,287.46555183946487,8.38998056757809,1.7999999523,145.0,734.5519967843,26.0402512550354,52.01000118255615,16.708250045776367,35.373250007629395,0.0,97.33625374383658,234.16586785426097,590.2188890626799
0.6077680556,421.39313244569024,23.204594586433522,2.9318444198,155.0,578.9459990745,23.073501110076904,41.3762493133545,14.463499546051025,31.684750080108643,1.0,96.17649054679967,176.95280907080198,542.8819556108824
0.5157666317,1987.070196505008,16.62642232070428,3.6181818572,177.3636363636,337.565626204,19.846094846725464,28.40340632200241,12.915562510490417,26.77746880054474,1.0,97.9056328006621,373.33239265295975,626.3768128742252
0.5328301282,1870.3608884817954,27.93442419619699,5.7922502463,210.3283065238,526.3395434507,15.434752299418893,26.21305234997981,7.575059654426228,23.29496089033826,1.0,98.24302299562505,193.82149066157976,219.1665632018474
0.382159375,1153.9539078156313,24.611593007722853,4.8000001907,315.0,203.1672697044,16.809051229341417,23.577658895741976,10.40192074986113,23.217265712151427,0.0,95.41180065616385,144.59867530100354,670.6385818979002
0.2448319492,-35.798536209553156,1.279481532313332,2.7000000477,26.4273816447,72.5309994444,20.027001380920414,33.27274990081787,12.165250062942505,27.889999866485596,1.0,97.17897449390425,254.02370554487075,1113.4054063655958
0.3305416667,609.0387736699729,24.507605030071208,2.7000000477,335.0,229.1106238661,17.04430860122953,27.24886375093173,8.04361325340964,26.046251793539238,1.0,95.9653752048768,176.8495892310136,590.6071389945173
0.366165,15.598306110102843,1.899991942458058,2.5983247603,258.974872811,64.7780007534,20.962500572204586,30.582749843597412,13.378999948501585,28.54699993133545,1.0,95.94693395465515,221.5146306610439,1260.3830959540119
0.5524333333,1326.014705882353,19.683918523756574,2.7000000477,214.0,548.6629726617,26.190457418094276,47.210366521131775,18.066461548600326,34.31529450779762,1.0,98.5802671702725,288.12616537931586,632.9158017201563
0.3947175916,435.9228846789136,15.4075415944323,5.9499999285,278.5,235.3843351518,25.450834592183426,40.46458339691162,18.13166650136312,32.77116680145264,1.0,96.44857185558476,446.8423524269809,1105.2844528909304
0.412538835,345.42372603637557,16.81145846168695,3.8500000238,349.0,222.8951648669,20.492333240756906,41.5212288008794,8.710059289494,32.27567103015712,1.0,97.99015812623853,697.6792299880165,1270.2930097392018
0.4473574828,1061.6834092612883,3.980666478475508,3.5094510092,231.320353134,390.3080978418,24.06093052143304,44.2926641117846,13.616506774617902,34.50658108904684,0.0,96.82026487159374,334.00556065386604,815.2859831037289
0.3334199944,2403.139651184597,12.537864716899032,2.7131665333,212.9547220522,253.7481159269,19.637664231960656,33.08104475636371,11.079798098020406,28.19679154207033,0.0,96.51478780064929,248.42476591067356,843.9566773989693
0.4687655093,303.3894474320006,10.336443464678991,2.6033315452,285.8667345695,238.9072092343,21.093688842753508,41.754356585415934,9.626541866550044,32.56176432216814,1.0,98.30848436670973,897.3376205696576,1423.1760677524262
0.338215119,253.06200796107916,11.620043038491493,5.3917739329,277.7936155271,227.786744422,18.809850441673124,20.98857929578799,12.229508481618204,25.39080325444132,1.0,92.51398176014088,139.75965597661693,852.4205221747775
0.577162963,306.9406559083811,17.605611949451635,4.7904670817,278.0,370.4431616979,23.79997172452196,45.24153042051282,13.972033903116332,33.628512430464305,1.0,98.0078786528078,623.589136001753,1182.399474398563
0.5817298077,397.35091051279187,17.69258246042518,1.7000000477,285.0,413.8914221885,22.26671508675526,41.332621752678136,12.19124292313288,32.34283003312726,1.0,95.91383517943898,744.1273215785279,1323.5106355632029
0.3685591111,2025.5857688987544,8.708753420382957,2.79249073,278.7814057305,410.8199594457,20.954228969404284,37.784797865767274,10.847550319634845,31.06193554267027,0.0,94.04368426526662,200.98548776834792,635.281681089921
0.4962232143,2218.5203859744497,28.358883705341515,2.4091759572,344.25658458,1092.9266254526,17.70567112987564,25.580392240729054,9.950726566213078,25.461329975212276,0.0,95.06027003199404,237.90024986243952,525.6503444395173
0.2260102714,1158.065585988448,1.367723225436665,4.4120616667,149.0,45.2641874399,8.611626316294743,17.69951384612,-0.745554718643756,17.969324501766682,1.0,94.63827415326843,88.0070246299351,1064.7385864071705
0.4693492424,422.2464367816092,15.674795993772046,5.6999998093,315.0,296.2709250034,19.562929410084376,31.56716719652861,10.973895524661739,28.15276768663005,1.0,94.92662023997435,104.22237808962184,289.0331105211643
0.4654598485,470.03452751817235,25.14368458667834,1.8999999762,229.0,445.5843428983,26.80189923461033,55.35585236029315,16.475440294288298,37.129349000104,1.0,97.90184586992592,276.33295695751264,657.0321265453481
0.66842,381.7798190293392,18.915445386415513,1.8999999762,183.9669597012,735.2442008388,24.417397159154348,43.45534060282279,15.549869873926445,33.28599846843688,1.0,96.99630989371038,294.37579415872943,568.908343609953
0.4139166667,116.46870953819594,4.294496783741497,2.2953974712,24.0,387.8573586132,24.57113202558976,43.441057238566415,15.117942746765008,34.02556823358321,1.0,96.41758362875288,243.18205683698835,628.0979593762274
0.4115916667,208.89665471923536,4.392814365570548,2.5,260.2569124514,215.2109999252,22.996500968933105,39.450499534606934,13.499500036239624,32.49524974822998,0.0,96.0804541605412,234.31957228762292,746.9118225420076
0.4690575,1741.1814241486068,5.440566498151874,4.9000000954,243.0,307.0255445102,13.549472567242985,21.567250523919235,5.592874670364224,21.507216956069556,0.0,93.63957570577767,47.39907720335846,74.11816146390946
0.4312138889,119.68995633187772,4.677002021746568,1.8999999762,327.0,488.7595851853,23.860594026765114,41.81436103737951,14.479610410168885,33.24284813738562,,96.65629869747616,566.2267595549788,1060.1161919741232
0.426,2751.4895968790643,23.58178369524575,3.1910750307,182.0,294.4130012267,18.988750457763672,27.573750019073486,12.178750038146973,25.799749851226807,0.0,95.8116753215906,219.37826342377974,690.6338812162808
0.5026983333,24.462776659959754,1.686056437646679,3.7000000477,218.0,422.6210012008,28.801001548767086,59.29325008392333,18.04175043106079,39.560750007629395,,99.16067228340502,370.6256777947179,755.3198339458585
0.5392632796,816.8169825941715,20.554330464440618,3.5772727403,325.2272727273,336.5176822254,20.9592510136691,31.743625077334315,12.82227272337133,29.09726138548417,1.0,96.01371248684694,502.86862576101373,997.3749298040884
0.3798993013,431.8920020376974,2.940382005332747,3.373976064,277.0,174.4561433602,23.37573358749517,34.81007753908792,15.614209232571284,31.138752322535048,1.0,96.61164983539886,422.77808133081385,1069.6755443409538
0.2965083333,1245.3650018775816,11.54542707269952,2.7000000477,255.0,327.0751772647,21.608922768868375,50.944015466878774,10.645270039656959,32.57358341897501,1.0,99.00815743672469,344.3860797314023,880.3835360904759
0.2177666667,1469.2320872274142,13.257703673013275,4.4000000954,240.0,138.8031509215,20.567715851975315,33.72083381497828,12.82867337767099,28.307507351371864,,98.20602298328822,389.65112459278595,668.5630983081312
0.3303486111,800.03073089701,7.735162147750886,3.2162426665,303.0,149.574000217,20.23725128173828,39.07675075531006,9.404250144958496,31.07124948501587,1.0,98.1620858886526,258.263639225251,879.8257926356239
0.339615,531.9045725646123,10.984011979569972,4.0,276.0,202.8015427834,23.797999522964428,38.3031314649276,15.043212732362718,32.55340386020143,1.0,95.70872644908164,296.6518995758976,913.1413069003565
0.35769375,73.91492776886035,5.856661624389258,4.5999999046,201.0,83.4899999723,34.735252380371094,68.87649917602539,26.767000198364254,42.70425033569336,,98.01720839835109,944.3467920299946,1653.8844856167657
0.3524583333,680.5571865443425,18.294834273233327,2.9070290861,227.351449874,238.8059949339,24.721251487731934,49.46149921417236,14.683000087738039,34.760000228881836,1.0,98.29379640747175,641.8876023054698,1098.2158315823203
0.37124375,349.3133291219204,12.49516932458269,2.5,297.0,176.2200046991,21.806127070402173,35.60830308476068,13.042418502781002,30.5707898975853,1.0,96.60455823549582,225.73235875663858,1056.8096039410207
0.3502833333,730.9753825681969,2.359788632817215,3.9313323874,216.0,150.0529996509,22.64600133895874,38.99449968338013,13.99399995803833,31.299499034881592,,97.07540868016613,398.2131317295281,682.725868117925
0.3241631864,1873.9981676420546,8.351153542041788,2.7999999523,267.5,335.3335009948,20.959250926971436,39.68412446975708,10.238625049591064,31.680875062942505,0.0,96.11403825373132,216.1265544849565,832.0434598171328
0.5147002874,172.13126649076517,5.195432224641034,8.9869655205,330.5864393976,412.0560012083,20.424500942230225,27.4927499294281,12.396249771118164,28.453875064849854,1.0,93.48580976017861,162.06273375803377,425.7418878094984
0.3848614624,1562.174733785092,14.063410658991579,2.5,274.0,315.3444309992,22.970117782178654,46.130062927800886,12.204376865602752,33.73697325560166,0.0,98.5093588287479,399.2891055345793,816.1230118515332
0.1972838008,2107.540516863776,4.828054156033102,3.1815324708,179.0,365.5283659457,20.485651607595795,37.169953558371226,10.526105262808475,30.446474971723642,0.0,91.8018880944108,116.57528649983473,614.4948862039787
0.4570205556,211.14302213666988,4.169215573010477,4.5691874383,331.691875043,278.5482694485,21.953943665991417,31.938618876088324,13.305525488985221,30.603229108430902,1.0,92.81932172208076,193.44671745395306,520.2899010142551
0.46659375,432.9348252846486,21.517759985692322,1.6000000238,231.0,455.8209314494,26.12598853783824,40.9399810715297,17.354027919900886,34.898856272116234,1.0,96.5169422050669,673.8128543813448,1027.796480580399
0.5382368056,33.202349869451695,1.666814176150775,4.4424018059,343.9117898879,785.3507585482,23.88098374711311,37.33845233597119,15.776697168957709,31.986018246995833,1.0,95.83302642500692,244.25459852371415,480.61245607772094
0.2744350379,2575.67353186752,14.215065964319034,2.5344215999,148.0,399.4177505158,18.050546064721065,32.02383714890182,8.46138209836237,27.640458495281482,0.0,97.35988438123081,287.173909729825,533.1135562306367
0.5077851852,203.10157159487775,14.44278950734244,3.9000000954,292.0,390.5546248723,23.501011326947875,32.77768139167286,15.917794766680204,31.08497523853885,1.0,92.7325978561672,153.78624559565696,478.08251733382826
0.6173210317,-3.814471879286694,1.616650549605468,4.0955265108,282.0,419.3260330435,21.999500268709816,27.563165700921225,14.727805533926137,29.272073789751083,,95.76200883998077,247.5763211194606,645.5911646728913
0.4806166667,91.31328511610202,2.144874475757387,4.688924397,316.0,384.9052121843,22.306095657878146,28.452872498885903,14.58963090864982,30.023358397853265,1.0,91.81246690315999,144.86476942276104,464.6048565210077
0.5542983333,627.5274390243902,18.576366416307366,2.3001492198,348.0,776.7150018531,22.005250930786133,37.14275026321411,13.40999984741211,30.60174989700317,,97.56314452839854,531.9515230283141,957.6325000318868
0.3217092974,1447.892983699504,3.63004465524733,3.2000000477,264.7705737145,412.9849293221,19.795857098166515,37.34208681339732,9.990003605668154,29.602708669964244,0.0,96.31077304705201,231.0443436304378,675.6243207986029
0.318195202,631.0893011216566,9.325354464667125,2.1900798846,249.3055895779,391.5740434723,14.637196107318333,19.606775925233077,6.971617234070516,22.303854309517632,1.0,93.03349722096763,113.24333537766844,446.10407217011686
0.2550044036,1629.5267470443637,17.48333985746486,3.4000000954,239.0,215.0106515802,28.512119505524566,49.800616821902864,20.546003574930403,36.479304128088486,0.0,96.59698883729646,577.270954482371,867.6000827498935
0.5645514376,107.0954578226388,3.5598399169641,2.7999999523,155.0,455.1917977581,14.963105725137918,8.993451915647226,10.911787961985453,19.015421508462502,1.0,88.90934131874657,38.088587411864275,846.6658639222813
0.5338189815,611.0219123505976,12.237722110454193,3.3340024658,295.0,683.7572335629,24.649041904138727,51.45476938787144,13.215787485601599,36.08308600017265,1.0,97.87040895794405,591.5786264567173,957.5365241241803
0.3540279762,687.2264361405465,5.63300534140379,2.0386757722,243.0,234.0699990852,14.63325047492981,19.91599988937378,6.68525004386902,22.582250118255615,1.0,92.43906832824203,113.4396493759512,409.8688062847841
0.4925287879,951.4066358024692,10.479161750793518,1.7999999523,302.0,508.4813431138,17.490507019980058,29.02742872957515,7.291423914327988,27.691051711849536,,95.9682394375033,363.8233812848241,1142.652064936695
0.3865009259,1078.3440997761434,25.358524517716408,2.5,300.0,351.3040043993,25.086939298488048,39.49347057814477,16.74852748538386,33.4264631572827,0.0,96.32836260927722,412.9192775410701,711.4711851335508
0.3806283333,629.5627312478978,16.261202214404143,2.9813958261,215.2069877632,332.9479991999,25.160751342773438,41.00724983215332,15.985999822616577,34.33649921417236,0.0,96.70902438493533,500.3663538403872,901.2924729328129
0.4121777778,750.3297083539298,5.92765320219501,4.0,261.0,360.494995248,25.445751190185547,43.438499450683594,16.028499841690063,34.863999366760254,,96.95519801721096,407.8222573371451,616.0964177416482
0.3898983333,352.35415563790366,3.389964439507323,2.1006396871,235.7760764561,181.8648817073,17.600503389587757,21.95700556696007,10.879502513645466,24.322503358578945,1.0,94.04773648113118,132.67610708249583,581.3510943009301
0.3798208333,303.070293398533,13.340475554534741,3.7999999523,296.5501211934,238.3988694728,27.602056960690042,50.483004953134795,18.568756584693453,36.63636484452048,1.0,97.85017904000065,562.3693158820929,1159.6691877051148
0.4671583333,1047.7655172413793,9.816536415938671,3.5999999046,226.0,600.3557748712,20.2673083713546,32.96214201617645,11.638883398354292,28.896481484355988,1.0,98.03716135858085,564.8292501798821,925.9815372469405
0.2549216575,1356.565453137103,21.370775514522514,2.8877316506,248.0,198.3026560377,27.114141667295502,47.79109985216206,18.938648156872826,35.290632878400544,0.0,96.90459998551835,585.3023565378793,995.266064231857
0.2431514757,1476.2038935047608,8.788306325983124,2.6486147827,37.2596454912,260.2731690952,19.192087346199774,26.76139596573246,11.871961273709662,26.51303113545243,,92.40779738910526,151.01929829691065,1258.9817363638247
0.364888651,1712.081630923116,11.143157277987285,2.8485107666,341.3957521404,753.6535140654,16.756770934808248,28.288738703012548,7.738530758738982,25.77578323689603,,96.0726144895217,274.5010176515885,537.2225766683151
0.5288730399,1428.8213935230617,4.718068000551412,3.1967433065,311.038927397,459.7614854878,10.998949018693615,12.678121046876017,4.274681818558161,17.72419595133519,1.0,91.36500984458517,82.46984366515086,232.38142554018856
0.3162691919,1262.5183946488294,3.220338714472736,2.3200009617,270.2516507764,292.9367264048,15.927965738303632,19.562353815629656,8.16850570738502,23.688423578853676,1.0,92.4122799856321,195.9151227165529,739.916052045231
0.2679615278,1258.9139658220388,1.566788760055039,2.2999999523,269.2924812578,303.5659224995,15.900574152571519,19.858988806157285,8.094277940395772,23.708314968156092,1.0,92.54927980141659,203.1788760626794,750.9812070358957
0.4078318519,2205.4159515396263,15.185560438902955,4.4426594385,217.0,617.9947355737,15.468934470158414,29.119474583158436,5.045708473309904,25.893283001648484,0.0,95.26356283197282,427.96621687893855,1012.9583954334951
0.6832255556,2072.8504591925143,13.033954554859221,2.4073765833,111.8935257506,1844.3960069434,15.378168079938996,16.964800677132512,9.087514620484932,21.669952895251924,0.0,76.52541840882503,79.21340209628084,601.156633530674
0.2356794247,1158.127659574468,1.688757538386194,3.1927374648,5.0,202.6757037911,3.422838566910442,9.132778541060627,-3.173292625794237,10.019865315391089,1.0,91.5431119196116,49.916643642403045,223.1983185050174
0.5945804894,220.2420382165605,23.55277945203666,9.0,349.0,3128.4055879906,19.9563282244024,22.407351405280593,12.737919175489292,27.17623110997349,1.0,87.7609864361375,65.05710167984506,311.9379125301979
0.49151875,389.8657832144071,11.953343062235959,3.2000000477,285.8249364075,458.2415909067,19.49643799851567,21.655933710695415,12.68142334196701,26.312623438292928,1.0,92.35779421860991,151.79852307707029,546.7729275250794
0.5057796296,311.1584775086505,16.001206510454725,2.2000000477,225.0,956.7920766824,23.217474696159396,35.546715961683276,13.90401369577267,32.53215220431694,1.0,96.1797250714229,288.07465230157817,768.1272441294593
0.4224875,426.62721679334055,11.33072060829826,2.5999999046,295.0,574.8295339723,26.303754339960932,48.23928065377262,16.956648976571323,35.65184948724654,0.0,97.75484331025277,609.2874533754504,1206.6218326659593
0.5438816667,218.79136690647482,18.697804355088387,2.305515904,11.0,1184.7043349062,28.09994239089536,41.28093023563667,20.819591995778794,35.381099438226855,,94.79035457971364,110.13930844242064,434.6504793832586
0.4841208333,291.7188649500788,15.034658728683238,2.4000000954,294.0,455.1532843065,25.626228466912202,44.5553492034452,16.0801361752091,35.173584380012755,1.0,98.36706369366426,604.4299979298513,1233.3821694327953
0.24258,1265.088948787062,1.414135750332933,2.9000000954,266.0,343.8217828205,18.013378011736584,32.656833231554586,7.499442235514274,28.528401599888884,,95.30619247601211,175.06318834240346,704.4295239271213
0.311638,1766.4358130348915,12.575922325145578,3.0,296.0,428.0190680244,19.300045708464285,36.78403002429465,8.549363336112394,30.051227053261474,0.0,97.232310668246,224.26032734291775,546.4031148208112
0.3541421418,1120.7123554550026,24.494003496700387,3.6499999762,264.0,373.7430012138,28.11406373977661,48.811875343322754,20.43768745660782,35.791375398635864,1.0,99.01927359914737,184.87123095372277,825.2570059728514
0.4228250877,288.2028195040534,9.416744724773208,2.092630993,317.4011418334,345.5660005421,27.459001302719116,49.49625015258789,18.77300000190735,36.145874977111816,0.0,97.85036848768121,657.9414834272319,1342.4778544524916
0.4307833333,631.5347506416036,11.096151621160455,3.6224071823,299.0,441.1793098311,22.29349165959388,35.031181560278725,13.31205106857928,31.275941321423606,,93.03924731223351,113.61704682487955,450.17404472610554
0.426679386,356.87237413749034,14.162848008993548,2.0999999046,316.6835778256,377.5361840104,26.6505240145586,49.37045340850712,17.43140504503753,35.87064111126814,0.0,98.49789128594583,652.462387500693,1322.2041622890247
0.4631111111,370.5114572244944,6.325790880784862,2.7459129802,333.9753108505,455.8269992353,22.945001125335693,37.44262504577637,13.077124953269958,32.81375002861023,,93.79402692877352,109.99823596355714,443.915949561617
0.5413448718,909.3790632345354,25.3831152261561,2.1660612877,356.9495901641,584.0361525635,24.88335828896665,42.932243874821424,16.662727665995966,33.10477961931369,0.0,96.62812688841512,287.1451371554193,1098.5867182138477
0.4908308333,1241.2197584771782,17.053140016559233,2.3348762996,177.0,693.9074709144,22.479584062136578,37.86779871901902,14.051902185471741,30.90829493279933,0.0,96.65836475718498,278.19996297690966,1064.6971821906643
0.4323691919,598.4637083470802,18.14781769824742,2.0999999046,322.0,487.4476847277,26.253372403124516,45.29491680148104,17.978020328450324,34.52978605916566,0.0,95.63761263396236,389.9168403514368,1183.7792191089052
0.4659252451,217.11490819643328,5.434153585437416,1.4124780968,313.8351487296,389.8357155847,26.989445203249215,44.922151283719494,18.137866035067265,35.84232809204926,0.0,97.48060172406052,686.8429877412659,1364.1527357018053
0.5057192529,1058.0453517071164,19.514542902140573,1.9227712286,358.0,585.3246842382,25.501405313127144,44.95939822265751,17.17024383488019,33.833399836297886,0.0,96.54494630089408,484.1755848101808,1088.4492075208796
0.2537119444,1351.534560789961,7.150972839531476,3.4000000954,25.0,278.1395400273,30.2469667381571,57.07978635215948,22.832952509347997,37.66188056803021,0.0,97.78284281366892,145.24140029206873,946.4312927645457
0.4062688406,718.6769178003887,4.365675418182306,3.1352952392,262.0,653.8459964766,22.646906567404628,42.93545166995835,12.183009097674908,33.111803327291284,1.0,97.51149672883454,549.4154686527751,1115.6409353358567
0.4198072222,621.7260743023455,11.806050189057558,2.2999999523,249.0,443.7145995892,26.490750652333006,54.29974321233854,15.970067438887126,37.01261244747877,,98.40654705855304,122.30962101333205,932.121429673801
0.4924983333,508.6987983281087,18.454025505618617,2.9325371418,257.0,760.7874610748,22.457817047188588,36.961481192114626,13.273495157143977,31.643333761004495,1.0,97.94174824180294,546.6562503547577,1066.2905166248543
0.3003222222,449.18203186210496,7.246338173774304,2.7021987896,255.5022377883,275.4855542349,27.987904501125858,45.64779155271509,19.991356388348326,35.985200524048594,1.0,96.69124034058783,440.4223183512718,1139.8532488882806
0.4589716667,506.2481520591341,3.609600434380701,2.5999999046,281.0,455.6512043817,25.658279139944558,41.7658101492573,17.66405283062198,33.6527534045894,,97.66104243837975,498.27736295577427,1018.9167389231835
0.5725861111,1182.8424897720633,19.593407537899193,2.2508563146,200.0,554.6636044745,21.58604688345103,26.60835026639123,15.00564904089962,28.167442507755972,1.0,90.99697330598697,102.51374725515923,1148.536907450814
0.4720944444,535.3658613115783,11.554670614838264,2.2000000477,310.0,487.8478085987,24.63686627050384,47.8169458758822,13.860466055951825,35.413929192209324,0.0,98.53626365090118,372.9503526031631,1155.365370361234
0.4632108333,566.8696343402225,8.800223408945037,1.8999999762,323.0,618.6085973814,26.224968106948523,45.19718645117885,18.07748519542561,34.373215327197606,0.0,96.98191659473224,303.75850554085616,1173.7480060204573
0.4231777778,340.6584664536741,13.541811689572594,2.0136948307,318.7261031244,369.3795422065,26.970499817042644,50.06785037746407,17.89628360417768,36.045585431442376,0.0,97.51299821742182,529.6470027928709,1351.7590191432444
0.4718729167,635.1680997420465,11.774142021776168,1.2999999523,302.0,508.0620003114,24.463000774383545,43.70450019836426,14.120500087738039,34.80650043487549,0.0,97.61241416506566,432.91128731789877,1237.9110656228574
0.41057,408.772496538994,7.299733691807986,2.964668182,243.0,560.6922226462,23.368974651838332,50.34008366785244,9.64510509545666,37.09397808115624,1.0,96.1714975532242,120.51392940897603,432.10545700116893
0.57118125,906.9634478996181,15.29091912387696,2.5338894708,243.6611049687,1240.1767796949,23.05313053577315,35.842644200136256,15.471212790887336,30.63652883266414,1.0,96.95704600387768,215.67311882328528,962.2018780970047
0.46299375,1205.0986436498151,13.52457751567061,3.2053828919,85.0,474.3539984401,23.346501350402832,39.79174900054932,14.618750095367432,32.07525062561035,0.0,96.27759175462882,341.4744423256485,1131.09199388045
0.4949784314,570.088619402985,15.476008957831088,3.0133523907,319.0,510.3571093734,22.69217488964179,40.52840027122767,12.0888532835901,33.29627359768227,1.0,95.70359774917654,135.4384558855033,418.19955772193543
0.225220611,1438.7534812560614,7.023067688069172,2.0065789333,167.7631578947,170.8322987097,22.734382325410845,49.5579030752182,11.776725009083748,33.692984485626226,0.0,99.04330786054969,464.7974973750852,1117.8193191260727
0.5246314147,718.1721641286157,1.635476431619327,3.3120000076,196.52,353.0539539055,20.51363741267811,34.83552267334678,11.80527279593728,29.222999832846902,0.0,98.13063667025115,311.76005266872085,760.871265988371
0.5276750862,489.89691742220043,17.99536385168313,1.8333332936,225.3333333333,384.8831498839,22.379084587097164,38.0794583161672,13.615999937057495,31.142958561579388,1.0,98.33524573710606,774.9792729280863,1235.6785893943108
0.2092703905,2349.3733426573426,7.895823388357264,2.3500000238,93.0,196.5653744688,18.351563453674316,32.07599997520447,8.985125064849854,27.719062566757206,0.0,94.48745973323929,135.80840392578898,899.6647203177286
0.3911533467,1757.869523775903,9.189471672680021,2.75,201.0,276.9753655938,16.148083925247192,32.800833543141685,5.353000005086264,26.944083372751873,1.0,98.26719915990788,305.0375910392122,1086.806849907893
0.5186836382,515.1349693251534,14.805439142381257,2.25,235.0,379.8420659121,29.906302204102946,66.50753793542768,20.108417411507208,39.70509597117348,,99.91134503690583,664.1860133016279,1041.2928827373132
0.5119054444,426.51395228833405,17.572097513378576,1.6288844118,263.3682953602,426.2547771412,24.17389509316599,42.916918955661856,14.827143469635608,33.521701577913994,1.0,96.96548645707983,444.00027909699304,719.1754533321761
0.2071468119,1532.1018780921274,2.594140321324083,2.5334782648,148.0,229.9703733485,24.156730761593085,48.39828354916147,14.113744620191452,34.200960634179815,0.0,99.43608580365473,434.8479836180095,1041.5102717662526
0.5445257407,470.71499534306116,14.216991213890234,2.458580149,260.7792587423,438.395857299,27.431304243488842,62.06917733582964,16.074181380997334,38.789617310994785,,99.64681046440846,611.1415430381456,973.9852950380767
0.3108119919,549.4608375069561,8.616822468244372,2.7769167625,310.2897989992,231.9264999982,24.85637593269348,47.18287467956543,15.114874839782715,34.59837555885315,1.0,96.81492632664536,531.6127752384833,941.615411023667
0.6321203704,1902.1620842343734,13.958813089965213,2.0999999046,341.8672016501,602.0015310348,13.69584621714136,20.549608689944574,3.593824399694129,23.798432557098433,1.0,95.81762911655439,183.12322883147522,243.74818321321993
0.2692130435,1462.0511141620022,1.947510904414259,1.7000000477,54.0271354557,259.8027708292,21.177667838310803,40.5231100612717,10.539134846992779,31.817402028500958,0.0,98.22442482538756,313.6123758733655,864.9514064773533
0.4551208333,466.13910927747804,10.785010539576149,2.656369692,320.5928102473,390.5977644026,18.244799167532197,27.158409256580764,9.257402803339158,27.233323760638484,1.0,95.5572850309508,224.8100170892145,342.61213839772904
0.2894407715,1987.708854961832,10.594301935902989,4.099674315,238.0160214657,207.2505599006,17.438782515325116,29.35743940684501,8.958177861791064,25.920120976100932,,95.56991868944822,275.4494754325382,761.6207446151914
0.2229812432,1214.1830156516348,4.137729691568685,3.901884549,42.3129991461,85.5117981905,23.159594876685382,41.38722063735408,14.459871182071042,31.860164910574046,,98.33870243949862,726.9325422696623,1473.9104828088655
0.4193025641,302.8462845010616,7.128567906651022,4.4230210407,317.0,279.8389038888,27.001290813829463,49.922949083743376,18.146005244680616,35.8575786073118,1.0,97.823672599637,334.15320864187277,765.5505930876905
0.534893,2471.846961191115,18.92265125391889,2.1632409197,55.0,558.9873739584,15.119335227025157,24.781834709617975,6.065966486317166,24.17326247558575,0.0,96.06782808421198,390.6209479948753,641.0315982475909
0.5421948718,1925.052644648622,12.571698628149525,3.7999999523,260.0,292.3260898249,17.40677738441223,30.458193484239374,7.936010231628608,26.87813232129032,1.0,96.41864265414596,147.9625895934976,587.6304520435558
0.3197722222,1507.5387234042553,3.888729781098399,3.0999149285,275.0,237.1980504803,22.25401166449206,40.41385602158462,12.714455312908807,31.794450703353338,0.0,96.72343279422725,224.99212569634054,992.0496030159516
0.323775,2018.2941176470588,17.914797596775575,2.5224207611,7.0,112.7979992256,26.19425106048584,40.69324970245361,19.977750301361084,32.41174936294556,0.0,97.55135605441,261.8520654252631,1263.4189877183878
0.3816101726,2632.2244456462954,28.544839271666103,2.7167827981,23.3356553282,357.4951645179,14.642821891009753,18.28526886713997,7.781597766969472,21.50485681016648,,92.15684278272856,243.49957390060544,467.52861814705216
0.42611019,1376.6241363157278,15.534185862486053,2.8064077582,280.2780277057,160.2822492102,27.91593885421753,49.75487518310547,20.121437788009644,35.71162462234497,0.0,96.7078148156115,527.971931739303,1202.3278959732081
0.2941219828,898.9649415969028,13.883446030813042,2.8500000238,277.0,247.8369987056,30.44775168100993,59.294416427612305,21.3075000445048,39.588833808898926,0.0,96.58990264443135,148.9194168181037,1191.749654281928
0.5980209491,1062.8542724107556,27.742107713744815,3.5506874828,210.016363115,421.016708394,24.989331144848062,39.92140298406056,17.85564802613258,32.12366632274243,,96.69653103886613,782.2625373307998,1089.8372922299554
0.4599348684,808.3760193782801,15.751447525207777,2.0948783556,187.0,246.7682299207,21.69178571775774,32.86268092425736,12.51965364034757,30.865315651506265,1.0,97.14351077175738,395.8408697254195,798.8299001602318
0.5445692029,1762.0746993805417,23.804103200199332,2.7000000477,300.0,249.0585835348,25.102831814196776,37.73923014053041,17.945857692992885,32.26113343183729,0.0,97.55474032509395,633.0812354215165,1003.2827963587256
0.2724123188,1424.0367773677738,15.54759423404309,5.2058741629,237.0794001868,206.414832372,21.126989916498143,35.18538981995594,12.72043748296733,29.53412323285646,,96.5397322476343,506.32499101328074,950.4778833958237
0.3112081349,1034.7492543249155,11.52436567823108,4.106264487,211.0,173.0317021207,22.988750934600834,37.45450019836426,14.267499923706055,31.71075010299683,,96.40512603009185,516.3075501689875,940.4558379764998
0.3906041667,589.6234745154343,18.799456383757512,2.6345452506,194.0,264.1921001096,17.86850094795227,25.80174994468689,10.384249925613403,25.35349988937378,1.0,95.14599599653766,325.3991425657894,669.7867431594934
0.3351819444,643.2253829321663,16.332683485707257,3.4000000954,213.0,175.1987840604,29.193076875809577,40.85600556102659,21.073051363582948,37.314446995562335,1.0,94.69677982089279,897.2098314711012,1570.4415687674993
0.2141722222,710.7294007490636,16.022742659634865,2.0999999046,29.0,166.8245957099,24.83567151218498,40.031647968051104,17.228444848027443,32.443664016391736,1.0,98.85129493231173,478.491768695631,1083.7620626046314
0.35870625,1727.4398296059637,29.74855122909632,2.8309108612,290.0,180.1579981297,25.99700164794922,43.92074966430664,18.26949977874756,33.72550010681152,0.0,95.67459944216631,524.8454791643845,1040.7555698453493
0.2323083333,1476.573087431694,9.768824366333543,2.0,270.0,102.714999774,27.868751525878906,46.566250801086426,20.354249954223633,35.383501052856445,0.0,96.40836408029087,126.05426576616114,1176.3337714348004
0.2926392826,800.7878190355299,4.157328248214606,2.2249999642,72.75,176.8626005789,17.88450066248576,33.29133383433024,8.267499923706056,27.502333482106526,0.0,94.5942003249955,162.56348036608205,1062.3077798227653
0.4634392077,535.8876867911172,13.447260569134777,2.2000000477,196.5,877.9509982181,28.13525152206421,39.24583371480306,22.471083482106526,33.80024989446004,1.0,95.8456111339789,432.22442533146096,935.476316555932
0.2845000689,151.93826189539914,1.884746073391291,3.3832601522,268.2934611536,304.7934166226,24.39549014569635,50.73473279861841,13.511955500628545,35.27970961693129,,97.19428962060141,123.06023909230856,624.6339490710222
0.5998859722,2174.4327741935485,29.86466690952547,3.3259512773,1.8702434059,482.070877793,16.797510733409595,22.882669822627303,9.505350631900667,24.09088897456075,0.0,82.48876372165543,98.78954374570381,728.8376651696948
0.5876372222,1575.6837554045708,19.507196667203203,2.2999999523,10.0,991.4781164596,22.752696344268465,30.992809000358506,16.230125080021203,29.27601618762974,1.0,95.1480970137358,111.30811295572248,375.1084932315893
0.4532435417,154.5609666788722,2.377567951559628,4.5077576072,318.0,213.3833515064,23.061683234929305,45.33063635246599,12.393684778275246,33.73083691171023,1.0,98.10685125586792,384.22898548116467,934.5051654828642
0.4416791667,18.75387755102041,2.160032777798419,4.8000001907,302.0,209.3372673652,15.478921868346262,25.642551030734708,6.066370515049744,24.892466656734236,,96.8763554398544,370.4988440110327,794.5141183687913
0.1853478557,1115.9569522169609,3.601654744551093,5.4186636049,350.0,62.4839681389,5.50652506525059,11.705491205260689,-1.411604239662818,12.425648347042255,,93.70743321753517,98.36058536585244,1286.2372026284809
0.4684416667,137.45401966454597,2.68204803622617,6.6913521263,333.9903603658,568.489998905,18.006500720977783,18.885250091552734,10.993499994277954,25.02049970626831,,91.96385514039665,121.30992805234288,1091.3284286601242
0.4719862613,1293.8585923739115,21.63056144565466,2.3000000715,228.0,252.3025057735,26.546119686080303,48.09258363032122,17.819289836948258,35.27423521785694,,97.7591573916382,339.49434591793425,740.7834751458021
0.3990454762,1603.6331849453663,19.16633738544078,3.7000000477,259.0,176.1072278915,19.232142135751864,30.456075895632907,11.546198226766325,26.91957174282651,,97.83747526003657,120.32106971910923,467.5807836395
0.6045542498,1952.9689579745893,27.340131305944215,2.5005406492,254.8914671827,337.2627402857,18.29349319095509,26.47098750196328,10.937593313555997,25.650663443442554,1.0,98.1637119443405,210.139710842707,412.1867695763119
0.3745145833,820.1856048616826,7.103065242935316,3.7532677516,237.9791456881,202.2922819116,19.430391433286157,38.02178099265757,7.95743150348978,30.90393685473473,1.0,97.52059963903474,148.97112894425123,527.9009648109234
0.3251561404,1241.5817301038062,23.114626911321725,3.7742780082,252.0,272.0030302479,14.953161966465258,24.4503562243583,5.863985698037874,24.04258867330713,1.0,97.68720589960733,174.47775286803068,632.0455362098149
0.3333227273,481.8148641449121,15.374223961021015,3.2154068652,214.078478254,134.3686051584,20.579266739868803,33.02262655975463,12.060345476012895,29.099633728781704,1.0,96.56669252870061,148.0262404301889,831.4410450767136
0.3888444444,996.2232606438214,20.26701933717018,3.5,231.0,249.7997617262,19.27979522618788,33.836229671693914,10.843660134551676,27.717232715712065,,98.74032226691575,219.21194212144957,594.7582110752978
0.288747619,657.0520416333067,27.60481123293372,3.2000000477,313.0,154.4071322957,26.392878677522564,45.20297728106825,18.463950003430895,34.322907113916145,1.0,97.30621518773852,241.71020943456477,1747.866235410305
0.4860541667,1149.027754056362,17.940895251159887,2.5,315.0,238.9101061366,25.47009080194023,43.31562311881251,17.442564552806367,33.49873042892113,0.0,98.26093699022948,814.22397393783,1389.8939606198505
0.3454180556,465.81148429035755,18.931815957357927,2.7999999523,254.4091216566,241.9375114492,18.900815432923682,21.28002929122879,11.76332415469473,26.03963137887405,,92.44122666877249,108.50520311838491,668.5013882120678
0.1920722222,14.229320780094149,1.396632355555802,3.5999999046,303.0,62.5591055157,22.35922132356886,33.77281431124042,14.646106460009918,30.073522478533008,0.0,97.96653134277602,258.08990194709133,1324.8544433114212
0.5064504231,1422.4301493355981,6.700880939483902,2.3700000286,247.0,243.9561995054,25.157726144790647,43.153999996185306,17.71015009880066,32.606100177764894,0.0,97.94385163642757,152.09875486969665,839.3388872215764
0.337176,1462.2011335012592,10.965731340361481,2.6313278397,288.0,281.8429544496,22.616746371167736,48.51192289807484,11.367288771173175,33.86688789244903,1.0,98.54329773598317,98.24160146923678,601.9916145851046
0.5412680556,638.3333333333334,16.962468307332404,4.9000000954,319.0,280.7020287863,21.99755140401128,33.11314565715417,13.273686821588425,30.722348670524138,,96.20913540180058,127.30751041992963,431.99656622169704
0.2995305556,1440.6068399452804,2.084315180990504,3.0999999046,90.0,270.7672770331,17.350484855229844,29.62579267367487,7.683021866833622,27.01914441041331,0.0,96.0984414513274,87.75270807163983,651.9367503011258
0.2478425926,1255.919845857418,1.528668915387064,3.2999999523,84.0,208.1232768497,17.086838175502407,29.79009286008021,6.781308476411538,27.393802138158595,0.0,96.35236134643503,111.53386870920033,838.7600788714974
0.2902645833,91.4968884633796,5.489618896567804,3.9000000954,219.0,327.5714906425,25.319494876832316,34.32287210754658,17.50075208789969,33.138542878132796,,95.33620065483359,789.2125468946916,1114.2566415850818
0.4983398148,1864.0458590723488,17.766090419573654,2.9517316826,255.480004893,157.0522030544,25.676771085784207,44.659406317414465,17.911708052982856,33.44259848899307,1.0,97.88548888997823,579.2975808387,1177.2058591288956
0.4438309091,179.04507512520868,16.63073943097623,4.5999999046,329.0,176.5764191427,15.329558838091128,19.424941033474656,8.122793163156736,22.53756714039936,1.0,93.96097397227982,157.2130287707048,630.4738685286238
0.4998983333,1258.148631029987,15.76804823291426,6.4004288927,137.6566613857,389.7248433792,11.591591930560794,17.47047820850368,2.683757249523307,20.50051822578304,1.0,92.46043113465427,18.77753276648672,225.8947068285567
0.4947944444,945.966601178782,25.16694797857493,2.7000000477,275.0,322.8431663607,24.784440534583602,37.67523074693318,17.045655316851526,32.52418605943567,1.0,95.56141599761692,120.01745105016144,832.1917987802411
0.6380688066,1591.910143952097,23.701222996765296,1.5947368333,259.3684210526,450.3351946828,22.857660856511856,35.15481248166826,15.948527799712286,29.76783329910702,0.0,95.95364835427979,94.7652440739855,649.7704389217321
0.5508809495,499.9081819836724,13.198202584490904,2.1749999523,125.0,673.5121448099,24.04725108827863,39.489106995718814,15.279321466173446,32.81610720498221,,96.6601643471814,592.0063407779714,1066.9742985080422
0.358832914,1989.0910733102514,8.492433618711718,2.2918890663,177.0,471.354333195,22.720667839050293,34.6765832901001,16.34666681289673,29.095250288645428,1.0,94.03507393813031,95.60763137936983,498.1319280672835
0.374793046,2552.350640375933,15.525571138560524,7.1977791105,178.7337365399,333.2547480189,15.237906934722515,24.994047033731295,6.83116537681924,23.645452601230392,1.0,93.79939992319856,68.91574536317938,470.0849610118637
0.42835,318.0064063453325,19.30497404647196,3.6902760713,215.2894244046,249.6527929879,24.075729926374326,39.429790649731885,15.262358971891224,32.89031159082494,0.0,95.55793747730738,458.8373669706085,1051.1070273791843
0.4493046875,69.44937694704049,1.316628053244726,1.5,179.0292748896,528.2825727029,23.333041663037392,40.91332070946993,13.371000825174743,33.29583017841135,1.0,96.90095027713515,207.13326365404478,1331.5942465500043
0.563445,639.271164699846,21.087651166596615,2.5715587193,180.1376484999,309.9251895037,23.746217049204663,36.88290958474207,16.08256352423927,31.411234583026314,1.0,96.98354475907101,130.65143806953066,1242.932561367766
0.5330638889,630.2204433497537,16.514388181844172,2.0999999046,259.0,275.2078358843,26.244998081266257,38.87814497003568,18.73384425661626,33.75719910723063,0.0,86.60804830653056,79.20260154777331,934.825583075568
0.4330069444,824.3126376045794,4.461153126062144,2.5999999046,215.0,451.2770016203,29.59900140762329,61.84100151062012,19.50699996948242,39.69150066375733,0.0,95.52954339259051,226.50030312242313,691.4713544727291
0.4643385417,78.3788697788698,4.492367486183415,3.8439168574,233.0,421.9259963863,27.56125116348267,52.21774959564209,17.863750219345093,37.25975036621094,1.0,97.61269586676168,355.35438818398353,639.4866827992807
0.5172798611,876.5226971703793,24.637855447486967,3.2221605325,122.0,418.4239185281,23.894524312593564,36.4363538669586,16.656295017121856,31.13366505877347,1.0,97.30142828209358,170.1537841538219,772.102628384241
0.44969375,1536.7208023293433,7.42784739981111,2.7000000477,153.0,352.502767271,21.10377219415686,31.776653837775953,13.521294538825192,28.68749679999727,1.0,96.53287993615643,98.29791130054254,590.865264203341
0.4092516667,830.3788659793814,5.317458712934322,3.8861071071,218.0,215.6190249937,19.464474895452867,23.203016154504112,13.702267143652945,25.22799863884371,,94.38845061520021,185.0078586180193,750.1989731011253
0.50779375,758.8890339425587,22.497192803702216,3.2999999523,244.0,277.3533588264,29.326186872322012,52.960890228504255,22.289708145439896,36.36344003457899,1.0,98.97547665122457,173.49779972121672,849.4075676853181
0.41705625,763.0823233892687,18.556703298461283,2.5797698049,294.4057761522,313.8541099516,23.98371243501024,43.44270295229266,15.374658062985162,32.59395856139897,1.0,98.05982137972111,708.1045735761485,1153.4772058728522
0.3468411974,2279.6357571069425,11.142408785121757,1.8003020249,151.2741553408,462.7217577768,8.965935500763008,19.960728879142305,-2.023576116781846,19.95635570518095,1.0,94.88271456918287,461.5535614164862,964.9116263369148
0.443697043,250.6232214520248,14.183906772139624,3.9507205187,296.9808594409,279.7627964877,15.36337693140619,19.85794257465847,7.799321358762718,22.928849479684587,1.0,90.61144126106066,147.6673414214082,565.0060874010169
0.403957284,2489.6341996751216,8.385839329462014,2.7999999523,186.0,568.990024656,19.926565567171306,32.10781263573853,11.683855683329657,28.170552766618982,0.0,95.11769071693865,245.7990028863558,621.0505132963177
0.5494811508,708.8681900515535,16.173060582674314,2.238722678,244.3532711623,693.0436558783,26.21929605861931,50.73901636981981,17.332267496439627,35.107143095134376,1.0,98.0240977714322,179.65959446966647,420.57155840152006
0.6598431293,2133.656984882419,12.847063013338897,3.7411436304,254.6978820791,701.0351359192,10.019415116391007,18.025700855944308,1.748843266013603,18.29113187858249,1.0,94.79932977025913,397.8566392586727,830.6378632723454
0.5186520202,620.6751571009636,24.85985581205138,1.5,290.0621067705,681.1021500149,21.57636180291519,38.349892085384575,12.463655475622655,30.689824265824875,1.0,99.39695220958218,809.6500342261799,1414.8301971821816
0.6289397436,588.4844798180783,20.409785710470864,2.7999999523,147.0,1021.0879994599,17.946571141939383,24.83746667544713,11.551912762172853,24.342596843378377,,94.56925380453305,578.4591872984868,1196.4363721578625
0.404565,2026.1543365652808,14.343732165770158,2.8707511344,235.0,385.5338402136,17.348497902255676,23.697372545881063,11.943972452987193,22.75438719781536,1.0,94.35711432249752,121.85545981229589,289.1078358909333
0.4470227273,195.11579689703808,10.436976828683584,3.7864245257,309.0,404.8717349823,25.505455804277513,50.26266267871642,15.785456072266552,35.22617242241549,1.0,98.0117168498666,337.71014580901823,606.3928835195627
0.411462037,102.23204419889503,7.097907747013988,2.2999999523,168.0,751.2989999186,27.168001174926754,49.091750144958496,17.96750044822693,36.369500160217285,1.0,96.9238964083435,385.17513891119916,939.7497056194788
0.4644180556,375.8184905660377,11.414001001378276,4.1650414396,346.0,744.8039994197,30.860501289367676,63.259501457214355,22.23400068283081,39.48750019073486,1.0,97.79503906488141,157.37955542674888,528.9353774983297
0.4341802083,58.43493921656911,2.298516380188434,2.2000000477,139.0,564.3160722699,27.499522026092844,48.159113910774266,18.60658616440004,36.39345636180761,1.0,97.97787699290167,657.1077156802646,1124.7680130296224
0.34435625,1459.5461716937355,11.23948597327186,2.5292700796,224.0,456.8694846763,17.435517194234905,35.513313887963236,5.740120744858686,29.131912820642565,1.0,97.60686818611454,216.156390916599,1001.9988006645351
0.3275503595,3049.0868744098207,19.643641332869713,2.7999313319,209.0,439.3858562727,14.141747766366676,21.51782859077251,6.958439189462858,21.32630467266268,1.0,95.64539606454697,328.7005772116594,669.4441132193737
0.5022708333,82.6906779661017,3.431603248987045,2.4996078545,250.9945555203,502.8329467809,26.163488333948813,54.92671934407095,15.375725555262685,36.95205692940451,1.0,97.7567282020432,351.00039046461416,597.1720029964038
0.4208533333,193.5346153846154,3.36686457834401,2.0999999046,230.0,878.45300443,25.28550100326538,48.86324977874756,15.561999797821043,35.01024866104126,1.0,97.27175731029303,534.7101671452799,1153.4374023115156
0.5121041667,151.37188070602556,2.364568436047832,4.0,312.0,528.3769996394,15.846250772476196,21.777999877929688,7.721499919891358,23.971750259399418,,92.53518302930487,165.44734254972815,346.94358761587443
0.3266151515,789.0799472295514,5.541818142490316,2.3500000238,206.0,227.1343485368,26.044496671245764,45.00557112987056,18.805895330245313,33.28405738039778,,97.7633204378208,211.38024412487235,749.5509606483703
0.5480717949,849.8543962221723,20.100555190376305,2.0999999046,234.0,455.0606889567,27.388176125151126,48.27405279374965,19.046269012564263,35.73106520795435,,98.82066461620394,339.4740505897878,560.2187822547673
,319.7474175746427,11.713878338342342,,,,,,,,,,,
0.6109897059,707.9832847722741,23.377090812259578,2.6388044519,250.9701134511,538.1481886162,24.167590813157588,40.94529337996351,16.775249789913637,31.56068067693481,1.0,97.88757494918727,241.64083519865773,505.41874274904035
0.2246141667,818.4770780856423,1.874505254498657,2.9000000954,184.0,128.110850594,21.986341888244134,37.147987711051506,13.386218946597989,30.587652000098032,,96.36411808032675,245.08209844379115,925.4067485403878
0.2596435557,353.26316531384253,2.324153670715277,3.2736842381,252.2105263158,746.258707794,24.20584487915039,46.220614870389305,14.68464583158493,33.72792702913284,1.0,97.23713203654307,237.15714291042747,522.0048912474939
0.4780375628,736.9994604840537,17.63680062260644,2.5909090909,259.7272727273,505.1395833698,29.4535014629364,51.23408341407776,22.719791690508526,36.18818751970927,1.0,97.91953965727568,455.97615111994367,762.4752617246329
0.343637684,1491.4545052238661,2.725800532218874,2.4583333731,264.3333333333,493.8063627661,22.23997827009721,40.085477482188836,12.221818121996794,32.259091117165305,0.0,95.72495455772572,294.006655247768,628.6730033786804
0.5292415462,1561.4002994318764,12.218767309770959,1.9857142653,132.2857142857,634.1566670716,23.05150090323554,38.72291670905219,14.672361082500885,31.43177763621012,0.0,91.71826897945546,185.74427976262407,596.2200608700912
0.2651728846,61.957250493954376,0.258574382794724,4.9000000954,197.25,534.0885009873,24.568417946497597,44.405875205993645,16.11583332220713,33.02191630999247,0.0,97.54419213031245,140.40472150773158,936.6676258649202
0.4885480663,2119.9435699765613,18.755495286809328,2.6999999881,97.0,1150.4533332915,22.254917780558262,34.77024984359741,14.108333269755043,30.40233325958252,0.0,94.5960191263472,262.52094397545176,402.03835058459947
0.3863383796,374.7199305665141,11.333300222657504,2.6000000238,167.0,369.0770006049,15.232917467753092,21.055000146230064,7.698833346366882,22.76808341344198,1.0,92.74053228149792,161.1290811563201,458.5494923290338
0.5014427802,1887.5247909336015,12.6502900970163,2.5999999046,211.7511064362,717.3580010453,23.8500010172526,42.805500030517585,15.30550003051758,32.39558347066243,0.0,97.50683470056553,111.30393677622423,538.1780896878917
0.2388791049,1412.5157315154693,4.93651689250941,3.3855167184,195.3614483414,600.6874986602,22.575875997543335,47.20937442779541,11.09849989414215,34.05412483215332,0.0,98.21173700012842,222.47552354726176,1019.70293433857
0.2986010622,1380.5202623741848,1.730589323463417,2.4000000954,301.0,420.8379961267,21.559695651963644,36.79324627207206,11.42974420740666,31.690888491709266,0.0,92.28060314306975,190.8157717176225,731.4325135448914
0.4103931306,321.3275012608139,5.971695017061052,4.2007842048,337.0,295.5322302412,15.939709610877848,15.655371428610072,10.282719039569248,21.59774226081925,1.0,70.20861785690933,41.19768266237274,359.8919997297528
0.5168656944,2393.7681403723855,20.920973833009537,2.3233297712,97.4326592397,946.2779189653,18.846282000981542,26.29650145871055,11.291004374614428,26.402805236281846,0.0,95.3144363399011,203.10394843096034,719.4685828769472
0.4637708333,123.46791226645004,4.651809950135982,7.0211854827,310.0,299.7411315356,19.43381441320076,22.831912568151942,12.465033104614829,26.403478134503082,,91.51016418159811,135.82850419032738,445.85347432069034
0.5773163333,953.3698411005652,14.194021765822425,2.7999999523,280.948983254,567.7170132461,28.310031389355274,51.77493195232456,20.650689575019346,35.97072116639967,1.0,98.15898071462725,522.2913014044933,817.5697326595264
0.4286453333,409.57136425033764,14.421228121786651,3.4098570862,253.0,387.0299970615,24.671017476805233,45.79190213952088,15.107758819383847,34.23525296457401,,97.59439793760225,474.3113134068552,754.8202358504273
0.3105597944,1444.1794841596984,2.211538405717999,1.7999999523,84.9527651634,472.3794303367,20.530872584585055,38.52504278586803,9.956977737219683,31.10575083335933,0.0,95.38353601656858,236.77278214685384,641.8683435200053
0.4771547101,241.7657037492317,7.047667708481904,4.6256341437,313.6757670404,645.2612704372,22.91202774257692,41.48847172970811,12.957581373963674,32.86784697445293,1.0,94.47040042016049,304.05997586165955,497.186317549215
0.3648116631,1547.187209101879,4.971436108012504,2.5974164909,175.0,881.5629120383,23.508512770350748,41.314461670271264,14.218288843781018,32.79931776067599,0.0,92.95567040409865,180.24791469005325,780.9778006008233
0.5741557692,612.3308315228126,16.05732235110562,6.9265238269,334.0,1823.9052059225,23.81772296951562,41.68504282759426,13.080461141218516,34.555982392146035,1.0,95.1012954784174,237.91651692514637,580.798472501732
0.5028729167,144.88850528025995,4.849248074636674,2.0,195.0,1111.5550762261,25.37661652711165,32.00248004405337,17.365598696757438,33.38868388114567,1.0,94.61410829429485,513.1535713301134,1029.8850174168451
0.3034662607,1496.1316872427983,8.149174330165849,2.466749295,179.3349852666,712.995064995,25.146998631937542,45.40022114812574,16.268490385790376,34.02675467008835,0.0,95.754171025168,149.5139976511499,717.8154755994942
0.428612963,1265.8597855227881,5.561007614613538,3.2999999523,298.0,355.0350471601,20.713810434044568,36.25061811895333,10.619191934428857,30.809424004106845,1.0,92.10407189769164,89.73364580180188,573.8797862348151
0.5276407407,583.6375944584383,8.943689134281588,2.5498310182,302.0,1122.12544381,26.62501346331028,45.25039424209888,17.82189108484947,35.429306059128415,1.0,96.08357741720931,190.94686969351713,490.5608795070558
0.469337037,118.86758821389596,3.047249286011723,3.7386140894,302.0,495.9680006233,21.816001415252686,32.14750003814697,13.547499895095825,30.08500051498413,1.0,94.35596462636839,833.9725296139724,1497.949215979922
0.2839138889,1464.5342105263157,2.78626963187728,2.3211724278,99.0,450.494001109,4.106000349520121,7.186750158964596,-2.057999718638468,10.27125003278132,1.0,75.97915760585806,9.399630975358269,160.90232845319292
0.4132658333,2595.805333333333,21.029771890428332,3.27548844,84.7744246773,1368.886000116,17.605000972747803,28.248249530792236,8.923749923706056,26.287749767303467,0.0,93.01827234955476,175.79053803707401,590.0495554123013
0.3042987013,1273.3504155124654,2.012262376020159,2.5999999046,218.0,373.0609998615,20.741751194000244,34.645750522613525,10.797749996185303,30.68674945831299,0.0,95.46765947347775,190.54618585575997,718.9223923352596
0.4614875,570.1617357001973,19.414294450123165,2.7000000477,254.0,565.1789767978,28.943228844779156,50.95620329178004,20.458038013289272,37.429262618008835,1.0,96.99626990522685,368.0856156495511,586.3352659303778
0.2885363636,1476.6610455311973,2.558866178054632,2.0999999046,279.0,507.4929364747,20.617690238635625,35.61603333956136,10.855023089989974,30.38098046154759,0.0,92.12265143272964,105.1619398910697,780.5943389843383
0.5849802904,2353.6132502831256,14.99820732542167,1.7999999523,156.0,2628.0498998498,16.396345303200377,26.048560195934915,8.094684058506418,24.69875513237101,0.0,94.35795159809575,116.0446802637032,352.1711909068387
0.3436777484,1342.3318722604884,1.965859137424172,1.8999999762,277.0,430.3016427912,20.044406232593417,35.4134714510763,9.578864753320714,30.5106964258513,0.0,93.03434851898645,89.59658051297825,821.2653226151555
0.2550651515,1611.3225602027883,5.15286532380584,2.7910817374,253.0,534.6176744004,21.62458785038711,42.31086016639364,11.387698698644076,31.86289561573147,0.0,96.62742905735956,279.05609615603515,642.0884261776228
0.4268136364,1453.6991701244813,5.459717829816074,2.0999999046,278.0,652.9310011864,22.47275161743164,36.893249988555915,14.09749984741211,30.848750591278076,0.0,90.96790764695604,143.22825173362943,607.4863156456136
0.3912809295,725.9350015342985,10.277780463639026,3.8999999762,256.0,475.9580014602,27.746626377105713,51.514874458312995,18.5719997882843,36.9223747253418,1.0,97.896941245413,359.70814884142413,701.7174523310196
0.4356966667,1012.193227782272,20.605630123121372,2.2103509398,254.0,671.05251069,22.65716719279984,34.7801526751137,14.433502498098516,30.8816262782289,1.0,96.25980062885759,251.34502421469563,508.0667666591716
0.3857814015,2115.9288468279005,17.81295086157379,2.9000000954,224.0,518.640596402,18.980367598601095,36.411363335755894,8.689462530853914,29.272270107655192,1.0,99.28195561420989,390.787370206034,537.032940750369
0.3260594697,1416.7869027019833,21.766545259022735,3.0906999476,68.9406326115,896.5229910906,27.061356601101306,45.00929980320857,19.94906697750549,34.17439357875104,0.0,95.57169806661977,334.33144988737376,1227.063990670815
0.5306766667,1081.3379026730638,26.535849760292,2.99908142,295.0,650.7341508445,25.73359471093056,42.996179544112266,17.597030124508457,33.87132907237182,1.0,97.47303946123792,521.6254696545508,901.5148977887395
0.4086226852,898.4328894209187,6.18182937562974,4.0999999046,323.0,272.9771965879,27.79043853010377,43.71038393374101,21.973894511818344,33.60797045974095,,97.5954263658087,482.3557714736743,953.3396165437813
0.3827901515,591.1461483081355,16.05798036711148,2.3270940483,170.0,432.4947762612,24.099742395414527,43.24534002894116,14.959857683122856,33.24087516982957,,97.12890588727228,321.5738713544743,620.6203200269497
0.441572619,599.0179477175185,12.14197383222755,3.5999999046,255.0,601.3748929379,27.595010037181492,58.94123123662324,16.885220620309685,38.30604693504028,0.0,98.05853816256597,636.384293403165,1004.6716342533008
0.3859489583,290.3776470588235,16.194689094061946,2.7000000477,287.0,365.891998142,18.61575078964233,26.941999912261963,10.923249959945679,26.309499740600582,,95.24843193487038,196.65649348469333,541.3821325276466
0.5139972222,220.2961937716263,11.199521931479959,5.3499667628,276.0,897.6330054365,13.667750597000122,11.721499919891357,8.05900013446808,19.27724981307983,1.0,87.70453362448382,69.47748505502379,174.77209994585672
0.3343944444,1222.3394109396913,14.857399691685218,1.7999999523,208.0,604.7646983666,23.901803938036004,32.47128119337205,16.026650785126193,31.777776651009475,1.0,92.76121595240366,155.59173564969896,802.397350542605
0.4095687943,326.6418830003589,10.155099526215276,4.2275461875,326.9033199206,497.2740017985,28.308876514434814,56.793875217437744,18.077624559402462,38.54100036621094,1.0,98.1432960529896,514.2293305331303,813.2393437594652
0.4691125,339.35287877326647,13.792592300595215,3.4927938635,324.0,481.0721411933,26.520347722354607,62.923077946112606,13.646770286066715,39.39466123833746,1.0,98.66118883885422,495.20946058672627,796.9033349823551
0.446594715,110.75063198360583,4.699581304623666,4.4000000954,319.5,351.32225059,22.476251006126404,37.12268769741058,12.496750116348267,32.456562519073486,1.0,96.6211777593575,297.73719960700345,628.2207491549539
0.3809421496,2336.7877893781206,15.951862210948319,4.3500001431,152.0,559.1510042871,13.107917229334515,22.490916808446247,5.652750074863434,20.56424983342489,,97.09216203287781,139.53098878201874,854.9100895604865
0.3976071147,116.55699711260827,3.425508094363997,2.4899182409,262.1996598761,274.8884992477,24.584625959396362,42.932249546051025,14.63587498664856,34.53462553024292,1.0,96.52266150071128,299.2049932501243,630.2394613708402
0.555703655,826.2255426396462,11.289120946692263,3.8278039444,319.3646262564,725.6614849755,26.32299824563879,46.505028775010835,18.082587209268485,34.56428729945064,1.0,96.82140602455799,118.74432410237699,365.579754774955
0.2782866218,2053.3826622057595,18.320932335627237,1.9762684321,131.8409540564,241.9360012369,18.357125997543335,27.32437515258789,11.55112487077713,25.164374828338623,0.0,97.9552123518904,486.0660952253462,869.8458606607239
0.3898482955,152.4786644321258,3.224994412414558,4.0225758782,249.8189416111,334.5516908532,22.660262173197086,33.40364455062663,14.481726561300423,30.839945506694587,1.0,95.30711299256275,153.17109288413477,502.1703681865098
0.3529176374,428.8604338188727,5.584280102524938,3.5,340.0,239.2116045637,26.41488797010478,63.7227395626174,13.712320168504133,39.11854886872872,1.0,99.55629224419675,802.7598314114914,1203.2232926871077
0.4005275887,1279.8342939481267,2.510141708342013,10.2100935054,248.3926696025,76.2598883292,5.45008133281579,15.328807357563303,-4.422180892464741,15.323326409367462,1.0,95.16394492083947,178.7871274712329,1244.3555776243788
0.3424705853,197.5679797979798,6.32211346502858,3.5125581942,299.0056989535,132.6137945007,14.230526291695746,14.752847923787304,8.417841561621271,20.04430804808425,1.0,90.90574891170345,121.25562481367297,701.34717815864
0.4489224638,629.7233444816053,14.976284841283109,3.7725183124,315.0,239.8338494379,19.75250789374842,30.72543136527316,9.954419133755264,29.551025396889397,1.0,96.23403611903218,400.43460771542044,704.5259120483345
0.4135590713,1117.3813796971397,1.971358187484126,4.669913245,248.0,87.2749314939,12.261265134022178,20.72735414152529,4.837124712784112,19.68652587992873,1.0,94.76574418365686,96.84823948847452,786.2561584721846
0.5377791667,164.9764957264957,5.314589386038546,2.7150562333,233.0,547.1306315952,22.47727526776059,35.04180309851783,13.414420878058372,31.54047664272108,1.0,94.70795101967539,316.30645347835156,615.3105811601719
0.4089555556,122.90366088631984,7.031574980486796,3.0137920361,237.0190129568,352.8663407139,27.429966311579783,49.577525571598365,16.638842016076335,38.222465807106666,,97.4970726575014,559.2914002628071,856.7854342103049
0.3837083333,192.61665854846567,1.966077455487765,4.0999999046,97.0,579.1163579288,25.32673376885184,46.6509876119359,16.298382186163344,34.35622453479053,,96.71734923024091,371.2293357174984,621.3867433476086
0.4060798611,348.2010282776349,13.40631728715486,3.6505681363,239.7472718959,217.0679485426,25.861841555528326,61.34068712962916,13.0206166252472,38.70404917188545,1.0,99.41013805518472,829.6491799472194,1253.9785320021836
0.2904106061,1318.5066666666667,10.814929424532417,3.004965503,219.0496550777,389.1193796389,16.676028869116468,32.66805636815738,5.36918121052425,27.983894960304514,1.0,96.30729856560332,104.5996731308376,293.9629706034599
0.4414995536,236.06416131989002,7.18111091815766,3.4814313947,316.753750333,390.5116210209,25.77448124277531,45.48041019971869,16.756762787585064,34.79330402621252,1.0,97.23370070629461,752.2668750404937,1226.6925567056192
0.5523708333,720.0152874709206,17.226708836137913,5.0,318.9907651999,251.0295471972,18.992377521963977,33.05428046969557,10.052853390087822,27.932771691620573,1.0,96.56597980896191,242.8106287752972,397.3453770998442
0.2480401786,2138.5364478453484,2.682694093155083,1.9188500172,199.0,302.8509991495,20.738000869750977,40.48999977111817,9.812250018119812,31.664250373840332,0.0,96.95098719999771,85.74371009229162,562.1314863025367
0.4392140476,664.0280944625407,9.6560985147589,3.7999999523,312.0,424.9055854909,21.606809369779533,37.3189762542797,12.45676131138863,30.75792351505322,1.0,95.80030520453406,228.01872256945444,344.48715983125976
0.399327381,228.79255774165955,11.125293698980832,3.7999999523,294.0,168.016267829,20.35756414673103,36.87654440059494,9.486575637856625,31.229833503943674,1.0,97.1503172622329,856.1508871291193,1568.2909656740612
0.2885692309,2155.2517162471395,2.306288741290297,2.0721279508,204.0484926899,361.6919964578,20.31075143814087,40.1587495803833,9.03125,31.59149980545044,0.0,96.19751776189523,84.05202580300225,510.4182238203396
0.4516229167,138.76844631073786,5.266947342381196,3.8301317871,334.0,393.2709347775,25.669793734543724,46.30945600923731,16.247328691622812,35.09340522072448,1.0,98.06059068551738,570.9554569345339,956.8840201038014
0.410305,283.9122160834868,11.671755257854437,4.5999999046,220.0,216.7220003726,23.8070011138916,52.007500648498535,11.148749828338625,36.4665002822876,1.0,97.20192309058577,473.95385572919236,814.6433558297009
0.3656666667,740.3071852340145,12.28463557435245,4.3866236629,289.3311777371,219.1540008093,20.037250995635986,30.21200060844421,12.41349983215332,27.661749839782715,1.0,96.16196244275288,247.57451608483262,600.4245283967489
0.3308210051,555.6035810743223,14.620105107186603,3.6443429506,320.7583423433,190.7350961967,29.495378379284286,55.1007649180484,21.39613322855144,37.59537677107997,,99.49067989219765,811.5224004791826,1233.0776506414736
0.3376277778,609.5650293050517,13.408501382741454,3.5,226.0,118.4788317241,16.235946177805435,17.726116658327392,9.043886165047773,23.428880978952186,1.0,92.7282164255379,177.01175903086587,789.9953856557663
0.4450526042,524.4581451893018,17.910042093730958,3.3064701376,298.0,326.4711992707,27.878205176462643,51.37604845511326,19.12681946777061,36.63038561624049,1.0,97.37796104208778,778.6201939934776,1142.4634644368994
0.5107130952,1223.8616049975974,20.53956438710574,3.4390940547,303.0,297.8369003378,25.145880107121,38.39241467027942,17.873565645136026,32.41919168290305,1.0,97.50444810015622,752.0812282692079,1000.0763139221239
0.5627216667,112.04471544715447,9.651765658401539,5.8000001907,298.0,175.1040840361,12.609546215991656,11.094751262945765,8.028536594075726,17.19205319039141,1.0,87.47953390875921,9.039105288812966,198.49554699632938
0.4722240741,815.1202554097198,17.96193651114427,3.042863859,287.0,300.6869996451,26.306251525878906,45.66499996185303,17.73425006866455,34.87925052642822,,98.52552860408636,748.6227068347862,1014.4811957634361
0.2920501012,1441.2473018004575,7.384318015772076,2.9000000954,231.0,363.1897504465,21.029681086540226,35.534812450408936,11.508750021457672,30.550687432289124,1.0,95.76489724053941,300.72211672945707,713.2982172827452
0.2567585,2115.3262768471895,18.187756819055934,3.2999999523,27.0,549.6910010448,19.855287075042725,29.566000223159794,12.763500094413757,26.94712543487549,0.0,93.00832717339944,298.17183393503825,881.9537683299368
0.5376096154,471.7061766288641,13.826835009301066,2.75,34.0,1099.5196687137,25.400957584381104,45.178750038146966,16.344250122706097,34.457667668660484,0.0,95.82266273041178,230.37943559377356,1058.0690219467629
0.4331883683,2568.110659223817,5.457946174855978,1.964724956,263.2482302972,767.0541649627,16.89958834790264,22.732402015290617,9.050434371784668,24.74884649539424,0.0,79.81764624077421,156.24878623388886,463.47629867156047
0.2434155033,1410.951912467819,1.699817144224621,2.9000000954,111.0,391.8819353861,18.479837344469598,35.829186004995535,7.037912523844666,29.92186724291302,0.0,93.73472538628931,146.69289213736948,915.106703299416
0.2649296888,1689.4973195232394,10.204176908418749,4.2999999523,142.0,617.1780002583,21.86152458190918,38.46525049209595,12.141499996185303,31.58162498474121,0.0,97.70828329636157,235.43786876101603,952.230539473816
0.2543961731,349.3418396770473,2.482381268328157,3.3714765853,269.5827404538,456.3281139519,20.252867958899714,35.62558430176638,10.388464641018704,30.117325063361488,,96.22152718648564,359.8223175840838,951.496802201312
0.4350726852,297.81529013463506,18.72165649884583,5.5520039334,286.0250554912,395.2949514052,24.223867463226004,39.05527375186897,16.19625521830287,32.25153459718162,,95.492088219199,200.1923062852098,550.8691590032923
0.535909907,2756.246182669789,10.877161104732153,1.4207652456,124.0,561.5893218381,15.079597116539702,18.094272029137933,6.568182014666912,23.59110528107073,0.0,93.01673433111027,231.0260054793913,502.09834017069056
0.5139109105,1177.6864199849738,27.91253047515404,2.7954186878,152.0816301044,593.9507475368,21.959077386027914,34.31797602201608,14.018138129829993,29.900070693383533,0.0,93.60939610900041,111.18562918671579,800.7135721107146
0.30740625,1822.3800069060774,4.878498102507416,3.5,221.0,492.7085398863,20.452620398601162,35.878639290763005,11.219098936105748,29.686205100266267,0.0,95.32977867215045,238.01015299746538,669.5222402473152
0.4439883333,802.0552962298025,12.332225591062,2.493251758,309.0,879.2754774161,26.119096208536256,48.530256590718515,16.46816231629737,35.770147153633914,,97.7501842364147,503.62226275796667,853.9944945989517
0.4399642628,419.98644859813083,19.948487574969217,1.9027606041,311.9447874215,673.1416389277,28.495692986547088,43.11044754499267,20.844483557838988,36.14704126049426,1.0,96.387280302284,624.7566823164934,1117.0816344551345
0.4214174242,105.27711544053504,1.569298466751485,6.9000000954,344.4692819303,986.6782957071,21.407147921520146,36.524131070718475,12.689796054480906,30.124550579008307,1.0,97.41329936782651,150.5442355789535,1101.4494786484079
0.5724342014,2285.5287287883298,22.3074308241379,3.4083516765,87.0,773.6458927508,11.571101714892094,13.38413242635407,3.828001558498308,19.31430218507918,0.0,91.63485404141517,39.13715856209416,198.80130132439234
0.457340625,442.51462994836487,16.20677859781121,2.7525102539,50.0,1343.0519932834,26.301424026489254,42.40374946594238,18.612499713897705,33.99049949645996,1.0,96.52888392049937,583.4040166458698,1009.9898130402528
0.3938690476,435.54070723684214,9.494258765768455,3.2040302023,320.0,771.3292197824,25.850100984983623,44.38701350279706,17.274373424899714,34.425880323132056,1.0,97.42426756789388,534.2342208117237,899.5331204341701
0.6785633333,834.9912376779847,20.291159496543703,3.8537897532,298.5378966888,1432.34000469,20.75107431411743,21.105000019073486,16.198750257492065,25.303499698638916,1.0,95.45589635358688,246.80883511230445,593.181579774395
0.442955,356.29286536248554,12.63180837103769,3.0999999046,287.0,519.75223734,25.6494449667984,61.62561133932029,12.570755362000488,38.728248144159664,1.0,99.30675515072227,508.47515185403483,926.0464173060827
0.5039357034,2597.0024420024415,12.3042025633784,4.4000000954,301.0,923.399009306,16.37357449531555,15.467999935150146,11.092999935150146,21.654250144958496,0.0,88.2225984662727,115.22118149199196,788.2431462286163
0.4243604167,354.5361596009975,20.513057072635306,4.3614466367,283.0,408.9299983149,19.889549732208252,27.824249744415283,12.844500064849854,26.934749603271484,1.0,94.16839498149771,233.49695194659117,691.5290167846009
0.2261954545,1627.0676841406769,10.464024886716338,2.4000000954,170.0,481.1297294892,15.883989161818512,25.223658820530865,6.977334425813866,24.790731442975723,0.0,95.56515821467832,206.56118133757224,483.6663105705411
0.3963163522,67.16661316211878,1.651131543475654,2.8183751528,282.9998740702,177.130566612,19.65585869467045,29.3570119496085,11.662341400065008,27.649487532509593,1.0,94.71403111544747,190.8407742378989,706.5310360361668
0.4526341954,401.6865210016961,10.015859868611974,2.6919034657,223.4923351175,348.3963162611,23.4429986420108,51.95253268273324,10.957095266755305,35.92900459008727,1.0,97.4814435589474,143.49910177061986,504.7836066359133
0.44106875,647.5813534917206,9.632612173782784,3.2798662987,292.5238374606,409.5102121928,21.142292923619223,40.375094054762144,9.998221597377245,32.286421388346255,1.0,96.45867067953655,293.6661989818523,679.5383497525897
0.34778125,591.5987745615888,1.261394353622416,2.3643385625,217.0,339.1959997104,12.245299816131592,12.80275022983551,5.06374990940094,19.426999807357788,0.0,82.29597698299398,36.44545569022665,440.1771293652466
0.3697574074,522.8255304816437,9.219278855340251,3.5999999046,232.0,382.8705186779,20.63095491895298,20.133695466665706,14.11615321358397,27.145870886167,1.0,90.32679894099924,156.8546066392633,565.5427069860532
0.4851541667,48.535190063981936,8.3436453555664,2.0,267.0027809863,471.0845747667,21.78037100835107,26.287167041884633,14.01085619564238,29.550006458952627,,92.77607387004605,154.27749128648466,683.8218591249727
0.568,150.69865884325228,15.222920921627255,6.9406531951,314.0,666.5493111989,14.922590869918706,9.017235025696742,10.123253641266716,19.722027045693252,,91.86789055074654,440.60344182894596,1273.5211425820291
0.3888838402,12.911111111111111,5.911881952308312,3.5933834633,116.0,483.5389991363,16.043899536132812,24.249500036239624,7.727500081062318,24.360499382019043,1.0,93.10546973974337,231.50519433622102,1424.9694329165206
0.3277016667,1144.8313422347153,7.81115129751298,2.5,260.0,530.6144273692,25.287223195492604,53.28054635044179,13.328581963537168,37.24596535610823,1.0,99.02718756947944,742.8733255134229,1260.7161837374008
0.41006875,186.75733496332518,6.239139999037558,2.1417794745,221.0,335.9935027936,18.147725458080657,38.98306767203783,5.455646233881978,30.83992112711848,,99.21334012546663,850.4344097933031,1547.6358437683966
0.3636488989,1565.5799987974315,8.45166143752012,4.4300000191,182.3,408.9036359436,22.096693819219418,34.81348865682429,14.052624989639629,30.1408523646268,0.0,94.09322742233243,113.82823324446676,786.8693445161211
0.4507286556,801.5312212903417,19.32407292378089,4.3222222328,242.7777777778,321.7179999789,29.315039253234865,48.75489978790283,23.431349849700926,35.19880046844482,,99.15255430670027,465.98052566025433,857.9743229251611
0.5146404277,1672.85982781241,9.320378483969392,2.3599999905,338.0,304.6140000236,23.539479637146,41.22549991607666,15.016350030899048,32.06269979476929,,97.08029339761497,248.59534349464434,726.0565323606114
0.2478551456,2.4014761760651,0.090025886505949,3.2000000477,236.0,231.1039995478,18.309149424235027,32.2434163093567,9.566083351771036,27.052333037058514,,98.57882085856602,300.5900874821454,1238.9075939671477
0.2309757509,1788.3312770250793,13.523847337184682,3.8000000715,201.0,206.2854991022,23.913549184799194,38.5435004234314,16.866124749183655,30.96112489700317,,98.60897813742469,470.84726409831376,965.5468480072776
0.253385361,639.7551171645414,5.562856174985446,3.955486198,266.2671150077,200.0000005054,22.325066089630127,44.75858306884765,12.013333320617676,32.63691679636637,1.0,98.37351382656955,158.40536726308787,1120.169992502885
0.5830547222,328.92559163105193,13.626817618809374,5.3000001907,312.0,370.9677554766,19.458448354293306,24.95044477555919,11.728916108168848,27.188041292285533,1.0,95.18093369479656,300.80125360656274,623.5275679708509
0.4289873958,71.69149268767151,2.787627081569438,5.8852623651,230.0,343.0523382497,22.04429066664384,38.80019859324086,12.198233924049385,31.890395182834123,1.0,96.12778694475321,201.89042967063256,505.4963535974066
0.176100836,2005.1336975273143,2.995933053258486,3.5,180.7673789226,184.2636841503,19.332912090755492,34.860225123738175,9.546710330308319,29.1192410563678,0.0,94.93239254965881,208.01751805698245,1040.4867912971085
0.4176789216,320.485171040871,13.477856924389132,6.2241133702,252.0,263.920198063,25.589031913165435,40.692070323702666,16.58382371606717,34.594293740555806,1.0,95.15590525356465,384.70740403788193,809.0542121426803
0.4022959596,698.6798176543722,21.696522696174828,2.5105010871,265.0,274.4673639455,28.106812131319124,43.74481913364114,21.568767332347036,34.64498165490926,0.0,96.66396060612881,709.504939470497,1169.2188877525427
0.4649262821,393.7694429123001,10.341606700929962,4.2409634403,328.0215992785,471.0333616216,32.549720167372755,62.90392050358692,24.565007784461866,40.53448313371524,1.0,98.60209001249689,638.5594739550211,1016.3880523427833
0.387659,878.366943127962,14.821570073594273,2.7672863876,253.2984220894,316.0156997388,27.916492298260696,42.652737633109226,22.425339644738305,33.40774479167868,,97.42512413673727,443.15040190018607,728.4654596768221
0.5416336957,486.64052863436126,13.897014025939644,2.8525883025,293.0,579.0317992049,17.047308616656608,21.719955199574585,9.016741181093298,25.078004721118354,1.0,92.43138131017912,192.3131779169479,387.8149355249655
0.2901224638,1425.129065432575,1.770119853816742,3.0,294.0,290.7394692552,22.92678220685536,43.51066706962456,12.489753123637778,33.363895245980046,0.0,94.62263548742344,197.99071332899217,816.2427211087133
0.4200434211,341.47581589958156,21.2078101658871,1.0378421135,7.0,328.8163778082,27.311883803576833,51.02368265090244,18.246182235957168,36.37772970241692,1.0,98.00028533555793,267.07921179470554,633.79191032944
0.467095098,1329.1756205372321,8.23258305661474,2.2449709753,357.0,347.9759900981,24.24059381309749,43.33041087066758,15.298279928616756,33.18304709444063,0.0,96.82118794027,247.2288848384347,722.4719449701065
0.3020777198,1535.2709715177527,14.816487438828508,2.4000000954,1.0,246.082113629,21.78466827936489,37.3536080749475,12.411581301884116,31.157874856016043,0.0,96.35924708673764,154.93554605011656,1035.7013554567343
0.4508384615,642.1150598861182,16.030203526529842,5.6079217186,305.7235612286,335.3286727524,17.449445471938837,22.668141303711675,8.902680426264373,25.996326330449286,1.0,94.15430433264541,261.0857555216261,613.2514641080784
0.4006647436,265.8591203393615,15.04290152986046,3.5,262.0,278.9119615299,24.988258049233828,35.968256084177725,17.707124502018782,32.269443571699114,1.0,96.1571251481005,577.2565058681681,1100.2074534128456
0.3663410256,239.2747411509752,10.018151255507023,2.9000000954,193.0,228.9156773035,29.253960572346983,59.637966713850915,19.280091179214807,39.22802527127135,0.0,98.59970760209178,582.6982026517863,1394.8421434315187
0.5016287037,598.2833481218574,24.356189637961947,3.0,318.0,398.8484453096,28.96449675652405,53.74586803787341,20.719120731014407,37.20994082975055,,98.24825033506679,545.4228932530209,938.3295238121946
0.1986833333,1406.6771150334753,1.738100078344635,2.9906967595,62.7192947314,215.2749642999,20.686187633017187,40.537891796003905,9.513755861242362,31.85867059458138,0.0,97.73662474411265,171.1518423179519,841.6487987053471
0.5116608333,452.5985806849738,12.881365454618077,1.5,255.0,290.9145952408,26.757597687986557,51.04871590229759,17.55599588839214,35.95934588609888,,98.73287235240352,543.9846528564384,1173.469334354106
0.327865,1932.0164800995026,8.542399779684954,3.2000000477,200.0,317.9506841927,19.75741448357266,33.86224430709393,10.516758229053316,28.99821384507823,0.0,96.61959139771886,150.09526179895738,831.8288361168927
0.5211583333,1227.1307643714467,22.599613759499597,2.5999999046,10.0,330.3206752771,25.386210703611077,44.12936972646044,16.886301075198258,33.88625853417239,1.0,96.44687988132394,241.76956983184294,782.5203061181958
0.3990083333,108.08405029781602,4.424669998990709,2.7999999523,175.0,327.5946152058,26.177325566695146,50.03702853176229,16.227532893189288,36.127192119082046,1.0,97.8490601428752,553.0502402837719,1076.5240774631334
0.4761733333,68.77536231884058,3.851506273085451,3.3411665963,234.0,344.5535459821,25.89842879630693,43.577544198264555,16.271501048474455,35.52550841377584,1.0,96.87255666555829,607.8956623482196,1068.1160363719268
0.248990625,1672.4407919312664,15.818629371772563,2.7999999523,158.0,335.3004589871,22.434051773737718,41.64014158774106,12.239890622054457,32.62834131262843,0.0,96.91227599090897,127.09899836092183,880.4871309549046
0.422922619,130.97527593818984,2.837142253079951,3.2999999523,304.0,258.7167858343,28.32849033747874,50.27593945314561,19.556467358513522,37.10068740260415,1.0,97.21267373632361,793.4492674604985,1425.7856112779887
0.4035366667,58.7469654528478,2.713412366911811,1.7724586651,193.3108349544,314.5049970514,27.32999897003174,52.73474979400634,17.77150058746338,36.88850116729736,,98.16718672398653,427.75391991047036,908.8631530318
0.5727402778,464.7053708439898,23.78133682207683,5.4666721134,332.0,408.0909954831,19.278174877166748,22.506500005722042,12.75,25.806499481201172,1.0,94.26294565340079,267.75356530096985,550.7756518806788
0.6326333333,607.504894384338,14.002721865634093,1.9527129581,328.472870306,524.1086612622,27.278926606049428,49.08573507418673,18.338767817264653,36.219162249269544,1.0,96.43964457472143,299.7544402902646,666.8801327906726
0.4426527778,281.05148205928236,11.488265983895962,3.3902231691,227.4562562696,295.0950009893,21.916624546051025,41.549750328063965,10.02049994468689,33.812750816345215,1.0,97.0133809562678,444.83552626511795,763.9291034025733
0.41581,229.49305555555554,12.124877148618301,3.2015476409,307.0,226.8900006948,29.829599380493164,62.41574954986572,19.806499958038334,39.85275077819824,0.0,97.26820654972914,629.7828410569762,1437.468241822427
0.2788270833,1635.9610561056104,3.084720885537245,3.2197358454,158.0,255.5109995352,21.132599353790283,39.42899990081787,10.470500230789185,31.794750690460205,0.0,95.30781746492765,115.38574022099125,920.6957942835245
0.2639111111,1574.404502046385,12.483260241081737,3.2000000477,4.0,335.4549543387,21.510936159234635,38.73669194510842,11.80237999722009,31.219584637090566,0.0,97.71414107358015,218.62383450098793,890.0907259856522
0.1862243823,1489.067492959539,3.777237095608763,3.1333333121,344.3333333333,154.5835384719,27.420256908123307,46.742673066946175,20.96774985240056,33.87286538344163,0.0,98.90943868208807,824.7788020977486,1305.4089442771694
0.5275923611,156.79646170690947,10.610017741933127,4.0499999523,102.0,376.4849334833,15.976260746477006,27.88606364870502,6.886972942525806,25.065695417581964,,94.74844320317027,155.7586645263406,1193.6912671121977
0.3898506944,552.0838666422868,16.000406810860895,2.4780991917,283.9350234852,272.9701524367,23.108680058145215,37.51441774600501,14.464764245080442,31.752676278974725,,96.93129062556292,357.24896517636626,776.008312924977
0.4739775463,453.7723034881852,19.986008934443102,2.4676932815,160.9512911303,418.2754076966,30.620370692577794,52.4412321950329,23.198883652545813,38.042038925505445,,96.52291248640657,610.9070497222287,1022.5802914228632
0.4609986559,572.288323782235,8.853733344582635,3.712038349,302.4874426985,477.9925839884,24.68282782902396,50.99536690996255,12.896009140432415,36.46971802068058,1.0,97.66708999445115,548.309472813261,880.0370182613794
0.4080645238,526.7019992795389,8.120705574477142,2.5999999046,36.0,284.655851642,10.71280153639176,12.872697969786277,5.211401081845346,16.21429183657926,1.0,92.21770307277845,164.5328938667226,1331.810984369577
0.4818325397,98.33457794372583,9.774659733646535,5.5974731456,287.0,402.0207435623,16.736351458067013,6.161103851316624,13.792968477477952,19.679836249837415,1.0,88.76653272618694,156.5207672229166,344.96696002995225
0.20155,1281.993647609495,1.725126656619891,3.5999999046,187.0,195.7069002782,25.12508493239796,45.24525958581549,17.517167799123076,32.73307333842381,1.0,98.12746547694243,483.3277051337136,1003.8655394035561
0.49230625,155.6799339691856,8.733330737512427,3.5999999046,70.0,505.246137316,18.254005586918893,18.96706584072132,12.520093492655334,23.9880679067945,1.0,90.33554197104635,143.7955917186625,370.5625090637209
0.4978696429,713.1372807017545,22.054228043778423,3.2999999523,254.0,459.7498200783,17.299201584370977,27.079834973164434,9.108050021123635,25.490481468979503,,97.22342113720092,237.42686041567657,423.75649241020164
0.4815756944,194.0468948035488,12.240185390550677,9.5467098538,318.7544046907,378.3624927072,18.75945038138911,27.044902931491546,10.15357257487912,27.365416627883008,1.0,92.95809823220483,168.52105250104992,432.326143354066
0.506825,1144.0459989112683,18.991577035101066,4.4586577661,197.0,421.3562269994,18.935841554154354,21.735412340044356,12.155360947785912,25.716413916549634,1.0,91.54282750552767,314.50576044898867,534.0246212185796
0.362969697,672.1816770186336,3.08779321207393,3.6464197023,321.2600730721,280.1169602245,20.311341994449975,36.14334302189333,9.72258823292662,30.90019063106725,1.0,96.08856500714302,384.22350846063,829.3849526820966
0.3502333333,983.7403685092128,8.891134002687444,3.0999999046,354.0,250.0709228008,18.730915113865812,27.858897874973845,10.740996362280066,26.72091795845006,0.0,95.9375680755461,366.8903640588395,700.8302711626311
0.3510958333,512.424374319913,10.67964848410642,3.0,300.8298429052,266.8710600105,26.92435458654986,57.45126230322432,16.08582543769468,37.76302166575358,1.0,98.81464044915752,666.7767056371981,1199.353504418813
0.5805533333,339.00979325353643,21.733581809989776,2.2999999523,258.7588415714,476.6526814277,22.047862840582237,30.385413183561862,13.973260424116196,30.122579637132443,0.0,92.90446022809677,203.10145346970174,890.7689739450723
0.5041395833,303.35936582501466,14.255002359747536,2.5,294.0,432.5557574564,19.17222465508511,27.739236404130324,11.69080349097314,26.65367522623908,,97.61111566335838,223.36718803742062,429.1441645334237
0.2985777778,760.294,5.692910577992598,4.3000001907,250.0,274.8349962904,26.104863904182356,44.43879259096309,17.113012299881635,35.09682727087135,,96.94225367233042,331.16560513614684,750.2126484222131
0.4819487696,443.15811615582146,11.471511879621026,4.4000000954,337.0,316.8298940332,31.5506575902303,62.450506210327156,23.072191079457603,40.02924029032389,,98.94776798714034,588.193416035528,911.3365264688598
0.4476469599,2685.135237643712,5.904178108333396,2.4919494496,245.0240512862,375.3762320139,21.719951639444226,29.09290641706442,15.848950590888567,27.59107715927968,0.0,89.24576295884344,88.0652170460834,510.03914663459034
0.5552521863,2286.1974560419003,19.025911476105463,2.7000000477,182.0431730204,686.6671552727,18.235740079576058,20.820897799480147,13.111359440932388,23.360310501939864,0.0,83.97995613869834,126.89137033009155,643.7922607527627
0.4036002646,799.9217185761958,23.81921259390068,2.5405849747,283.1130882169,223.763063788,25.73768841946339,33.805673856995604,21.398478526754047,32.22215321980814,,97.19486342573208,358.4382284180145,653.6828158653523
0.4430818182,1712.7327652982185,14.882323738071552,2.9046527611,203.3680477417,332.3790842812,23.712153268406183,41.785027308066546,14.067390519092884,33.14206091077847,0.0,94.384704817399,207.00104022553012,675.2707483994425
0.3414861111,415.0043997485858,16.299576895996356,2.3720661721,327.4859505041,234.2475927137,17.48331001318217,30.49909863321271,6.614502447822332,28.682506364225087,1.0,96.66428863242305,384.3221597110737,599.7831036877371
0.2933915584,1557.8126122530432,1.795605203302957,2.0030273698,280.7880839094,233.2450890601,23.20646525925177,43.47430674589389,13.163665808764426,33.249378894389125,0.0,95.8368108698191,311.97684909079686,840.3808586023058
0.4034182234,1241.592667203868,0.726354238537413,1.8530479202,148.9390408943,135.2773062955,1.618682840699163,9.277923039527836,-6.971074886123344,10.477220400864285,1.0,90.45033192578568,47.87866233032671,885.42829632272
0.2648925626,76.37145899893504,2.734949643841694,2.7999999523,328.7599968896,174.7903955919,20.98977422714233,40.14677429199219,10.248424530029297,31.731324195861816,0.0,97.01303570042771,244.0926117566274,1250.8114119640359
0.3035476506,2202.6411231354195,24.985537208514312,3.43500797,262.0,134.7383968467,22.072749614715576,35.973023414611816,15.38022518157959,29.070249557495117,0.0,97.25627272720155,252.77987850990564,728.1913928862244
0.205375,1744.1678560347502,5.157825374497858,2.5580663664,278.0,116.0149823366,26.029668496472073,47.847686919489504,18.599919380002174,33.97587087967877,0.0,98.39532156880878,450.6954417626256,958.6823114304111
0.3339128309,88.69132244636567,1.387992088521019,8.3000001907,342.0,354.6021290808,21.818700815733287,37.33331031924536,12.901463813280309,30.766169241453824,1.0,95.09016405590029,144.76634345411247,442.26687397183923
0.3248648016,431.2289506428868,17.521353772817832,2.6841403266,276.0,183.4268317027,25.932613116329108,37.844783365197955,19.32767524768944,33.54607150297581,0.0,97.2282100130614,445.81631097487167,945.8385807210807
0.2749875,1171.684317718941,2.099331307455705,2.9012127965,163.0929737702,73.2748417173,6.089042806798982,14.953878630313316,-2.442368719848599,14.324139223056706,1.0,94.6972453309418,79.60032983227538,1256.537296661399
0.1830275,1290.950812720848,5.753046917986954,2.5,170.8306809211,25.6700901878,28.449995264764695,60.18000252537236,18.80256851459223,37.154296970410584,0.0,99.76604041882419,581.5686511783528,1637.992195863089
0.465080914,1908.3598322851153,18.23649338781209,3.5899326415,298.0,119.8475394966,22.688390160808595,29.501263907005235,16.6034859099758,28.773436126695582,,91.91489954722522,210.04120676730255,1064.5860303146817
0.356247642,1063.6893698893698,24.492816450852164,2.849446995,308.8704456552,78.8672989892,22.107304411595717,27.1944204700698,15.87261052125804,27.209938535253265,,97.08922274572967,498.4222780889634,1291.5004359999007
0.5191,699.4036731172192,11.933861223911219,3.4079413508,203.3176505183,176.6638818499,27.311408282358805,41.007053794475375,22.2270895802425,32.39585345928435,1.0,95.15527943521707,237.1878660373588,1379.8510639434448
0.1734173611,1173.7080126182966,17.541073176296727,6.5625601287,254.0,49.0517737936,18.861514975573478,32.460382849224324,11.068416206785042,26.130537782622866,1.0,98.52438190415603,271.2881738911199,1358.311859306007
0.5978346491,427.5021917007598,15.684077353509005,3.6864160483,233.0,153.4708177836,15.83379901916761,9.2789146663095,11.60794990574481,20.517158668419206,,88.4055537138795,216.52443270301166,641.2514667011094
0.4174416667,63.58975290697674,6.764004922531502,3.8079888829,273.3195567649,169.0660740596,17.10472407095754,10.861630260066715,13.904874118462901,20.405631743382354,,85.58901765043522,190.73432460417683,866.6257099394631
0.2950355556,1127.8055840689797,12.073489458384492,3.8009617383,233.7337408879,81.9584186512,25.153379227908,39.17846558873541,18.288120564289635,32.018787907928385,,98.0391302297095,598.4826663539649,1353.5299299332592
0.4268333333,1522.0893825884784,8.04914626770166,3.7821135672,1.0,357.3955835815,12.256621834644244,17.214179304858085,6.850764573326584,17.677536746016848,,98.00082481424272,50.982652669059064,527.8599073958766
0.3705758418,493.76057441253266,16.7887183215615,9.1864691559,94.4237602795,161.653298154,14.934666421521024,19.59307909393896,8.030483998228696,21.800268916789488,,94.51104004402254,87.62915850617043,1138.3604856162067
0.1597020833,1321.5979971387696,1.574482361187836,4.8809126731,181.8091255953,62.6740982085,27.947999000549316,50.761173248291016,20.36989974975586,35.526248931884766,0.0,97.83041348655141,153.316195540132,1415.5436591023936
0.3029305556,1371.26518804243,9.828976610400638,3.4999825535,226.0,79.0887149216,25.531579819931153,34.79113853487368,19.930297574928165,31.133012301781257,1.0,96.86580792319447,727.7754968365057,1410.7380124069045
0.5138611111,261.0959595959596,18.554613332555746,3.4000000954,228.0,180.9168492036,21.096232218028582,18.98301323856291,14.258398493721327,28.016408497055966,,92.32624190851536,380.7581664918645,977.6505426983152
0.5839394989,1879.0742222757085,12.089953449535072,2.6928346069,265.8974176215,665.2292338554,21.705824613571167,41.568411111831665,12.160187244415283,31.25158667564392,0.0,98.69046047755594,189.1415684943105,712.1740639207387
0.2525243564,1212.6786836518047,1.656242693391828,4.9990683065,9.3469811476,142.2858457836,9.003142644194076,18.079618503258217,0.132844050486205,17.87355589796895,,94.76073939529769,82.62632699952594,530.2724468352951
0.5220046285,2568.8223048327136,15.8838811187219,2.5765589234,160.9109925974,858.1389276198,14.082324743270874,13.028274685144424,8.437824964523315,19.726937294006348,0.0,71.47001088283928,32.192385632819196,521.325512760734
0.4458583333,418.7592474489796,14.92546350302707,3.9000000954,293.698012741,282.4044888496,24.76203522510983,38.124781855094824,18.333752816547324,31.190473542543526,1.0,98.01486692240209,331.9568886658305,797.3010019441394
0.3797154762,104.15097236438076,5.36405461308229,3.9504223713,307.0,170.2212854637,26.044752044949796,44.21670404271003,18.278774758390107,33.810874257010916,,98.2746701305636,428.60474464967996,1080.6141691018302
0.4779895833,289.330321852061,7.371915879103506,2.5055422277,174.0,315.7791535748,29.36077403353726,61.009371606533165,20.18445034539422,38.53722508227982,1.0,98.04768924538853,212.200473286348,876.5524297874873
0.425625,1370.3495260663508,17.446288936581656,3.1843109051,270.0,271.2596914818,21.85367488861084,45.16767406463623,10.290124893188477,33.417373180389404,0.0,97.75492254165376,336.16620482003583,1251.4340243782387
0.3663409804,592.7377700020187,15.535036711586404,1.7999999523,230.0,311.2361808104,24.37474340876096,34.84356460380331,16.746919357026343,32.00271209854198,,95.61641474771541,838.1706640912927,1354.6504015097153
0.4614819444,749.7326252762135,17.76877481364135,3.0106413055,153.1481017558,183.3776868558,17.372572300798968,21.745746568074267,12.237524900696558,22.507772412717834,0.0,94.21720766933939,326.4886843829115,1080.554216892271
0.5952205868,2302.388057273023,19.032009438300925,3.5058466813,125.0586668299,452.3008555318,21.24340136297031,27.230516301700018,14.951429828812222,27.53549940657102,1.0,94.56260723495168,87.51307419756908,810.6179486581973
0.4351157407,619.8234838709677,19.118632549424326,5.2252495797,285.0,170.7372528965,20.334537021723577,27.760245677171014,13.854358175183885,26.81486491526286,,97.0405229720797,223.72396518757444,897.607445577964
0.4090925926,792.9962940086473,17.90530581994142,4.0949561598,235.0,301.7255918009,25.563849925994873,34.53602409362793,18.611249685287476,32.51659917831421,1.0,94.24535512989252,202.1133153544524,672.9520122733073
0.4169268519,942.5576086956522,27.92944462117941,3.7000000477,283.0,202.6901507461,21.291729830486766,23.36266490484274,16.561539992171255,26.02207699990972,,94.49225666839003,299.4794940897331,763.4743749086507
0.2198947917,1286.3555366991939,11.315555901612374,4.6999998093,220.0,122.2905119345,22.952006307179573,34.78917360632999,16.714698187227825,29.18944858607181,1.0,98.12617792707992,315.6224975280894,965.9889617566095
0.4848296637,1132.8710106382978,2.012252055650167,1.7009068411,33.3983951408,791.6441272463,23.337262500349812,45.89332442455194,12.144482689124954,34.53017843525501,0.0,97.70969852772723,366.2450344029474,836.8795796451896
0.3206975707,2421.8071895424832,4.799475745486668,1.7000000477,246.6272885384,990.5088697978,21.077149391174316,27.89492416381836,14.573924779891968,27.58049964904785,,89.95631481811459,122.52125302550095,512.5134077018334
0.52728125,521.1930751173709,21.773844601542734,2.5,244.0,1107.244448771,28.188371489849708,41.40872933989519,21.794971566193112,34.58187840643437,1.0,96.52248633642917,565.4596513633217,1033.3478559195592
0.431597619,689.369976359338,13.347137422778646,3.2999999523,302.0,594.9903856148,29.85066902317671,56.89942801683095,21.418461513461494,38.2830265010973,,98.28886546077274,444.72800374381694,737.4739964121286
0.5316263889,960.6758045292014,13.014822468427992,2.5999999046,303.0,628.7209091342,28.6542317610673,50.213011895066046,19.974104454897695,37.33447793755175,0.0,97.83355931541745,399.43057410416554,883.8536101648381
0.2051538545,1300.7900021726193,6.15853743790881,4.3500000238,204.4545454545,215.5588281692,30.263744399661107,53.45096415565128,23.93691953023275,36.59071000417073,,98.51565421183003,608.2786621717978,1310.3652699691743
0.4671420175,820.8073823044514,9.208226538747375,3.1569105312,207.0,548.3059832651,27.35127425193787,50.72776126861572,18.390987157821655,36.31169891357422,1.0,97.82403777738399,175.72523062866082,1095.025111273194
0.3533268801,223.14744559916593,2.10605356301697,3.2165851033,322.0,234.9371426917,25.422523975372314,42.69198656082153,16.57008731365204,34.275086402893066,,97.68050544121185,618.9981021397193,1284.6982501739244
0.4742072464,372.5102847023566,12.001006772981452,3.6599302341,294.4006975631,374.315808923,30.014071810767284,50.43930250046019,23.43804558942082,36.590224447507325,,98.47187061339615,440.51539351325005,1019.865656984727
0.2038666667,1038.8841172460805,3.057960690581319,3.8824106028,253.0,186.4609809302,19.119468028786066,28.351490995486472,11.833688685638997,26.40538989570241,1.0,95.27318744092894,234.85222559433998,832.0987691757234
0.4149391026,692.9535588086825,3.143836505143164,3.747988875,270.0,434.6464072112,25.66300023883437,39.44719735749006,17.34308014602935,33.98302142107575,1.0,95.94071012686516,502.48111250552535,1025.3979717283696
0.485862963,364.64744429882046,7.004968260484474,3.9906238484,262.0,438.3522808805,30.91948959039304,49.79630214635268,24.14475485444727,37.694252579975654,,97.18294367949527,197.80148413295512,621.1245662731988
0.4161854167,531.9354304635762,15.022906831923304,3.2999999523,229.4889069299,415.6831884178,25.768174648284912,47.26592397689819,16.40774965286255,35.12874889373779,,95.17252830451325,449.3743432434491,950.0815441218498
0.4872104167,552.5564570655848,7.54044633086184,2.8183080668,26.0,1172.2631807029,17.768149375915527,21.856549501419067,10.895249843597412,24.641199588775635,,91.34581734384564,268.9673113533486,1301.7239339714124
0.5608958333,198.70933521923624,15.389683963343648,1.2999999523,332.0,1085.7185264818,20.920819805588913,23.72072328793831,15.625958227170104,26.21582415288914,1.0,93.18811496566852,257.6325710291619,1085.2260323719956
0.1973111111,1213.7363349131122,22.37647874970666,3.5999999046,240.0,344.0371931752,25.725703442725948,44.19552295094949,18.99892058715293,32.45263134066469,,98.97746592102892,488.42909783962943,965.3257108759979
0.4663760417,319.4354110207769,12.294727131872428,3.5845161708,293.0,586.5351463015,20.737657571119236,35.320664623123974,10.218466908146079,31.257020509266276,,96.04229655434949,411.6758987133567,683.784926964084
0.4913378247,2384.3831020227367,14.669893608183202,2.3400000572,185.2,601.0921495863,19.81272037823995,35.27545356750488,10.025324722131094,29.60011585553487,0.0,98.42375195822838,339.91861452543475,537.7148718895373
0.5364865591,499.36929128792406,16.129107219605526,6.5999999046,337.5,644.8594350169,22.16329002380371,30.17861831188202,15.490193367004395,28.836386919021606,1.0,95.42005827616504,291.71128033714155,466.29204986580174
0.512333582,728.799415578715,24.864820176066004,3.5999999841,316.0,605.7381509967,29.216753323872883,45.59004910786946,23.000982602437336,35.43252372741699,0.0,95.36350898720768,291.7082539138395,467.83008815582593
0.5332184441,2122.910161177295,24.573832647056538,2.0666666031,257.0,921.2199595132,20.744852239271854,24.466276962292284,15.139813206985814,26.349891447313126,0.0,94.21556383828509,318.2531553420784,512.3578424161617
0.3523859421,1831.2717495128568,16.833633811440347,2.2604517393,250.7607080944,429.3171217681,25.854824384053547,38.530873616536454,20.19914976755778,31.51049931844075,0.0,95.35041550543613,335.1192325709779,704.2328463324482
0.3070668818,1522.2334256916838,2.350027762691798,2.3255943253,313.432139945,381.0716968974,23.404719284523356,51.157094524254106,12.484190370848715,34.325248444623895,1.0,98.98983317143396,302.77297332378396,724.6682990109699
0.2514595809,1935.4316148628968,20.434636347168514,1.738734768,147.7221007764,231.6909434323,9.765449807047844,15.948974311351776,3.97366239130497,15.55723711848259,,93.59314760885229,386.7859163248653,1200.3000891256347
0.4824273841,1830.7810184204955,16.197347196131762,5.4000000954,206.0,520.8413077804,19.7159931271476,36.02321917657545,9.698126611176313,29.733858870398752,,97.65405407898753,117.85608354882737,883.9466191966974
0.458697619,444.05611413043476,15.564425450498643,2.8571732577,278.1165788764,452.9434603814,21.091925122602188,36.17929196183674,10.242230178063638,31.941619627447807,,96.60038072418803,359.83012105757524,580.9957845662541
0.4250219298,1363.0854951185495,4.672275121158802,2.793556563,291.1288679083,413.0202372671,25.426222439018616,44.9814296292119,16.960659592637413,33.89178530653008,0.0,97.70551934582797,328.18009269107876,639.8617819358396
0.4841264706,52.179601990049754,2.469524978266822,2.5999999046,331.0,630.4350776223,25.623892602348366,39.46127531792912,16.768465962661296,34.47931867495326,,94.55710471121901,265.0801788315871,427.44653037829187
0.2877410714,1378.8826372776489,3.604185938564318,4.3000001907,232.0,295.6261900777,21.153010499348746,35.48216604746392,12.020790241757627,30.285231654874224,,95.93299024221422,265.3200604491932,715.4685811894535
0.4725366667,119.56994717276463,2.936908627414722,3.7000000477,322.0,323.5970675489,22.198263651477525,34.721982235465475,13.313039008190982,31.08348781792691,1.0,94.50465067413313,192.5881056810453,504.7241779545027
0.52246875,620.9373974849644,12.802277407444455,5.1999998093,316.0,478.1395963399,20.34900716292804,32.759215220033056,10.188121547700746,30.509892170233215,,95.11971659972855,258.7174776076675,411.25550796563965
0.2991626984,1692.8092269326683,5.308849097496628,1.7564686511,161.0349851617,275.9079934238,17.094173908233643,32.29202461242676,6.687974810600282,27.50037384033203,1.0,98.4214565300104,141.1435443126654,996.8087734250137
0.4153011905,1651.3684554973822,13.839543146134906,3.0032263095,312.0,468.947348033,9.705129986549434,17.555942811197163,1.267454193799219,18.142805958390834,1.0,93.23723297687971,63.65138552444586,209.36980802523584
0.48476,738.7116419919246,17.130022322545944,4.9357542632,311.8004456329,513.1620839888,19.741724491119385,21.66517448425293,14.97499942779541,24.5084490776062,1.0,96.32926539482597,1127.3469889771284,1572.562468083776
0.3615796296,179.8245794713354,4.28033726544999,2.6998322307,319.993287332,252.9825363685,27.83232357070748,49.879458956311574,18.652166505173543,37.01248158991574,1.0,98.68290141869772,963.8613725964435,1545.186249619957
0.4214708333,266.7244062244062,12.1601779193638,4.1999998093,278.0,386.0463099443,27.85138419540459,46.887648030749,19.700912856983393,36.00185519992941,1.0,97.61949370634213,508.86807221553283,781.8064290712614
0.3559619048,1476.8025732031945,3.229121438689536,2.5999999046,280.4144554587,363.7300904449,23.626512050628666,46.94429969787598,12.714374780654907,34.538649559020996,0.0,97.73232076115366,441.4121210941306,787.5823996667048
0.4311375,248.49809056192035,21.560308232570176,3.3979320956,313.0,391.7968656816,28.535666942298615,47.211840528981384,21.075849257038914,35.9954852172991,1.0,97.98951996728739,409.5763226590905,656.030335360937
0.3094604167,1272.6250735726899,4.115070659669447,1.6035226984,320.0,252.1866916948,23.974599838256836,45.22312355041504,13.39009952545166,34.559099197387695,0.0,96.94042300377897,408.23900454648805,949.0809783410194
0.4355604167,38.81429525718103,1.387470600859037,2.5483883007,232.0,526.7816897372,31.962198734283447,67.29662322998047,22.828524112701416,41.09587383270264,,98.68885687781945,614.5928225366636,852.2182092704581
0.3496135514,784.8642027622919,13.266927544174917,3.6999999285,243.0,293.9040118523,32.05028686523437,57.87087326049805,25.573424339294434,38.52714920043945,,99.41095181253849,512.5687922423376,789.8219842943269
0.4452527597,553.5100375953572,15.29928468575161,4.0999999046,314.0,383.6702899013,32.96262868245443,57.02311515808106,26.852632522583008,39.07262420654297,,99.54345737546885,506.90473482584616,793.7533525054926
0.5406346124,1593.2011836192164,17.57739062415259,3.730653742,264.0,544.3054495717,28.391616482775206,44.14108011848361,23.029201469006654,33.75403191373155,,99.17782383286824,436.42538683373004,629.7972098721483
0.364276314,68.27941018766757,1.509637027699251,4.3395465749,259.0,203.7759879274,24.876648536118896,33.678519340648,17.244304751155276,32.50899289229595,,95.35852576679206,288.51332183872626,845.1036027077653
0.2699150641,908.3982602950892,15.883505776232491,2.6692845433,165.0,338.9740907129,26.866863801167597,44.31166140140635,19.49714517017923,34.236582084180554,1.0,97.55306299828321,316.8925586860103,598.0729751239954
0.2818349359,871.9469815103587,11.174751523220744,6.9881947456,260.1536275169,305.3927290428,25.330745915371764,42.989557596115205,17.780323757157372,32.88116721280231,,97.32661167380986,331.23115572899104,715.0309940566073
0.4340434783,264.230677764566,2.969998999423703,3.2197352156,358.0,245.4901599522,18.381216418945016,22.432108484501946,12.267486371272309,24.49494678527017,,92.6160763659349,92.74527635565045,591.7917265707879
0.4095520833,589.0381861575178,1.326744938616237,5.081385258,253.0,321.2508914193,19.465266263782414,37.365625844119215,7.125513334279102,31.805019764633958,1.0,95.19040585586053,275.85595523548085,577.9286948250488
0.3637493056,831.6379354182558,5.142992979192624,3.9946684082,283.9214284113,334.4989010129,14.93952210410422,21.7629841188438,5.72937585036809,24.14966812885883,1.0,93.94832936619156,198.84467104720432,573.3200501801931
0.3580125,240.9003107198343,2.2513609453457,3.8507972175,271.0,202.7535542716,28.731837259881967,51.60805264317213,20.303775900554218,37.15989846128552,,98.17894467648605,510.59275002223234,1051.7974633502981
0.3673282407,977.3224953329185,6.616136747071034,4.5409616875,255.0,485.4860771668,22.582323454986884,35.94574913552011,14.529785070029085,30.634861501197335,1.0,97.32662359400496,324.275709175152,480.38681845495574
0.3400841503,617.3988874345549,12.553999507994787,2.4420545281,313.9828830061,261.5544965811,20.984342271104946,28.620185134024357,13.566300036370842,28.40238415549708,,95.48548212582092,288.9459491416946,683.2228382350345
0.2655244444,1510.7061646363973,8.398679012762043,4.6999998093,97.0,239.8846674584,14.582688269844414,18.23254341374428,8.872722981427764,20.292653631588763,1.0,92.50263422378681,563.6011546831651,1388.5540838711795
0.4166661111,640.4732160506029,11.542753755133198,2.9024158318,227.0,455.0486980614,22.95275210408623,37.820416518722965,13.646909033699108,32.25859439830589,1.0,95.46895383802985,281.1114487328738,476.09575725503106
0.378155,1096.6277416734363,8.472430798523947,3.775744097,248.3020905313,538.3967709121,28.67504723074397,43.46353288662458,22.041334268314483,35.30876126372597,0.0,97.09221233409004,194.12737084628748,807.4524297177317
0.5971598485,414.3578622816033,14.314285883598435,2.2999999523,218.95631765,528.3121443624,31.25293956082203,46.47819440298782,25.859304680609263,36.646574915313344,1.0,96.79709861985445,531.4415881231118,1135.5579117293807
0.3588447917,282.8710407239819,3.281387052760636,3.5999999046,323.0,210.6557727066,22.36949168505256,39.2629558769119,13.5850268495305,31.15395618518377,,97.88800810785176,395.6852474974178,896.3301582541689
0.3351416667,222.54499832719972,6.741070435473096,3.7000000477,304.0,209.6849903364,22.20572588712262,34.70522319745995,14.335391084877507,30.07606145247621,,97.27155071553368,385.59436120660826,935.9003672241143
0.453535,954.4553814713896,22.93777693841576,2.7999999523,219.0,434.2198840885,27.00770547987404,38.27691715152552,20.89941174624935,33.115999279062414,1.0,97.41367913601027,727.6373357096062,1147.466899657798
0.2456930556,1023.9318181818181,8.373445323878002,2.6324860676,242.0,271.6776911654,25.805625438690186,40.10207462310791,19.328975200653076,32.28227472305298,,97.44523184578654,395.72978628484213,732.8759573794423
0.2683988095,1102.644668158091,14.979228110610329,4.4953509623,249.2728475568,297.1843231382,29.910143334465772,53.34058850402471,23.25872025459776,36.561565984249214,,98.53575672874092,577.1506116462101,970.515512831426
0.2461259259,1319.764318885449,6.083697228020652,3.0,236.7911060491,330.7070696477,29.41683512465172,46.51661021080918,23.69384941851329,35.1398200840912,1.0,97.2959996140647,241.00070465578978,1013.3758010374731
0.4067154762,1052.4139917695472,16.40248150960408,4.4113996975,304.0,382.464188311,25.926849365234375,45.35159873962402,17.402599811553955,34.45109844207764,,97.77299046242157,666.565238764925,1033.4981001666185
0.4030595238,1149.0765284309534,7.472254447890634,2.3711154783,288.0,501.8146964605,27.84360334658145,49.95220653136636,20.477135136203792,35.21007108012194,1.0,98.681948994779,305.5519224525724,1156.3938002736977
0.4861816667,132.99608865710562,9.30095612355182,3.2085290466,305.0,481.0014856334,18.40859467413153,17.332199802814277,11.59447928131176,25.22271094258951,,92.14724803018908,114.30265453574064,326.55806954796446
0.4844904762,456.0648189539562,23.02639584755546,3.2056918316,122.0,654.7757454392,27.281182690164506,53.325505595266094,17.598863304180824,36.96350298730319,,99.4926558656783,794.7554821099295,1336.287063433945
0.472672619,788.7273589378851,28.105658540345868,3.5999999046,306.0,412.618680591,20.009667227484123,25.025397860498728,13.78270703348772,26.236626365190926,,95.37716248163949,91.93330207871125,164.22913733557036
0.409045,557.0455242966752,11.644660424439193,2.4000000954,208.0,429.7254913897,24.81888723373413,35.820199966430664,16.52822494506836,33.1095495223999,,95.48983726167083,400.76640233798133,633.4388249177061
0.3664111111,669.5536753040719,7.574561462602182,3.4000000954,307.0,361.9434118947,19.48699509290557,28.115280325788714,10.091563276498086,28.8824271853255,1.0,93.90130817666537,210.47651748218942,449.1931571702745
0.2977354167,1244.5944503735325,13.173751567827345,6.5999999046,253.0,396.1675125972,28.996443219165403,44.82925726635359,24.147043577845107,33.8458428604857,1.0,97.57994493417826,655.9029914565705,1027.2721493194795
0.6363333333,867.1380728554642,26.589823919653753,3.3998111158,216.0132285534,974.1843798911,25.08682346343994,30.457324504852295,18.67669916152954,31.49694871902466,,95.40045326968352,382.15253118403234,635.0235720243869
0.4725604167,559.9435531788473,16.449566827738348,2.9000000954,261.0,498.0285890624,25.37787437438965,37.87337398529053,17.53564977645874,33.220099449157715,,94.9001297822483,373.84329647247284,837.9194621685066
0.267047619,900.8901032179721,10.23159407125362,5.3000001907,255.0,332.9411172411,31.130287849041707,58.21811817207934,23.329539953294574,38.93103540831764,,99.23936142407281,682.7980721291034,1117.456026332226
0.3866708333,414.5381679389313,12.638938633123123,3.2000000477,319.0,296.0520009283,35.26909604506483,69.04195033486867,28.727252266807177,41.81093911843971,,99.85788214616917,526.2225586633164,1035.290204819243
0.4274922865,685.1750841750842,11.915991629534698,2.2999999523,248.0,412.4598912769,23.37662410736084,40.13437461853027,15.093599557876585,31.659648895263672,1.0,98.65738693887582,209.1799135190947,1322.8772802768588
0.4027683617,9.112837837837837,4.330407571470415,2.7000000477,251.0,446.8024151498,25.10961299849224,30.409033306273358,18.53526694591882,31.683959160634593,,93.60796124670432,190.85900294977594,494.94793410003007
0.334625,264.3764705882353,7.148062377920612,3.9000000954,220.0,209.9730275028,18.218459142107005,22.835285312356216,11.083190250600701,25.353727586667873,,93.83812408800182,49.82606167756876,552.2837759376205
