ndviM,elevation,slope,vs,vd,ppt,tmean,vpdmax,tmin,tmax,ignition,FFMC,DMC,DC
,585.4372363955357,14.078545984082126,2.6193548095,175.8064516129,568.5844710386,28.353295508553,51.96098532396204,19.53122054128086,37.176323512021234,1.0,97.56501574414193,425.1065916366247,707.3572555538552
,1806.7860732529523,8.091835656620425,,,,,,,,,,,
,591.290053984811,16.349546538860693,,,,,,,,,,,
,40.803289924605885,1.70407051097211,4.0,316.0,382.80783976,21.47970310292373,30.38006355473598,13.073828832544795,29.886300122621975,1.0,93.4302149408148,43.24996515053344,269.9184988040999
,328.7711902212705,12.94893501944465,,,,,,,,,,,
,339.4871785815202,13.351825570539756,4.0853948832,228.0071883459,251.0073798119,27.244840819405944,49.373886644935624,17.907485994870193,36.58353429274838,,96.76585228664823,186.69666967758275,652.4346019368058
,536.2964480874317,17.80042431610834,3.0,236.0,178.3177002589,25.078469872128878,42.02039055561522,15.822791599974776,34.33533589133705,1.0,96.23005829722132,207.30945206363663,727.0818658048684
,260.1234874538275,16.85066198871259,2.7168467685,311.0,217.0484427713,26.27549089746634,37.424467200386225,18.117270889366893,34.43489154371231,1.0,94.22488851630095,423.11845690806075,1310.0460884714082
,432.84200743494426,19.241603885099863,5.7999797586,316.9331363297,219.4647784964,20.17846832261362,30.158779139057852,11.806195923852327,28.551271559294896,1.0,97.62867513165172,217.75985961759835,828.1276814756931
,326.72356902356904,17.49453440563446,3.2999999523,323.0,224.4165613933,17.569354349733743,23.554670229742335,9.588635799222198,25.551037067544826,,94.80238864294901,723.3106798548363,1577.2379970880097
,199.86256544502618,11.751048418473824,3.3140236636,321.1218952953,164.8246702719,18.6539826541572,24.00413984768114,10.928443650099856,26.380078578026353,,94.89219794438851,731.3950805073939,1596.47625901306
,698.3575308641975,10.078305619734307,,,,,,,,,,,
,537.829886246122,12.169718952419961,3.1881111311,209.0,284.9121010765,29.20928836922024,60.992065465097184,19.086578632736373,39.33349504422226,,97.85975362875982,201.7901109553651,537.344381855257
,405.0814510609172,19.523773697000266,2.4000000954,193.0,194.1459990144,22.688751220703125,36.89250087738037,13.69350004196167,31.6847505569458,,96.44420491610512,181.88729794924433,792.2364034580895
,492.37139994991236,13.962527226922568,2.2000396969,50.7543824949,409.1897057006,15.3789666298462,20.917353301548992,8.83232870026753,21.926491907970266,,97.29723038738311,150.61169033462588,1108.3002631894744
,711.6967213114754,24.92923582434504,,,,,,,,,,,
,1484.9176558790455,15.040165916113173,2.6285713741,249.5714285714,805.8916001371,19.68220090866089,32.23790006637574,10.916250014305113,28.44915018081665,1.0,97.61458165538843,188.01943793731985,1083.8605674500823
,134.37731584738455,7.746675654247408,6.25,6.0,679.3681864845,23.563737472115516,36.58238979230359,15.16995985509569,31.95820147000642,1.0,95.88364189639478,527.1621907165228,1284.2541899805137
,458.710122866152,12.739385559660748,4.2713736507,235.749536361,463.4584700886,22.31481878883857,41.193271508465614,9.68499227802769,34.94627856584209,1.0,95.95682294644357,347.70615249451134,451.06670914568247
,128.08790892059375,11.509507208826356,,,,,,,,,,,
,1489.7601809954751,12.239648973476562,,,,,,,,,,,
,31.92420414350682,1.466720917825448,3.5999999046,161.0,589.4470044598,28.81275177001953,59.82274913787842,17.87149953842163,39.755249977111816,1.0,97.12214199939373,357.2153051596981,1057.0299976739782
,503.50577261757223,14.648947089545048,2.5,248.5265635067,448.3659138215,27.494464795665444,47.53066690568888,19.461434506585427,35.52883475326031,1.0,95.89847994085714,286.9723388017175,1303.258777279931
,578.2258990376498,12.388667297948459,3.1577711671,259.4739751367,465.3598599974,22.398601398361087,37.33762915649828,12.41517699645697,32.383013526844735,,95.10991980169888,214.13381590125974,789.8855655387481
,114.30005213764338,11.827948611614229,2.1370421023,54.594329207,401.673267976,19.566877197494684,27.000294743548533,12.93057763218405,26.20416901340097,,95.08451322014558,82.02260135048363,1171.9583626697183
,215.91014975041597,19.89903525780521,3.5999999046,272.0,552.6077742754,21.78668767110762,22.45338336277328,14.84331411440676,28.731308170549532,,94.95765868884313,222.27505832887695,1384.7524289509997
,349.57304900181487,12.557431322963614,2.4210714418,284.7357180081,733.9914457027,26.670442892012453,41.69773593152741,17.21323370783193,36.1289003022213,,95.15631678091083,155.20286219892262,833.8204014326378
,635.549511002445,19.8441191098145,,,,,,,,,,,
,509.5344262295082,4.134830090256988,,,,,,,,,,,
,710.044474393531,15.788720690858653,2.4000000954,235.0,396.6936413576,22.092361436416528,29.07177089685357,13.938178990034446,30.247481854468646,1.0,94.87249134873234,164.6960718676072,957.3280428903081
,225.1993621013133,9.015207645380922,,,,,,,,,,,
,375.1889565399958,13.98632987513403,3.4000000954,327.0,588.8142049939,26.74691789389309,55.19457511619495,15.641765862456383,37.85281741115858,1.0,98.14128118138632,200.52527787703804,549.5249828715204
,318.9706114876135,17.787669605523693,2.9555555715,19.0,782.5142856259,20.046965258462087,26.08532156263079,13.173142875943864,26.921714305877686,,95.21987933028389,107.15488197072892,1231.6174305364261
,342.456,16.030951129949713,4.0142856325,155.1428571429,977.4797997464,19.77475090026855,30.06545009613037,11.311750078201293,28.238850021362303,,97.14926406066897,117.1206906642585,1250.001494856363
,587.0480374800294,9.610555106507565,3.5199999809,42.6,708.2706685879,20.146459341049194,35.885708014170326,10.136666655540466,30.1570417881012,1.0,97.6802285400607,132.54413555391406,1616.1387032533912
,471.03581262606394,16.668016955997388,3.8666667144,28.0,975.3105976241,20.83990116119385,26.483850097656248,14.691999912261961,26.98870010375977,1.0,95.07663751592395,137.58296893614408,1320.907975224813
,412.5870689485008,14.060993183963284,4.125,10.0,751.3276678734,18.587334156036377,29.546083291371662,9.390250126520792,27.78525018692017,1.0,96.97795804112101,165.99826498010756,1445.893441690857
,381.5276402640264,19.06228838223024,3.6666666667,24.0,895.8596015854,18.52060079574585,17.760649967193604,13.87245001792908,23.169849967956544,,93.59567269331389,122.57319695706477,1171.9655956716356
,173.0086818967737,13.487428392253662,2.7250000238,352.0,658.5880039089,20.2330010732015,25.544583717981975,12.710750182469685,27.756083806355793,1.0,92.37442005887888,192.90284587689217,1434.9562838991333
,952.7140929359306,9.739709441525378,5.0999999046,46.0,1064.1132949956,16.704819194408245,24.665507670576,9.269909459507232,24.14067144438455,1.0,97.37648483384554,181.90365280379143,1383.3907975486322
,803.4726929133858,12.52154574192509,6.7629732078,22.0,1015.2039931572,20.89737582206726,33.00349998474121,13.61662495136261,28.179499626159668,1.0,96.89711608283795,146.17251842157765,1423.9844533182472
,778.9699071087601,26.171963644299165,3.4499999285,22.0,1496.9577968104,20.24895645161976,27.612700005228874,14.122743856771987,26.376426782733034,,96.84819626178133,133.3588412303484,1195.0606322150936
,458.15689451476794,18.38534343896435,3.1204977281,273.3307013032,825.0439164598,17.55676491129777,24.672156247130197,8.41164244413164,26.702951947025642,1.0,92.99705264056658,151.4053786057716,290.6087826222461
,639.1223491027732,16.132127067099656,5.4406748084,29.0,599.4570527266,20.98630890913184,32.282828534124405,13.094338168995561,28.878863708254745,1.0,97.41273028193756,170.5875346029123,1563.139349176856
,1095.865312325042,3.57862826673868,5.5768814934,11.7617076635,670.1329188321,16.711921961161853,29.572769429596907,7.233543611695404,26.190944419562907,1.0,97.6391863516861,793.962613711509,1527.1390289831616
,723.2774545780005,2.044471743878133,5.0862906262,233.2470012884,487.4525100139,25.01420792011276,41.088723083949965,17.495102229802487,32.53453407832416,,96.97682871230404,327.5343313741796,752.506810013934
,459.25955587914086,15.301146057120096,5.315740186,5.3906578383,869.7313191988,20.972039477603133,31.544553581645854,13.267974404016403,28.676668246693893,,96.99155739497104,121.21409147733505,1287.8518261110469
,819.7784402575721,22.46713568489477,5.6891491155,23.0263214831,1731.5962463446,19.310835244097174,32.77107734785361,10.787051157951346,27.83589656322975,1.0,98.02621301518327,114.8754719979096,1188.5484547978274
,752.6516000723196,2.204208237571799,2.965918226,213.8877290221,511.4724723757,17.52016983957509,27.472707040782293,9.30120114606982,25.740118734466773,,95.96998892495554,217.56587314361553,279.79364415885124
,211.83506026644113,11.489183442761261,3.7472701945,45.0,607.6215990256,17.566664375496764,24.605192731507003,8.977922343919165,26.15607986829512,,95.06177141004825,177.4694121814746,1518.0234097325365
,1304.0815538976074,17.983916605258006,2.8868735205,238.0,714.3752407596,18.8131400173718,25.704210184040026,11.005041184037738,26.622424497615395,,96.7261352206859,320.13096480873696,681.2622273096306
,686.9326608505999,1.995271977106253,2.7823455478,305.0,255.8960805142,20.098534805779654,25.239038520271873,12.257401363169532,27.94019084487205,,94.8165011816876,807.8584298282144,1290.988729369151
,784.1397849462365,2.465331039458395,4.0,51.5308368729,581.7072843485,24.334204800216916,37.71888266281779,17.84996716309223,30.8194994462494,,97.32069520239233,171.2527668371985,521.8532854078167
,1170.6785431512271,25.048725474192246,3.2910927073,293.0,354.5630885954,22.745552329218864,36.75074105940254,13.999696638921343,31.492753299264628,1.0,96.41026920003618,221.68785031821452,574.813173423177
,402.7296213808463,6.29127159576639,,,,,,,,,,,
,735.970802919708,3.572807893031504,4.4000000954,54.0,368.4842542243,24.58740110389313,45.622866332530464,15.453506470507266,33.722057049719375,,98.23271325391892,205.51749944026153,737.3049288474931
,589.6205003050641,8.586063428376782,2.5,48.0,754.4806639723,21.86979284551326,45.25184263107303,10.718603850770801,33.02192964225314,1.0,97.96183434233781,734.2885401144083,1419.041745297507
,1981.8161044454446,13.415057950634424,3.5583333373,247.1666666667,396.0830766443,19.53607786618746,34.81896147361169,9.668384597851677,29.40448078742394,1.0,97.02913349606845,257.66840254672024,839.6952352648374
,1919.2825647489715,14.950566632569261,2.7999999523,257.0,323.0804989245,19.011000871658325,36.19274950027466,8.245000004768372,29.778124570846558,1.0,97.28564214131049,259.690255964161,853.5296056845579
,1672.1055732042068,22.809213042250946,2.6433322919,188.2324063556,553.6165017452,19.395500659942627,32.060750007629395,10.616000056266785,28.175874948501587,1.0,95.44685159225497,451.4212480946666,759.357658186728
,848.6791364043379,18.228657072657388,3.600662975,330.8493195902,490.0649760327,25.158287357738963,51.52718989291531,13.502878434718777,36.81469337501993,1.0,96.91575385945251,320.9510586540008,659.2368695152115
,1577.565560165975,15.462122804170699,4.6177068002,245.6491997883,227.8905245118,15.855598850790319,25.539846209039936,6.508382430637024,25.20383531354771,1.0,91.6909015188266,90.38194561975428,497.1361220843986
,196.7305063684374,9.087321665993237,3.2045421226,182.0,563.7692711749,24.720291530449774,49.74962666873197,14.15377615534111,35.28710330649194,1.0,94.92131983140423,127.94424642479547,352.67228976087
,532.4309109518936,11.653097774829625,3.8180607463,186.0,869.0649956432,26.202001094818115,47.582499504089355,17.520999908447266,34.88325071334839,1.0,96.19905469973807,224.63232847479722,440.90928677336046
,91.61215538847118,3.228898435420261,4.6678866776,304.0,187.4370005326,27.6655011177063,54.44124984741211,17.657750129699707,37.67400074005127,,98.19145047517807,303.68802756731304,934.7905505567257
,1226.5948794089954,15.300799064638237,4.2600000381,241.2,196.041248999,29.989439010620117,57.12174987792969,21.038562417030334,38.941062450408936,0.0,96.10878622488474,300.73817810924845,728.589848545946
,1636.047322506682,11.980888497666166,5.0999999046,244.0,279.0562494865,24.537376165390015,41.115187644958496,15.498562514781952,33.576937675476074,1.0,98.43406060316028,429.8945912558237,735.395980408143
,1456.7062109025917,13.321167993519342,,,,,,,,,,,
,1037.9829076731835,17.133428184894207,2.9131159832,319.0,307.0424995734,25.26262640953064,44.848000049591064,17.29075014591217,33.23550033569336,0.0,97.5821921492951,266.280920092439,513.6473662732856
,1277.373762991695,16.277333891140103,3.7122136713,216.0,209.3442123591,24.978638056763646,41.87730984497595,16.835760540312204,33.12245651845786,,97.31843290849076,315.3176895436228,844.695391885037
,230.4973481327574,12.489896307566015,3.8726494806,14.0826682827,433.5248906388,12.209633141327686,20.221157785731577,2.684881509185099,21.735759183316816,,96.07272960471118,106.57292608072406,858.0522997334866
,1134.352795883362,22.15630994594322,3.3019792631,254.8394711772,231.2393241538,23.47440717198429,45.53743850882639,14.091497869653484,32.85851485091108,1.0,97.868507920898,344.3979015139015,847.0939675172802
,1011.6914747708078,21.05692924492963,8.9605537304,287.0087135737,215.1525327107,25.924778111849474,46.98889167316551,16.961784034222593,34.888881089319845,1.0,97.29337402392481,275.80021685586667,860.8281671667974
,815.669671132765,24.369750625618675,2.6644098497,227.0,306.5328938257,28.761202015614497,61.53952892624837,18.467862350167344,39.056014476854415,1.0,97.7131940815718,331.25124083401295,679.0379182898031
,237.45475561426684,12.231490358995714,3.7999999523,319.0,334.2751714579,18.18681455226251,24.156777264860008,10.21896151227418,26.15590840048258,,93.44024503396585,35.836575354635556,823.6291528946863
,760.1488160444932,24.844343559858704,,,,,,,,,,,
,826.359898989899,13.789327330842163,2.545685029,212.2967752734,282.590471738,28.20276929583835,65.52079456026502,16.444317199160928,39.96217575375735,1.0,97.67750611302709,349.1609831317086,730.8178197625898
,225.4873589487216,3.670246553725812,2.3470929737,288.3930182024,175.5192669014,22.132422325940155,34.9393130074745,12.961762096021573,31.303829808725965,0.0,96.58513354591886,125.63387665533156,857.0116697729466
,680.2910188679247,16.725738850161715,3.7001722966,115.0017224912,251.8868005716,15.174971976275952,15.737336570824281,9.293057215464724,21.058055184322736,,85.6800965985942,59.13461884071536,897.1296229075762
,630.375052061641,10.172093484375388,2.8525147406,217.0,237.4663940244,28.639389900946743,68.79017121404688,16.246507380115034,41.03344535477217,1.0,97.77085679012563,365.0600927825224,819.2683538004516
,554.7976645435244,20.246843787357054,,,,,,,,,,,
,293.5099860659545,15.101399348791787,,,,,,,,,,,
,131.81870181546878,9.834178591205895,3.0399207079,225.0,279.0149997634,22.117010249597797,24.32106330739338,14.287682103557664,29.947331822647847,,91.86866732207938,215.02896290266585,728.7425382788063
,1111.6788655077767,14.202019569967607,6.1457791393,195.0,245.2807393385,28.44757771327816,50.25467483255616,21.216540144497802,35.68036097382086,,98.1829006957104,580.0851589698743,1061.2949448449544
,308.9635690027786,15.226002162586358,2.2999999523,220.0,270.3896421945,24.1346433796799,32.41388372194812,15.228331923614235,33.04190143994866,,93.07877359749983,231.0784855530081,764.6754878916588
,1479.0573951434878,14.100194243029893,4.167710979,241.0,402.2710010279,26.984251499176025,46.58125019073486,17.685500621795654,36.28400039672851,,94.59790765478476,289.99396648029176,486.9406579034372
,1062.5103550295858,22.45657938888528,,,,,,,,,,,
,601.329504950495,8.914753768184397,3.2835329458,197.0,269.6776345653,29.385541731750287,54.627424170672235,19.828798854636148,38.94302656693834,0.0,95.12607780294209,402.10185377265356,1236.1305965801841
,868.9408025427095,15.810201742746644,4.9159578512,238.0,379.3343748485,17.31514464378579,19.135607209320494,10.20236341124923,24.428776496322577,1.0,93.49338893430642,108.81502481038977,386.29468900886434
,1182.3278044522042,27.6914834181381,5.9712005884,286.0,262.868070469,21.128493424572063,33.41131785182829,12.288920095152916,29.969315581864556,1.0,95.93856205177607,146.91266489278274,467.46921687094846
,619.110109159943,8.56357249682641,2.0,226.0,260.5784239946,28.577825891903757,60.35556561592384,17.99005086119911,39.16660148838206,1.0,97.38896615942885,327.8966111439228,762.4470028503409
,925.0719677906392,6.88080669661293,2.6879198776,226.5910343463,286.7209976055,24.340001106262207,37.32124996185303,14.81599998474121,33.86450004577637,1.0,97.31228150405256,354.4980620696165,1050.3973570908306
,1092.4065040650407,21.94007481443809,2.7294575637,260.953559608,294.6624547284,25.13637383982755,43.44330357154959,17.047739964017985,33.22600657811367,1.0,97.4562307027477,494.3518992671309,979.4011385985895
,121.5843906189927,9.732842337416026,,,,,,,,,,,
,999.4011938242554,19.855300468740232,5.3000000318,234.0,605.7579984461,30.335126558939617,59.711292107899986,21.216166734695435,39.45495812098186,1.0,99.16475462335978,260.79012175181686,922.1300791546475
,443.8363910952008,17.312071265632703,2.4500000477,270.0,668.8709979196,26.275251388549805,49.71000003814697,15.653500199317932,36.89774990081787,,95.77888694491661,393.3709200642602,1017.1909273808428
,528.2175082653962,18.625565638093608,2.5666666826,261.0,769.3949955941,25.36812663078308,47.7963752746582,14.445499897003174,36.29174995422363,1.0,95.9113105895177,394.3472241478812,988.4427374073562
,739.900352131182,14.464527011216047,2.5949653249,246.0,401.4597763006,15.96795322904414,23.72899841401384,7.169358778303678,24.76762115262026,1.0,91.94717347961846,114.77047613847685,490.4453336334308
,1298.9549860077811,10.570261010834159,2.2478630761,226.0,243.0616979632,30.46636952907189,66.26708399215846,20.557557069370464,40.3763023483019,0.0,98.86568717282923,241.55254650486896,930.4214784165538
,853.7868672675554,7.434580512043792,2.830113659,286.7801131398,554.114975663,25.561336645765206,48.75123443342425,14.07978909913043,37.044580037742655,1.0,97.8943639478952,170.94523055757762,721.0212772594234
,577.8104894322884,15.573707177792357,2.5999999046,240.7045072149,503.7947644832,25.608797847120783,39.94864119209803,17.00511152009731,34.212928339341296,1.0,95.40636437127621,260.8443448787357,715.6691734887908
,782.1295900178253,21.624200212546423,5.8325453376,239.5515637461,620.3701978585,24.110876715446054,40.29941550470983,15.276051465813381,32.94596307378606,1.0,97.75066777626427,279.71315609888904,1468.6727974925593
,1191.6896625679153,14.607457270773864,2.8261978923,68.5032723913,1075.5560207334,18.62996415165552,25.5416108421951,11.00844627834825,26.252309532559373,1.0,97.18758270353257,310.981628087193,1133.2287013623063
,1139.8276864244742,14.226130515781461,2.406463131,34.1445265668,880.6190863097,16.64973767036407,27.65982670000478,6.521026502032156,26.77969735833262,1.0,96.18209323504183,298.7035140005238,1261.712066573945
,259.3507400631964,13.598791948745934,2.7003280932,247.0131218343,653.0244591358,20.76697012131497,25.135094577364207,12.177589796317724,29.357096458843763,,92.4743244844193,158.84549451824734,630.5125445538214
,591.9536888363053,11.050542382482018,3.2869068881,274.1691280929,531.6985588033,25.84434334927975,44.13116401920297,16.998042033409572,34.69227547259337,1.0,95.88689339041966,186.68218412306828,677.479003831809
,578.3414841389728,9.60057878707257,1.5139058505,186.7521639274,671.0575459774,27.086145932499097,65.09132248852903,13.842604810317814,40.33093406636484,1.0,98.69035813035057,202.05769737137092,776.866483769516
,677.5582271147161,16.30013346825444,2.2361471343,348.2532477513,627.809292854,21.604009009872534,36.417349791246416,12.380201499426247,30.828860780363954,,97.07679518214877,97.02143926957417,466.8292309817862
,589.742905016232,14.877792169363264,2.2650012841,277.0,739.6863375015,25.457924512739623,44.60039413701218,15.675405748255155,35.24154516978104,,95.46544208083178,367.9831407240975,1017.4575678976116
,722.3501779359431,18.682101264224784,2.2563396387,269.1267928956,530.1086507844,26.124325682830047,42.38952596738611,16.9717436505358,35.277708208771465,1.0,97.42983709391352,301.16929530665055,737.2508714608889
,499.41572720946414,14.830825033968493,3.0091431486,236.9156283701,510.8998092014,23.36092525007253,38.74811419467182,13.699237777075531,33.023183341204174,1.0,95.81079342166687,157.10289088794937,571.3390821754367
,621.8675128351398,12.460519200187713,5.3667963002,101.8880241008,676.968420388,23.44445964770538,45.24759249269961,13.648429719852384,33.24146311455297,,97.71523752690598,729.1063090861352,1361.9290397681984
,1054.1655092592594,9.149948649172469,3.1391272035,225.0,783.6189154264,23.461598917248047,39.322581894655436,13.849705156471526,33.07423399847295,1.0,96.76186641054457,290.74339718143733,714.6694128340066
,199.3252534156016,15.819334788685488,2.7192040063,245.0,688.4869669628,18.14190363071006,14.622213636337088,12.025809503999806,24.25876838441446,,90.924590660383,111.05831836178244,312.7959482609174
,510.4279548472775,11.176538521391779,,,,,,,,,,,
,740.3103205353998,2.186013577930438,3.5999999046,247.0,311.4806703873,27.362513420650753,60.702689025549155,15.860562529300415,38.8652994792075,,99.00001702330133,441.92357721300925,1083.8507570390066
,410.12589928057554,18.368182166360263,2.2999999523,232.0,544.2819811851,29.57636547564041,54.80716473082181,20.34345361240046,38.8102171490556,1.0,97.16548229681673,509.4926441668233,1098.408641163242
,723.4377761413843,23.868775093019973,,,,,,,,,,,
,541.7447552447552,20.716207076156422,,,,,,,,,,,
,556.1003297220914,16.885305963930406,2.5901036445,242.4948188499,491.350953934,27.58434091999544,52.10035427801622,18.54944440850196,36.620647074681855,,97.65930374690265,459.9367580913625,1108.0700141638533
,754.7565359477126,2.026856721746117,6.2744048149,232.0,365.6100092475,25.698501288865803,46.449572325971396,16.206986582276333,35.191003883510305,,98.86810647694207,788.3864840136694,1397.1902047349256
,424.9203947368421,9.366726102876036,2.8107258521,226.4193502457,675.136001661,25.563751220703125,45.05249977111817,15.789499759674072,35.338998794555664,,96.36097305247935,240.14955165127265,654.8221839423367
,242.41256446670158,8.725693537720884,,,,,,,,,,,
,618.2999027682453,19.926538047753404,1.9392745385,306.0694054205,553.7799969008,32.58025121688843,69.4345006942749,23.259750366210938,41.90125036239624,1.0,97.58148618686889,512.9785895795213,1009.6379484320698
,379.7810298450109,8.38247772649005,2.8712596638,322.7839148506,723.6834069094,31.66967190965465,63.8224302842156,22.851355615850544,40.4892344896407,0.0,96.98506696544203,371.6553962282389,836.7130160470107
,804.4444486404834,23.033275047439822,1.8499999642,264.0,658.1163687529,31.043218627420337,51.52442595362928,24.060992424912968,38.02664985176259,1.0,97.50287917923134,446.28177280172986,963.2255201745103
,1925.7934486515935,24.26313733163378,,,,,,,,,,,
,44.24288204532249,2.00502496903404,4.599748562,332.8849733256,799.9529662993,12.419659815051835,17.384175746905395,4.360104400391362,20.48035825843034,1.0,82.4544279501902,128.38717016407287,1201.703579001111
,1454.1191709844559,12.026737320242974,5.578314542,226.0,394.3099996056,20.284001350402832,36.32224988937378,9.396000146865845,31.173250198364254,,96.23968545702311,158.16674184590804,577.3796207766841
,637.3824355374011,22.01199564088173,2.8003814787,293.0,535.9033359052,27.09598671391884,44.58137492548295,19.170020802082608,35.02318627090615,1.0,97.92133043629447,914.515112911818,1404.6803299741334
,87.16975537435138,4.227064291477822,4.2517887846,273.0,386.4729566021,24.99040071202087,42.062096160993846,15.31045625975123,34.672053885738336,1.0,96.60391301799983,507.1245651656742,1014.72861485476
,544.7275229357798,21.537493106230684,2.4484874931,317.0,496.1659998617,28.19775152206421,52.710750579833984,19.092249870300293,37.30424976348877,1.0,97.53789523060898,384.9911435057154,643.0446262304091
,691.7120712699272,13.271805362309449,4.0799999523,267.88,461.6556360417,30.37005829811096,56.522454261779785,20.915965860540215,39.825227217240766,1.0,96.49967299612993,594.9748475232473,1030.8715143312893
,761.2133414791793,18.301204730837718,3.4000000358,231.0,349.1384986581,28.914626240730286,58.445249795913696,20.149937629699707,37.68031263351441,,97.45708267772537,827.7500033510693,1225.3144928799015
,836.5419119591388,13.80514676361758,2.4322848068,218.6377283575,328.0039997189,28.138001203536987,51.11250019073486,18.584625124931335,37.69237470626831,1.0,98.16023234957281,836.298738602921,1203.6321735892627
,270.24877401488493,17.694588271567127,4.125,19.0,346.5390335623,17.288512727402292,16.18694272824131,11.852593933539218,22.725467752395335,,93.40687797912003,823.7515167345142,1545.5735187478558
,541.2961630502867,19.58693599569394,3.3000000715,219.0,462.4684978463,26.085126399993896,48.73912477493286,16.8483749628067,35.32312488555908,1.0,96.68043772553149,361.75374066646873,705.0290653219834
,1002.1623197031228,15.692746521420688,2.0999999046,317.0,301.3034982084,16.801625728607178,22.047749996185303,8.216875076293945,25.387500047683716,1.0,94.77798903501954,488.5275573957931,735.8875400278085
,213.81383858119784,10.673095588968241,4.6999998093,14.0,215.8939999996,16.81462574005127,11.49987518787384,11.333250045776367,22.29675006866455,1.0,91.99277905032727,559.8845401560234,1619.4133837450088
,394.4173678196738,13.005660061106214,3.1047062363,333.0,537.9758961452,15.705132492266564,23.352137630599433,6.833866089151172,24.577487012901013,,94.82080071045216,103.46196438270408,1245.3256393235624
,1059.7333286878963,19.38798471511918,3.85167064,305.0,403.1125031649,28.317376136779785,46.76924991607667,20.332000017166138,36.30362510681152,1.0,96.76866469165938,288.5013498776114,864.7461279507214
,390.00718666155615,17.425648152853917,2.4999606953,203.0023582857,237.9304845121,23.06841848002695,29.145075269263817,14.980338028566646,31.15722667450512,,94.66395139543698,612.8314989844548,966.1378101363894
,657.4592939481269,23.753171760717713,2.2000000477,208.4033179151,727.6024826674,26.34405111020189,42.13115561823282,19.314439426153015,33.375029698455016,1.0,97.23098764833858,726.9352591162482,1116.3239373479653
,740.0509730069052,4.257758600851761,4.2475713851,251.0,198.4432394228,23.156278026438283,39.87265799322133,12.518702011489964,33.79523931442822,1.0,97.27205355297944,593.6465069550898,1040.8705524407478
,558.24544595871,16.511805584895242,3.0,219.6056526364,179.9260473679,27.342379956926123,56.82392471052462,16.584905737006572,38.100700463387085,1.0,98.1600094028286,172.59507055045307,1618.993571596523
,702.4954526374703,11.016972010404526,2.6455177978,203.0,210.7005929792,19.82089327584037,30.344895096263343,11.679449902206212,27.963497211819863,1.0,95.0760424308882,526.2283220415317,938.3604363485008
,1190.2600619195046,24.536843403823234,7.5277790025,288.0936636567,363.7834941088,21.914558535407284,34.37267972300784,14.05129006535892,29.77842564246808,1.0,96.39393305572625,315.9759435067084,586.8370020683421
,491.1969770843491,8.501360809310906,2.5999999046,219.0,254.4611058872,19.28634298515257,28.232634771238224,9.833599327019636,28.7401603085309,1.0,95.44094772880035,351.1435132705756,678.4497852518506
,719.7207406149141,9.211966790356335,3.6709950308,208.0,231.3094319428,21.966610891757394,39.17780710616535,11.16246780031099,32.771833665191444,1.0,97.0009835187642,232.68453943347214,540.4199946011458
,768.2848090426443,11.13714251593891,2.01205864,98.1234828309,283.7130921759,18.28014059628682,22.275804412160173,10.668697858824542,25.892346316247636,1.0,95.04176081462177,534.6414909916375,796.8078169655802
,832.6428721836176,16.41870601223278,3.2000000477,229.0,302.0397126959,29.568275392302432,53.539624933125815,20.619039362181105,38.51820931198324,1.0,97.82034680612443,870.546383982246,1256.6679888942697
,687.9846827133479,9.421113369051424,2.5884395939,196.0,233.3517139703,19.298341127736027,27.48766378996119,10.721759550460028,27.876007959885044,1.0,94.50734730373823,332.82360947575035,635.9618803672663
,620.6417834394904,9.309547251455344,2.7000000477,228.0,228.4198480732,22.16668749695045,31.136041394462897,12.880490196850902,31.45363331045335,1.0,96.3821859631684,475.9148160034261,719.7671320817295
,627.3680287843742,21.087595411374554,2.2000000477,222.2160302819,228.9198444374,17.80574886084844,18.919957827186963,10.45919027533165,25.15352321062794,1.0,91.98163559780585,267.8772809418076,465.56350178218213
,1217.0923120891684,26.755967295299296,3.9723208162,307.0,324.3120451044,26.157789121174652,47.8478075196395,17.517482938911442,34.79939274849147,1.0,96.77207104875397,297.02389286517064,516.215193783615
,499.88335877862596,21.7974679173222,3.2915458282,285.5917892541,251.6794479194,27.337168904459283,43.60494816656287,17.971128119247197,36.704446014368536,1.0,95.3830837283389,172.86248292144853,1162.0409650635293
,996.8136606861818,13.038090617055596,5.4019621025,221.0,212.892000554,22.543500900268555,35.679749488830566,14.338250160217285,30.749500274658203,,96.46777045848145,331.9132130586692,605.4657505662057
,371.3301787592008,18.01150227277228,2.7000000477,78.0,229.913077262,18.050113844584196,18.701408549356064,11.710259178087684,24.391114224727566,1.0,92.58049883518046,324.2725447886563,645.5525352197502
,698.437863372093,19.056726111943814,4.6375250877,27.0,646.5698277577,13.016217890943782,17.018458232781818,7.337534522358522,18.696230891132572,,94.88925326501712,1099.8416832345056,1654.8540635042746
,1072.861824953445,7.952045767777904,3.5013976209,244.0,461.2758702855,23.644304760371945,37.46035150561107,14.904337687678774,32.385159167860735,1.0,97.37096624588456,247.34762283149388,473.9356314548199
,818.1470956957795,5.402186950653904,3.2999999523,204.0,215.0567981865,26.289323469891464,47.88630224991475,16.611558395627135,35.967584673153056,1.0,95.99957258223101,179.18271975677004,1394.5109963824602
,259.6155866900175,17.121987575459606,2.8533406702,263.0,381.4148964585,22.25832252121841,25.986267757632437,15.19030258209287,29.32706755538368,,94.39362983535574,325.66587148304706,702.8262205585104
,630.7369635440701,17.424044211091235,4.6999998093,243.0,311.4624402423,23.477792191492608,38.83502588356268,14.31116638124229,32.64607065054738,1.0,98.0783531165121,433.43003816884635,724.6162995932779
,519.007992477668,6.485045689257536,4.5999999046,222.1073111984,210.0543217432,19.541596052242554,18.77945741636568,13.055628219403332,26.028561772686487,1.0,93.82593978431679,490.78600435277446,913.2170364348392
,733.3976247030879,19.33125316671974,6.1999998093,335.0,683.3992242775,13.757513576847288,19.28623959791686,7.612878984125374,19.903191529402864,1.0,95.73068135066431,1097.342543244467,1650.6857169161399
,733.4793152639087,19.34405403017034,,,,,,,,,,,
,697.4382957884427,9.818223234240502,2.6377227249,133.0,497.7919988835,14.56619778106875,16.29952601425167,9.374406415683959,19.75973248071014,1.0,95.14029525940191,83.25453907707652,1398.0291378201714
,815.0568743818002,5.368431545860336,,,,,,,,,,,
,423.3439649781114,9.33513606871345,4.3000001907,257.0,216.0810514905,23.413137916481165,37.197115113095286,14.829804710132205,31.997220618972385,,94.96273682668307,245.1818110069416,580.0185812439448
,933.4492385786801,21.954541583982735,3.0533604853,164.7239234668,784.4924402757,21.995098210461475,33.96566934315574,13.813496716133594,30.178109644783476,1.0,95.44025948640814,209.70809554512167,1438.3725990894868
,124.40872516972593,4.178313226302066,3.0,305.0,465.8139691089,25.80263140615515,42.88759200801949,16.572036480653697,35.03406015819164,0.0,97.64935686675005,375.0477222280686,525.7722731094362
,475.9545454545454,16.819741859436036,2.3898341951,291.0603772836,495.2709980796,25.339001178741455,42.505249977111816,15.563000202178957,35.11625003814697,,96.38601319417168,641.7133223460654,1240.0114936446525
,321.9433862433862,26.004675646559903,4.0999999046,224.0,835.0749800271,22.90384763462018,36.54023849378152,13.330684911978222,32.47786740588576,1.0,95.46373991484005,442.71075802376555,1012.9230252257828
,338.18219832735963,9.900331856315708,4.4900427768,185.663236421,886.9040001713,23.51625108718872,40.51449871063233,13.912749767303467,33.12124967575073,1.0,96.0076924482226,157.3179840615102,631.7477557469208
,84.20253164556962,10.162850028629862,4.3590285229,295.4271291362,436.3523396954,19.0122380264029,13.209492960511245,13.467168315936775,24.55802642046493,1.0,87.76658658506864,113.3707323422028,1077.6993707834226
,280.02127588454533,10.55423453216548,3.5499999523,229.0,192.4803339221,25.221584637959797,36.53391663233439,17.09391665458679,33.34991709391276,1.0,95.63663154130799,990.8385111024016,1609.9896217084824
,648.185760277365,9.119387581093498,2.7000000477,208.0,272.4529918873,24.746295720250387,43.903440755080474,13.016282237733327,36.477143022147125,1.0,97.75387873346216,1051.8617295574654,1471.7807323889897
,803.3526055364864,22.590532360494905,4.9893169941,267.0,627.1651787968,26.992824145262954,54.49071602148551,17.411148204242426,36.575619714050795,1.0,97.2069027723195,260.12436925298596,883.7014120981245
,673.0414331649058,26.72347831339753,2.1899472547,234.0,694.4111951254,19.310172356206294,20.532348315855252,12.389447009381287,26.23205366112086,,94.59561887276473,162.80199819146043,780.9328392073608
,591.765784426544,13.861304593463487,2.2805014172,248.0,210.3610266574,22.237657234781224,36.4050490917322,12.442408624795906,32.03391874400455,1.0,95.86106389077956,353.9198713166172,658.106028870207
,1151.777710697899,13.824875981338904,1.8999999762,151.1255426889,508.8814419229,21.751822505201527,33.110557143436836,13.869295555601637,29.635337728011226,1.0,95.50439246113928,141.71325830607242,1494.995977493809
,95.2012234804113,5.631896609341774,8.4286823736,327.1429652404,300.7933921073,20.153479467022255,18.567648064576915,13.936154587618638,26.37203118687451,1.0,90.61772435512442,195.21756159475657,1413.6598866402765
,1418.4894492368944,20.114458137003098,4.0,197.0,817.119582218,21.228351016407274,28.42883155425355,13.669589143556932,28.788138470117683,1.0,95.47789354710827,146.9798059741248,1294.648319163395
,512.4807744750477,11.337605624009388,3.0,253.516590817,239.0714253269,22.736734035926755,27.876057778883776,15.30579894004106,30.168960296031713,,95.04194185093016,576.0669652418374,1396.0972637676487
,1136.5232377454442,15.442223779005694,4.6684803775,156.0,285.5461307189,21.728347143694055,32.59168162336231,13.544907820825,29.913136809088037,1.0,95.62641596306403,420.8307547147576,1132.1425225639405
,923.9675315048183,18.406786267270505,4.0651867417,292.0,252.4098433904,21.25075094335312,37.738755106191526,12.025481395199108,30.47689017907071,0.0,96.83259820040382,655.0334696848336,876.6485719728496
,227.32452830188683,13.733743878823406,3.2000000477,228.0,481.7894316611,25.701139802663132,30.855163607085295,19.11725240226658,32.28608962691931,,93.35869653474211,695.8925280125529,1361.9975078561392
,264.43072387815266,13.856303357615301,1.7169137033,148.5074101514,334.8242941707,23.18254134100078,35.66866935569774,14.239607490817203,32.1262263843357,1.0,91.91290875598838,146.17596378417608,1480.5005725491003
,1188.9656357388317,16.772765865696666,1.902934855,131.8532560952,529.3391772311,20.80523797844083,27.033864000064614,13.942135014296698,27.669276551251922,1.0,94.58928964116565,111.51775029308102,1273.7400852967505
,386.0202449387653,18.712300839386295,2.8935930756,317.8398245443,333.6579706292,20.704098926781043,25.31329500599047,11.971916133104976,29.437529546710877,1.0,94.15461500744279,538.1197119172884,1174.5217278504717
,553.5743707093822,12.01734348858794,2.4000000954,288.0008613643,357.2040477623,20.172567798654992,22.65234700526652,12.000548315698646,28.345543107150764,1.0,94.72765697046395,680.3304481754051,1085.6769773013782
,511.9034969737727,11.139052323060062,3.2000000477,146.0,438.6354324027,21.917576999913287,24.49765579484607,14.63534444015289,29.200804063776843,,95.42714336511855,970.8471637472226,1355.420110551735
,543.0566615620214,11.554014248080312,2.5006126848,184.9264777488,461.1789884557,21.78666460968898,36.5184037962103,12.844006262454222,30.7302360271061,,96.15007661260674,683.6484287810256,906.3494084215351
,279.35818601076096,19.139455451793985,3.2999999523,280.2859779353,343.6627178349,23.014562939182508,24.646829411320933,16.111959180118205,29.91841466948273,,92.71010674248464,743.7448281689157,1311.886765677664
,606.3631861328931,17.977807695295905,3.0,308.0,459.4372521867,16.44513656752747,18.330072958628893,9.895150774289643,22.996091387385004,,93.94461166332447,284.74276273591596,363.89005851731173
,707.8091286307055,4.973060747399864,2.7000000477,224.0,325.0222199457,20.66159456268185,21.647213369110705,13.9860111510213,27.33827909471116,1.0,92.78617618186782,550.2994266465967,743.6467397609354
,1146.8396275219866,13.92144011294848,2.049811003,242.0,621.7990004718,13.953000545501707,25.326250076293945,4.391250073909762,23.515999794006348,1.0,96.8339779796807,35.367718190101684,54.27120302948517
,481.17887029288704,15.514007070869457,3.2999999523,233.2756379531,392.4530003356,24.72325086593628,31.540499687194824,17.572999954223633,31.874499797821045,1.0,94.09599383940467,673.2906891499397,1356.0152911260357
,570.5419540229885,13.502047794526336,2.2999999523,199.0,637.1095625574,15.504172394741783,23.93846070915162,6.670361878199126,24.33864311507076,,95.81997078049648,189.81646680792133,1781.0233841815143
,580.9718032786885,6.14006286693401,2.7000000477,227.0,212.0664816265,21.81873973543931,35.32179848480903,12.252548351975959,31.38591565845133,1.0,96.18872507151879,326.8217178292613,701.7972988351123
,199.05175410592034,10.612212897759408,4.9067474741,314.004514429,538.0974998616,25.695751190185547,39.204749584198,16.894749999046326,34.49737501144409,1.0,95.5373111635165,220.25428572968266,568.8550398436342
,217.26292629262926,14.222511180425503,,,,,,,,1.0,,,
,679.6207975908583,10.543583223826763,3.9875000119,63.625,622.4896650213,18.263125737508137,19.56612487634023,10.93345832824707,25.593916575113926,1.0,94.57556890697377,195.31874966812956,1145.466474996841
,526.8568879720104,21.432420785591,2.5999999046,174.0,1256.5484979527,14.90843814611435,20.17718744277954,7.219312459230424,22.59874987602234,,94.51934960013476,280.2116407452718,1220.2348522477666
,636.5009709309168,8.162044013077558,3.1792154446,228.3764628005,583.0564998543,31.98737645149231,63.664000034332275,21.684375047683716,42.29087543487549,0.0,95.5071916463104,167.0678806583518,930.1778181744801
,365.5199884125145,10.33414273760859,3.0,227.8809023475,553.3085374428,31.370153511425436,61.71925565754615,21.326886006744896,41.41409960519612,0.0,96.09901178427822,199.23694681015098,1102.5808621511424
,805.8360431285298,8.153054397544919,4.2871438993,69.0,731.9723699446,17.146965679717745,18.18727671838396,10.180220553729214,24.114451626739616,1.0,94.83190370129705,184.85008849818013,1052.0093530009049
,1059.8752660706684,22.21816678139036,3.1806501763,344.0496580702,686.3152316051,28.05734653141193,50.21369062059776,18.87466966113268,37.241192036976635,1.0,95.82060063197369,217.75667400422975,1080.4935235083071
,441.8221734357848,15.701143973787245,3.1058865192,199.7645354745,755.5936393066,25.528613578231287,52.25989193886085,13.740560167023627,37.31773364831062,,96.38469189276458,216.42164627627727,599.455204320388
,347.3448275862069,16.09535615796701,2.4807073956,208.2797458837,643.5001339578,27.483026122694667,38.75036014842662,18.339435083218117,36.62778109181582,1.0,96.0282934317484,456.19073786683015,841.6767643734005
,505.2659356996841,11.3074642992157,2.7000000477,277.6344497406,552.4411210478,27.207964613753926,38.85950825692722,18.43985718541949,35.977067022984365,,95.8229812151694,394.0643038942827,701.8351308394839
,603.3280017528484,2.042607297946182,3.0369871605,349.0,546.5693479736,23.359644967577125,42.1933802581362,11.868841526939054,34.851401281219815,,95.87742210520463,246.58947119719866,559.2030417602019
,1297.524409448819,14.192833946526251,5.3479220118,246.0,266.2394649448,21.405578958413873,36.971059005568534,13.182038024454084,29.630583475147745,,98.91379731124529,285.27802812953007,638.7445970596787
,476.5755831566192,20.655830183396805,2.7999999523,293.0,657.4127807688,27.307658489012837,49.372720521963,17.242560488342924,37.37392457706987,1.0,97.4927045124471,422.75134257567595,782.6093529771215
,437.6681175190424,5.947299288479712,2.2992684463,283.0,590.6508453742,25.248798851155623,40.67026751889713,13.282408370015766,37.21654634492564,,97.68623211234114,475.1853188761604,804.6568845321433
,822.016583747927,10.646633988160861,2.2999999523,251.0,932.0588139425,31.544121679601,55.90384244458058,23.999363409109364,39.08964765407844,,94.36006883088152,347.52041978012403,882.407857313282
,1059.2997399219767,21.187935879272356,4.5,252.0,551.2709984492,22.093000888824463,39.29850006103516,12.840999841690063,31.345999240875244,1.0,95.565983542539,197.62766216844324,400.12812244183976
,734.7769784172662,2.728554806984508,5.1999998093,240.0,417.8713714708,26.10148060753483,42.608671672902275,17.76969151635192,34.43412103396962,,97.08483924790967,343.2527581272639,649.1451917499168
,555.8009810791871,13.746603488734157,3.000058335,308.0,845.1406122081,21.77378951550796,35.19780706448797,11.560091939029943,31.988484934500317,,94.33775602486936,136.20362622595337,860.8795582632334
,401.57738851163424,14.775072588380118,2.8,178.0,960.5017529907,27.164751172065735,47.66243743896484,18.642500042915344,35.688249826431274,0.0,94.937686761796,165.83567476764313,993.749808725561
,274.07684832779984,11.798110957655487,2.75,174.5,918.3936663498,26.27883466084798,48.67416636149089,16.413333495457966,36.14525032043457,0.0,95.4212611830547,203.49236668016678,1041.8923706221472
,1569.8212536966112,11.37498913843835,,,,,,,,,,,
,81.48508064516129,6.362309660077576,3.9996909634,238.0,562.8904927934,22.613808203948842,33.54603564435281,14.017847167941252,31.210763605651575,1.0,95.41891042182418,455.6703245126559,638.1128332681097
,91.32577433628319,5.61429453538978,4.4803505288,324.0,424.0966503526,24.656690693051345,36.7794048614904,16.39823761185358,32.915774776725144,1.0,95.51146477300185,854.5444813151096,1403.7452746613253
,1539.059320766837,13.484089637235666,2.8571428912,185.7857142857,173.6909997519,25.633766889572144,42.3061717748642,17.090421840548515,34.17815625667572,1.0,96.32245849341957,190.54488221612397,1042.8028847592304
,1043.1240671432734,16.031313066069544,3.6333332856,25.0,377.7815131311,16.908667984673414,29.33877252550636,7.323175444167792,26.495044818809955,1.0,98.04126698881443,133.45292711184905,1125.2348956126662
,773.749580445093,24.429772348760125,3.3000000715,218.0,375.629500363,28.043376207351685,46.87437391281128,19.91224980354309,36.1759991645813,1.0,97.39319814508843,514.7328129833435,977.6406567641076
,1141.0383205863607,24.15767724635382,3.4045782178,210.0,243.9648866188,20.268661639908167,36.318115734826165,9.771638729752937,30.766557065279866,1.0,97.1638071817499,145.3111085899676,851.3478001728965
,620.5018145249443,17.228723731719224,2.9285125762,72.9633106415,330.7119999964,16.822625517845154,29.367999792099,8.27437508106232,25.371875286102295,1.0,96.1831685265013,106.47633867137007,1082.5004116711525
,1343.5596174069808,19.869405658172315,7.3228239158,307.3358350098,465.2494093148,8.045611873211232,11.74868247015074,1.183555655852575,14.908875793186223,,89.51785794927089,16.521621283951895,41.02503107963415
,1114.7325302434792,14.967704155003213,4.0645833876,211.0,151.9210010405,27.36362624168396,47.97462463378906,19.237625241279606,35.49062490463257,,98.18311874159315,377.07068637838523,1403.4965983633738
,362.1601840020444,16.3712632619113,,,,,,,,,,,
,1276.0021223729161,7.781778984813912,2.6408155453,217.1395936269,196.6671641484,22.477738943481775,40.233883380034726,13.433444181537887,31.523065936990044,1.0,98.15410314239597,90.56221754176619,701.5787922632193
,1022.7328121653459,9.393809003696806,1.8326268774,324.6977755073,269.8057232753,19.34005432522785,41.54680829267499,6.689667635088274,31.991558643970613,,98.32584093646224,205.42765931193279,1328.8381329019217
,1517.0475549332184,13.277182110538323,2.6997770824,165.3479241243,313.1221822212,27.230703947561423,49.559965945837696,18.14379696473574,36.318770072029054,1.0,95.74230417617395,123.96558792234714,717.3019343960511
,445.47124756335285,19.81454344139445,2.830162143,180.104559627,227.5859290144,24.565457418470707,31.888080235954572,16.171481409267717,32.960359558085685,,93.25005893632124,121.42990430969613,836.8662566869447
,1189.894511455285,8.25591970933691,3.0461253747,149.0,167.9282693989,21.437193824675667,32.586617898745125,12.024643580288725,30.85097607115861,1.0,96.2063107979729,276.2321360635269,827.951635556972
,1208.831305670215,8.792506654492907,2.41431048,190.0,274.0922122301,28.27999243466717,51.95387926724682,19.468602541532682,37.0925698368588,,97.2817842982328,303.0529931889687,942.3143135195704
,333.5409441233141,14.018372531502951,2.4216053532,312.0,254.4523632485,22.71722371341523,30.009536692233723,14.690751725885075,30.745362697275024,1.0,94.97424188785192,200.20318441460063,1508.4812088082294
,792.1000203293353,8.74668188677568,2.2999999523,239.675803736,239.853690919,24.254510165638084,47.0332871191489,12.999997516618212,35.50975692735969,,98.19494349533635,280.9744412792736,1219.5807533391812
,686.5594555873926,27.426652362120073,2.790011995,68.0,279.470007005,14.67132906323492,20.530567784884926,8.930808579669726,20.41306209810293,1.0,96.58111013020017,179.2565513114593,1376.0511288063044
,1069.115249662618,23.21050423477021,3.6319514333,277.2202525143,332.6080378157,23.07001972488,40.32157187998712,14.493026683211093,31.64850706694234,1.0,96.46960891985015,402.96173439113187,674.7740682207743
,393.6262989608313,13.003320758041147,2.4048203547,230.0,183.3494069306,25.05318899407825,39.38669502062476,17.3358863638691,32.77148908934873,1.0,96.56037494972163,689.3993261731588,1651.757119285071
,802.3933110367893,12.728177977704682,3.7000000477,221.0,309.6909321187,20.643345649463,37.554806207232275,10.569551705725443,30.718125618664686,1.0,97.17020208221567,195.40779117145192,931.1767791868263
,801.685813148789,4.304113903445769,3.5286393881,251.0,101.0480001913,13.433250427246094,14.798750162124634,7.77175009250641,19.09600019454956,,94.0340761030292,119.8514175688864,1190.4051513216577
,2109.847720795191,14.36251638255959,4.0300000072,234.1,352.7692630048,21.213606181897617,36.55576337011237,13.12622370217976,29.301999945389596,1.0,98.49274646150793,353.55854345645275,735.1695654310663
,583.8618421052631,18.41278126435576,3.5499999523,317.0,780.4086651718,24.348751068115234,36.44683313369751,16.942333221435547,31.755917390187577,1.0,96.5029059778121,593.7467197848969,1080.0709815791902
,320.8107990735379,16.68877510254481,8.3121040643,347.4092182134,746.4425011478,19.04912567138672,22.344249844551086,11.530999898910522,26.56849980354309,1.0,91.39101834023596,98.29899490911039,356.2496374774302
,506.73880597014926,14.524353215167125,3.413737976,311.5700045051,720.4209686439,24.660741763187325,41.21224480342005,15.304836777221116,34.01763916100769,1.0,96.27092569067703,220.65922839061028,478.3594175146938
,977.4645246300425,18.168297168738142,2.6046148677,330.4567099148,538.4692124799,15.849810419769437,13.13349822299363,9.303054385025675,22.397610215160057,1.0,91.59623013939539,628.197550731425,1173.5901701402443
,1707.5305608065532,7.340692908491966,4.9000000954,244.0,606.3026517745,18.489716887907264,35.10951226445476,8.00975744861509,28.9705047333271,1.0,96.99573450824889,227.6165269409786,660.8426564442863
,1047.314172604909,19.23615380951269,5.4215093303,354.4209198421,772.8864993097,8.946250319480896,12.11237508058548,2.324375052005053,15.569000124931335,1.0,90.75540759481373,36.86452748159091,53.21102612836974
,49.58119286025251,3.6840397210992,5.6999998093,229.0,587.033729342,24.962830000004793,42.336061324435555,15.006973964154191,34.9199345994299,,96.05584291884935,489.36059110127974,973.7921424031729
,129.78319783197833,8.573087482069566,2.0,321.0,514.1823638423,21.902031259805916,36.85963026098059,12.302576767646343,31.502211077127768,1.0,94.57463162630796,744.7169710725668,1410.1681332517776
,303.68017057569296,15.616684145637667,2.2490704961,293.4888243223,355.7500019665,22.183250427246094,30.000500202178955,13.567249774932861,30.80025005340576,1.0,94.97306550943563,309.89576224498325,861.0546810458911
,838.7362466094202,18.039974551593694,2.2333333492,247.0,333.4416654798,27.292167981465656,49.67591667175293,18.892666657765705,35.692666371663414,,96.76611381514155,621.3604386864694,1058.570606863957
,183.45911712594716,10.026854823245538,4.4500000477,201.5,409.4905003593,16.593875885009766,17.67425012588501,9.678250074386597,23.510125160217285,1.0,92.51352336626152,447.29808268119837,1016.4205666069836
,551.7839957463777,18.479194595346137,2.6351705047,275.7664072206,234.532297814,23.64555810689374,31.017349907194376,15.013333730291677,32.27876269895481,1.0,94.24879668940126,304.91607532118616,892.8140309180512
,410.6737040851356,14.25580961564399,2.2999999523,161.0,345.8895371625,17.751507985756383,17.664170425314747,11.323320946769282,24.180655045015484,,93.82743609030926,290.406603274661,477.4086111497843
,954.159804139773,11.660307117905935,4.3997661187,197.0907265847,204.6574769756,24.83444096875681,48.90047642372095,15.301838734229673,34.36799071326369,,97.7680321559661,167.44702289211835,1309.3107801070312
,659.87890625,11.017580358353866,3.1925188763,224.0,256.5710006579,23.4635009765625,50.63950061798096,11.28725004196167,35.64099979400635,1.0,97.4765489313109,178.84810550195263,1415.4697659179947
,1209.3597778659262,12.29796896383716,2.9786704592,231.2398557618,368.6460074894,22.415250778198246,36.892000675201416,14.415749788284302,30.415499687194824,1.0,97.15593587816488,158.94468472700015,1256.5766136686175
,251.36766623207302,12.92990685226165,4.1999998093,319.0,192.8413991355,19.497251827024897,21.764865431162033,11.888175237958846,27.106954580724715,,92.33291378211618,179.2061959069934,718.8174034666016
0.4873366694,749.5487182677949,8.738449550984866,5.5666666031,266.3333333333,395.754000246,12.340500473976135,23.252562642097473,2.744874980300665,21.93737494945526,1.0,94.71152886980532,208.40744525614042,311.4243041015724
0.4914925579,1510.3696604147733,12.050261182353328,6.322937865,257.4124801092,184.2889267413,18.227664629111917,33.689280198028385,7.591592528030342,28.864482169810145,1.0,96.91656252870341,209.6864030351505,682.3157396866023
0.6266259259,118.97311544544017,6.59406167781221,4.9305071055,339.6915577523,416.2650547914,21.346563867296112,34.7125190038201,11.880010283808923,30.813996141200555,1.0,96.48400035920157,349.1629280052157,528.9841240637311
0.513783,872.7640704945992,21.528496505334473,3.0977065152,41.7253427267,323.1666985843,16.745820229508755,30.593612915692606,6.236738760843162,27.256044001327915,1.0,95.5133873849999,98.44006363200904,429.1625774036653
0.3797926136,38.583178955168584,1.482274991112667,2.8971373893,211.0,412.0887905826,22.021650022901284,28.42412187889318,13.566335202314896,30.477991395030664,1.0,93.8904824757156,635.9317338741208,1376.214422405885
0.582906,73.23329065300896,3.99472461893067,4.0014127972,219.1554078362,429.0970893496,27.364706915843126,54.90425292776752,16.529466935042425,38.20092843711367,1.0,97.4959417598529,411.2090787834684,575.7933722584269
0.533055,42.06488764044944,1.861699953507841,4.5999999046,2.0,549.2600037457,23.17903299000214,34.15421857531273,14.833382912734914,31.52579018916918,,94.78906157924125,167.3823747414461,284.7225372355766
0.6339625,245.06973007712082,5.272548896641228,3.9207613113,224.0,503.9579979219,30.561501026153564,67.97924900054932,19.92224955558777,41.202749252319336,1.0,97.60088454443029,249.66437256573704,677.8641250947389
0.5459678571,36.650118203309695,1.419868647714033,4.6339906401,23.0,406.3667491767,20.614347308734835,32.8080336061077,11.004066421093578,30.225202728509903,1.0,96.65895662688696,247.28154024210426,393.80627419325253
0.566272,179.38970962812022,5.745762286870018,7.0999999046,349.0,591.8480291429,22.53060849278851,34.00014175408661,15.147942776830327,29.91384005821424,1.0,96.42423857753157,350.97992853389746,501.6491073160078
0.5263092593,40.01021798365122,1.976639312582867,4.9018259541,352.0,509.0109388125,19.446240232880104,28.306196596119023,11.473818365673843,27.419807684502494,1.0,95.62087529833454,154.18521946391405,1476.6090626491628
,614.7532940185341,15.67866870067455,4.6250001192,45.5,277.1269992907,14.319333950678505,25.75458335876465,4.93608335653941,23.703749974568684,1.0,96.59789676968653,164.28058760113564,958.2733691525195
0.4388752381,589.657116958743,13.370603067104073,4.9500000477,17.5,435.0608676852,19.054841171357467,26.133085547767777,11.283682698835811,26.827129251292597,,94.88506943384618,958.9598818426252,1509.4766395479332
0.4518020833,539.3216379984362,10.074372513486223,3.0220725908,244.7658089465,228.0849028403,22.11013179370745,30.686002993190176,13.506244299476373,30.7147923287069,1.0,95.86875104975178,306.5338664345727,1087.8985547692282
0.4920551724,542.0756310774973,14.240340727554207,2.6270805576,148.3857393592,493.9971431188,26.25437464059053,46.35534811881212,16.833745195535496,35.67537104606012,,96.3797769320266,750.8097710397222,1184.6797425810853
0.3855627706,765.8105814824058,8.995940422495615,5.7439098547,177.8699712061,298.6346488622,10.046358001509256,16.485901552222927,1.89042920564461,18.2035307714757,1.0,93.47758033880737,35.00381276849951,953.2322452042329
0.4282041667,696.0478876770716,18.583631217868252,3.2657199723,235.0,229.778764255,25.908547317206462,45.02230082557703,17.241772432218625,34.57568297639365,1.0,97.07235926319504,424.3212408500066,867.4135640330634
0.3931977778,217.55344626168224,6.878011363567176,3.1998706657,300.0025876363,185.9941894672,25.83547214785248,48.41832367549078,15.970349735475732,35.70209107783776,,97.680545041138,451.673989757914,981.190357973953
0.6331888889,949.7038016528926,24.442314865323137,2.4000000954,238.0,601.0017235573,20.97295570820893,31.232341547652887,12.080490752082119,29.866404678901755,1.0,96.11862423828804,224.75881727716086,847.364426295006
0.4826361111,1234.413353720693,10.013002962785395,3.0,237.0,334.3460251892,21.710200903225143,29.84175815967319,13.525478208544662,29.895457391454524,1.0,96.16420208554062,229.16889534112772,885.0293764110432
0.4538722222,588.8406969508401,11.891529696582635,2.7999999523,251.6913153123,291.016999172,23.296000957489014,32.00575065612793,14.044749975204468,32.5482497215271,,95.3925257728396,517.77689121803,952.090165782012
0.5276,433.92263792010147,12.512878136160106,1.8999999762,157.0,527.1105796361,21.476371826757152,23.562816291118914,14.924694273030456,28.029296323185346,,93.47084083406772,349.7114679962192,632.0461914557472
0.5434975471,2059.0578729221643,19.21279672513924,3.3486486512,169.6216216216,612.7091175456,18.78939798299004,26.41780137314516,10.662499992286458,26.917205880669982,1.0,95.2755539953151,328.34653699627273,645.4129409238677
0.3499489217,2191.0176434145314,19.06095379002712,1.9799999952,255.2,376.8242859857,14.218464987618583,27.864357267107284,3.3978928681463,25.039892877851216,1.0,95.99327221526458,178.1178880125589,432.62980019703576
0.453145045,125.15328407224959,6.834061968329016,7.4725347276,2.0,780.1306018016,26.01119601570976,47.25778280536407,16.021149719952078,36.00223579089009,0.0,94.28047385905343,132.17539939174054,370.59690747280564
0.6047297619,342.13069082672706,10.158717615958114,2.0999999046,244.0,718.3213455199,24.057157547948236,40.82647061734293,13.78227184976251,34.333229575803315,1.0,96.54027737069457,639.1116370413097,1079.6176185051465
0.5730108333,121.62711361613765,3.487133344038061,6.5611665568,357.0,554.3200837145,21.90529546075205,31.932043955241735,12.937886804955925,30.873393709493016,1.0,94.69021826903068,718.5559158369172,1277.4949388935624
0.4863242424,1159.8467874794069,18.545607356826135,2.4962979839,350.0,1246.7020065174,21.17000102996826,32.9347505569458,12.59025001525879,29.750500202178955,1.0,96.5419897793096,388.11021654472137,628.0536042843127
0.4938708333,61.27434210526316,4.418893464203728,7.1488959494,342.0,373.9776525953,24.72824609550782,45.07173484031848,15.346529284362962,34.11063929548831,1.0,95.69819736218729,164.98598757064764,486.942887029385
0.4560272366,1224.0616164006306,17.665057173823328,3.2812500298,260.8125,135.684749869,23.89233454068502,45.653354008992515,13.91577085852623,33.86981232961019,1.0,96.8469049535211,644.3575424349477,1313.673503559188
0.608853452,858.3184598776537,23.40093805999637,1.5142857007,156.0,283.7052998896,24.080701112747192,37.91620001792908,16.37554998397827,31.786774969100954,1.0,96.17490901029696,636.4452178649165,1426.1562251165133
0.4507906149,727.5310382916053,16.4314531549142,3.0,243.4,166.8530002169,19.487201118469237,30.453800106048583,10.67970004081726,28.29550018310547,1.0,95.38032597135924,189.72377618349174,866.0002228735445
0.4175261468,1154.5063565331752,14.286809731483208,4.8000001907,255.0,143.4672420874,20.49865974891918,38.86082173818737,9.166694647588471,31.83147578875314,1.0,97.69625291560597,246.26826016910735,806.7600056972485
0.4355794071,974.7491759787764,12.97589253571702,4.1568040031,244.9541117107,146.4916385536,22.34225915188222,46.579802672276045,10.26341238323751,34.42210542781535,1.0,96.25263108001698,303.76150714363666,850.330350132052
0.5147582556,173.0524698065758,12.382778142532954,7.8361970577,74.0937348336,304.6022900892,13.97576053581074,18.89148557115757,6.908942438123022,21.043395970094426,1.0,93.99248591182058,53.8574118945341,788.8724302129617
0.4394905208,1151.1068229054683,14.78892990033776,4.3437115297,212.0864200032,129.336999575,26.971876621246334,46.77174997329712,19.940750122070312,34.00412464141846,1.0,96.95355072239394,762.8030666979976,1564.7635386421189
0.4841371429,841.1569247188244,19.101272924003535,2.6510507536,39.0,165.0845159096,14.761115096122918,18.716291789655926,7.435803142159314,22.08718110205801,1.0,93.69355228004514,218.14536982269274,711.4242604834824
0.3662660494,850.744156111626,14.274999611975051,5.5467274188,301.9009129695,199.7368166535,21.880221779513448,43.941426385705284,10.529001745345616,33.23230973248084,1.0,97.41908491266453,225.49078474308828,901.7648758725209
0.5671115854,875.2931633835457,22.205900113567253,3.9000000954,235.6314869605,236.602047113,20.84284545453777,36.82778341586095,10.685051103377763,31.0011940444719,1.0,95.60087130104222,159.3139364185972,689.5629778886819
0.502607265,420.4751711654993,18.430873180379496,4.4000189037,50.0,307.402853804,14.12854294663762,18.67639295742171,7.136571302746608,21.121372561656745,1.0,95.92854489780234,36.656951873309524,563.2091820665822
0.4177711806,270.33281862453975,8.907553057228673,2.902367113,238.9971942346,109.8699668917,18.0351119400264,24.660283274070828,10.745545460832336,25.326154539308913,1.0,91.61922032255286,136.1239416984623,885.2481967484971
0.4931630952,467.4396716826265,9.837220717002364,4.1775468274,232.0,420.0700617972,22.15607720270674,38.482435971563255,11.210727064680624,33.102399748923936,,95.49427132136559,478.3832390436183,907.3196528456738
0.2656513158,817.3155963302752,12.965806595616566,2.6841573277,201.0,117.0131975009,24.259896238743234,47.93694042981626,13.770371023091997,34.75001573797531,1.0,97.83282922871271,847.3759772203572,1736.9769075655706
0.4594174786,215.3744094488189,16.608036833807944,2.2185292886,244.5558777579,99.7619037722,12.977819624045097,14.502350371791927,6.437799763129638,19.51853544196176,1.0,91.36187347667185,159.6000314393722,776.8984214650457
0.5158083333,608.1472522310944,23.987024798541352,2.2000000477,205.0,198.2426711011,21.254413630368386,26.489067541892695,14.464578010954344,28.045151764933404,,94.3159804844765,640.7756418358085,1545.0633294534798
0.4049042593,260.6676096181047,12.945819444290482,3.0128977083,74.0,190.2937350194,20.03987732145442,32.70544813910746,12.293034876260185,27.78768567265842,1.0,97.65015270341732,66.25604182824412,724.1325379270821
0.3530291667,516.0619210141394,12.104736365875578,2.9000000954,156.669638654,157.0091195731,22.470734130216684,29.83512577219414,13.826779448974847,31.115706814400056,1.0,95.94148862345925,421.64830777692714,1236.5185978669883
0.4299716667,556.3736192332683,20.962439657264596,2.4000000954,31.0,197.3187273521,15.654825205082059,30.04868480021574,5.07935962671169,26.231008485835204,1.0,97.86228482239187,94.40659666553833,850.577297326211
0.2684094444,1394.316663869777,11.656606968421627,4.6045758303,227.0,321.9200939609,17.950657572721806,33.82287030779686,7.12014594872623,28.78206520722135,1.0,97.60610872111191,229.1757629193869,649.0847426458793
0.2677964103,2139.4459491565694,8.161902777505448,10.2096717675,213.0,346.1660223503,3.02090650523559,8.460048371566948,-3.879822975058552,9.489823560225608,,82.01207405675117,18.389286099745142,63.35247663746855
0.441471875,55.93959537572253,1.997299322890753,4.3250929042,7.0,789.666851677,21.470017550010088,28.731031063861042,13.844064342959394,29.096968104643967,1.0,93.54496177249402,263.43531357893374,413.5258850814919
0.493212963,692.7047724750278,14.271290187411427,3.2841584768,321.0,608.6255710893,22.57603857645401,44.0090004395554,12.286473478266924,32.86660145337505,1.0,97.86110922733171,366.97899944551057,494.1988459887224
0.4914791667,117.5429397192403,6.591955626840242,4.5,208.0742076996,618.8575870261,28.5836372864946,61.285857108313465,18.124360652725507,39.043584309773294,1.0,98.11211878299584,327.1726889247134,529.3784175042238
0.364025,1094.4613764044943,2.545306156148736,5.0999999046,226.0,678.5932129555,21.672633964537507,37.712733296083755,11.933864960277717,31.412579645455715,1.0,96.07368626240702,257.9089767359351,415.4500941640179
0.508015425,755.338326434201,13.064478522674685,3.1650793704,37.7619047619,533.9659994528,23.68973749334162,50.1904408454895,12.31339090087197,35.06714089133522,1.0,97.67617134524195,279.4562762396338,1216.1491512143314
0.5524647538,462.4529701877792,15.354460628082954,4.2190476372,31.0952380952,535.1052307831,26.561712796871475,49.385865266506485,18.411201963057884,34.71318263273973,,97.73920435008026,831.8212882671348,1438.8729331911682
0.5600073971,1104.77336839129,17.759321095426735,4.9611111482,37.3333333333,683.1532175811,24.094164122705877,44.0714781595313,15.994543552398682,32.19484770816305,1.0,97.86973158821941,503.0395015691238,1402.3829877309045
0.5754985018,741.8728062913907,20.652407451158115,1.9999999841,32.5333333333,615.2332157852,26.254215649196077,51.542607171194895,17.41148226601737,35.09769654273987,1.0,97.3334476735439,884.681019989491,1396.5958128858006
0.5540158479,655.1164172884277,12.470770345156001,3.6307692161,20.4615384615,531.4906419285,23.97094764028277,51.93187522888183,13.058589322226387,34.88444628034319,1.0,98.00828873420485,341.3717450222853,1357.827289600736
0.5737493448,1120.8452897971663,20.57623873097625,1.7999999921,218.5833333333,820.8050801848,24.48275111271785,44.02992321894719,16.06042295235854,32.906211376190186,1.0,96.70806882642879,543.4156372358087,1322.9361843863628
0.4766844153,419.7750761670762,16.878471488684696,3.3818182295,11.0909090909,375.086998414,24.194651222229005,50.46757535934448,12.57614996433258,35.81392531394958,1.0,97.8861118032851,328.65853771328557,1445.1920287081593
0.4127861667,1428.7417805063792,16.41113536785266,2.8000000318,176.3333333333,418.0243986649,28.374801063537596,49.75645008087158,20.223149967193603,36.52745037078857,0.0,97.47078005540732,443.42052124412464,645.5006374803704
0.5747407173,925.1957117632221,20.31779970950338,4.9000000954,41.0,822.2624938553,25.169876098632812,43.83512496948242,18.130000114440914,32.21037483215332,1.0,97.60301050377092,728.1553539976746,1348.5480742744903
0.3887800099,647.6571764265159,8.354394625514288,3.3500000238,23.0,378.9260018111,25.186376333236694,53.54824972152709,14.817624926567078,35.55624961853027,,98.87166844758839,403.92818425932745,1566.421601027331
0.4864642512,410.7687407929954,17.83681850026467,2.7817949254,20.9932599629,467.0205034902,27.138375997543335,59.40150022506714,16.634124875068665,37.643625259399414,1.0,97.6986507353001,917.4995142954642,1503.1152981545056
0.4309469048,772.0990928407977,12.577926649927274,2.5991079069,225.2184439979,424.6146889671,26.945882707920568,41.20785574485158,17.8515857438778,36.041710323858176,,96.60400795289578,383.40796235070115,779.4723421018342
0.4474260417,642.7245723283945,16.987210834357402,2.2387682158,279.1802971753,365.0458003919,27.330801409358873,50.97669839894836,18.609685369650794,36.053097119246345,1.0,96.75135936416177,551.181851153999,1519.8210112156594
0.4802033333,1305.1380738695202,16.58349854743682,3.9952616798,195.0,416.3510876169,27.392520167967625,40.881082752494066,20.513289038114554,34.272903163001665,1.0,95.73792298285694,438.77789429823946,663.764625885579
0.4560577778,606.4913872939434,11.741837618041423,2.800160807,186.9871316423,377.4774937945,29.211899314416392,53.922604603679616,19.581475570256725,38.556570762614925,,98.71991748340092,242.0621205747695,1056.5884357137033
0.4239366071,1045.7040845747238,24.24208334661172,2.6405285987,264.564961334,350.836539715,27.811561780286247,48.34031078541569,19.810885419285135,35.81320415450031,1.0,98.28297831354845,488.66985457345436,835.4355007547786
0.3845774691,668.0663305322129,8.867870595111235,2.5999999046,216.4525794726,355.2784869327,26.78137061096609,50.95283321608788,15.625274791565104,37.93821482628688,1.0,97.53711165348736,395.41750714782023,689.4500303192389
0.4022403509,1184.9461007490086,21.135395488391136,3.5,237.0,378.0141661179,24.939097083325876,49.98415175152515,15.341895557157711,34.537295611878875,1.0,98.50390972961824,326.95235839019927,546.1357062990317
0.5095316667,505.6221699500147,9.510686028594305,4.0350756459,220.0,607.6209578439,26.300195595801497,56.92546195728142,13.755183595734565,38.84669214830531,1.0,98.50216438742207,523.903077201435,702.9456671198127
0.4970998148,183.71578029642546,19.948554010498285,5.3677389686,23.1804452666,221.3399667891,20.09611174192615,25.343846456906498,15.071733978430615,25.12100663687339,1.0,94.33952470459492,22.63565551966023,247.7824536552481
0.3299552083,956.5527605357727,15.32472779296341,2.8003875151,335.3647221258,327.88468133,19.786571711377967,32.350092220193176,11.208786820629586,28.36479844880649,1.0,95.29792503688208,317.72926910355096,713.9133800135716
0.2373736111,862.1951510333864,2.100230161011788,5.7757789716,246.0,194.5450014053,27.136001110076904,52.907000541687005,18.116499423980713,36.15625095367432,0.0,98.41220916360712,274.4392045405424,733.4798180961251
0.3560809524,918.345571095571,13.253078164997357,2.5999999046,210.0,438.70045643,23.258426356327377,31.801356743947746,15.562025778564387,30.955593016962865,1.0,96.9852648926474,641.3082488412493,1056.51742680291
0.3876266667,725.5733695652174,10.980985968211746,2.9012193844,247.1097361218,360.1629271746,25.153463078971992,44.11164692583496,13.343278609061583,36.96439631645704,,97.23403368554423,359.22886904105985,645.8833804517733
,1910.7346987142773,17.5199627694971,,,,,,,,,,,
0.4993019697,346.5524421987445,9.995646730729293,3.2234936898,320.0,316.0536616001,22.297443146095283,33.28118769338911,13.554298590558165,31.041292478443687,1.0,95.75280894226815,542.9315894342017,1059.467816632975
0.3457398,1983.6013340744857,17.917793702585556,1.6196531393,303.0,306.6816386749,18.260164723988595,33.022827013688286,8.380021752031068,28.1412750583293,0.0,96.08730994531031,222.1661745800186,598.6189396042611
0.6518482026,1146.6540053703288,22.838151626098835,2.1311517682,239.5877962473,455.717638461,28.271517967268345,52.35552835813347,20.46292952154974,36.08095069429188,1.0,97.7299760120762,676.4182564207835,1023.7318997929981
0.4830979798,176.39476291578202,8.184324065778837,5.1848364075,340.9652252215,401.8882655828,25.352390889173456,43.242066865103624,16.28972151121188,34.41620542852954,1.0,97.64317386047712,723.813067860532,1357.119967596344
0.4120583333,797.829727187206,10.110911619374937,2.7619084292,339.0,384.8340299079,25.097584447378868,47.468149815104496,14.613418737242647,35.58262474795832,0.0,95.75458734238488,146.8270593674424,777.3816060476778
0.6128392857,747.3052811800343,16.877742411970825,2.7243573532,255.0,547.1142223746,26.8355554758127,56.978603507122386,16.82526913805995,36.84653118340919,1.0,99.13107489132213,789.4593653936779,1359.4080281600957
0.4295335737,134.9698668535389,13.576974024504068,4.3116645502,5.5703754277,468.194797826,23.74318799537156,35.804488992844995,15.865999929874645,31.62122283023395,,97.62961843275832,900.8901505387719,1364.2815078988917
0.6683150641,936.6643328665733,14.483389984603928,2.7000000477,227.0,748.2176265975,21.520740144559955,34.766517073652075,12.321223370601198,30.720848969336252,1.0,95.64256853938139,495.67853369209325,939.1581371947783
0.5358322917,137.38197183098592,13.234751755570022,5.7425729358,253.4257306566,486.7387173339,18.77129587657109,20.49294109117038,11.435776339350163,26.10769607477085,1.0,92.92738566397047,321.1781472775013,686.4148717275
0.4625466667,63.69815668202765,4.149888681848684,2.7169818794,219.8943018183,508.1384786019,15.052112610890761,19.009686414944618,7.75056392804995,22.35446917122653,,89.69977691240355,48.35717136855591,112.0187441742618
0.452190625,174.87109805361735,11.734826042421854,4.9918001947,319.8551922135,321.9909966171,19.43950080871582,23.832499504089355,11.491499900817873,27.38825035095215,1.0,94.4615582057495,468.5910090404835,820.635152881655
0.6121645833,315.9055819477435,21.35630233822979,4.5999999046,239.0,686.7271045214,22.93439494600999,34.705187850590164,13.488280267953366,32.381507360479326,1.0,96.03708096926299,626.1602261030768,1171.3544242472406
0.3493084871,604.5773868057634,12.978143323069673,3.5,228.0,188.694999132,21.113376021385193,37.43893754482269,12.009562373161316,30.21812534332275,1.0,97.35695453212685,148.91252674286687,623.4439998881542
0.5010513371,1170.6972627756945,13.144778934801595,3.9499999881,228.25,208.6212506999,23.54525125026703,40.65368711948394,15.566124975681303,31.525437355041504,1.0,97.03533717296557,550.0425683176964,904.6532832158041
0.3293093034,1147.4831363160258,13.382629613985689,3.8249999881,206.5,225.8084999832,25.87125134468079,43.34062480926514,18.103750228881836,33.63949942588806,1.0,97.31433399809154,679.9787583660355,1062.00768573462
0.4178273727,513.5753782668501,10.895801419732987,2.8014981596,2.6834462394,250.0035006372,17.96212589740753,28.85487526655197,8.544937551021576,27.38018774986267,,96.09163316114386,135.2032180554257,513.7621225596594
0.6384259052,218.71728732490604,19.576100018663254,7.7666665713,311.0,347.3776698023,17.07501008614297,11.075182387080758,13.72857895670045,20.422425455675985,0.0,90.17920755100579,276.17164030016386,552.5766970324518
0.5566219618,626.8820547581857,14.692019760487465,3.1499999762,185.5,285.4919127455,26.25829210148396,46.25078109300475,18.18360782807931,34.33376571967048,1.0,97.17486070309043,604.2740341051084,952.7388399544334
0.3528729839,1128.8047359001423,24.529012631327305,2.3792647164,244.6841297808,231.2442047858,24.64227253041698,41.52837216415829,16.480540895886268,32.805247174493886,,98.17518372925302,695.9140629160224,1120.4310462982312
0.4020557377,935.9474811922674,7.061920470434386,3.2999999523,216.0,231.2429024071,26.637932558597402,44.9084932010824,18.318228817629347,34.958790649857406,0.0,96.95439466914746,209.97941354580237,1097.318072057435
0.3266822917,816.4326007588231,10.102587504319999,2.0877735558,352.6922667614,242.7814240395,16.227522618704675,28.322452940487757,6.210975853539794,26.244868753841857,,95.7151612170979,99.97495990725261,484.26760945596345
0.4710195833,895.5776462853386,13.06339568124642,2.2000000477,180.0,317.8835741786,21.52042708430276,38.721290346362125,11.79489615335292,31.247286004878212,1.0,98.01807297078538,750.2103635291701,1112.8379760193538
0.395282197,1241.286767959876,8.965459208359038,2.2074801757,117.1450254343,267.8191706772,21.602647863543595,42.46320326454613,11.987019910109211,31.219465848731797,1.0,98.98112501197514,176.92034049108784,1079.3927762605742
0.3802326923,711.6736730360934,11.024603001643644,4.4517948609,245.9983934177,227.2051155047,25.25807211352118,42.26375866653191,15.475312338614469,35.04195397023432,1.0,96.1082319038507,461.2703642915756,1502.5295343686143
0.4858407407,272.31562693020385,18.02741818059146,2.5,221.0505183717,214.8000030528,19.427751064300537,16.51800012588501,13.76550006866455,25.09149980545044,1.0,91.08896353801933,399.3284245619759,949.2981267403486
0.3400404762,563.6470333477696,12.219415549645438,2.4000000954,319.6306808568,196.0722705608,19.075369777524145,31.1622516113146,9.682877246325175,28.46896773607164,,96.68723574366689,167.94160650330033,824.9125315898381
0.3053430556,599.6691033138403,15.371895847468116,3.0,227.0,222.2199987397,25.6025013923645,45.729000091552734,14.653749942779543,36.55200004577637,,97.90448392155398,617.3915402100928,1395.4475532072954
0.39934,1073.6601049868766,13.373057412076497,2.1672662887,74.2293583458,290.9800003719,24.443251132965088,40.69050121307373,17.73550033569336,31.151750087738037,1.0,98.17293538030256,903.1075665896711,1274.9267605285645
0.4911715409,357.1803905503209,13.662843919858473,3.2999999523,286.0,411.5075599112,28.28577872417022,47.595893841753984,20.585529329062023,35.98723612228643,1.0,96.84124820784497,274.7654221966929,767.0927962495699
0.6571130952,625.5116279069767,17.10812105213976,6.0661875557,320.6983349148,1078.6795012215,16.99337601661682,25.962374687194824,7.658999979496002,26.32825016975403,,94.13146606550792,492.14076318740644,902.1377156526943
0.2441,1232.9880112834978,1.926624653621857,8.3046805432,261.0,207.6465770224,9.718459288133923,19.368266676800538,-0.78266854691759,20.220690850067605,1.0,94.59206671590358,117.39645399397429,397.8957465890952
0.2688328322,1550.588375908132,9.792613411263183,4.4687500298,204.875,513.7624294697,22.97207243101937,39.27462492670332,15.755821347236633,30.18923224721636,0.0,98.10659577419236,389.90203487479863,558.8743233636145
0.5490983467,463.2885219534926,13.914536194444018,3.8666666746,27.6666666667,975.2232855053,20.417715208871023,27.556071383612498,13.195892776761735,27.640642847333638,,95.89424244932064,157.03669907147074,1367.5284515515118
0.496561859,663.040422265909,11.908330265018764,3.4622276314,56.0,658.3315036198,20.651500940322876,34.71037459373474,11.237125039100645,30.06725025177002,1.0,95.42711795918984,103.0269826399902,1204.4090465432278
0.3291966406,950.0551942851652,27.09682433375383,4.9000000954,235.1291958278,701.3076654208,29.88569574975809,63.367295941065386,20.53031207411186,39.242138567474626,1.0,98.82796290225485,172.9718189732342,1040.4875287791378
0.547269709,205.23988073726056,18.230058736657575,3.1442286811,23.7075937966,944.1967474601,19.187890544347812,27.917951684243086,11.685679912603273,26.691213869516655,1.0,96.04738415874269,50.78962679794568,642.382858749015
0.2582304348,868.4441528807758,11.056759381970881,5.0633041984,225.0,574.0338660857,24.61164098634384,48.48818971625021,14.986279700444163,34.23805356921599,,98.16358819416206,447.02355448194794,630.8643943686023
0.3988565079,1270.895856662934,11.774492131452279,4.0382884087,218.4841424916,915.9104479549,22.501946686902997,44.47296810199098,12.70191839073722,32.30323508761215,,98.0133120725508,677.9055434208942,1041.4806986805795
0.4655166667,940.7351869119268,18.410203790254407,2.8015253472,228.0,780.0535564735,21.97612033001492,40.09359737618163,11.96594348618082,31.98721132977495,1.0,95.69405459218781,251.88176418861062,500.57307150206725
0.3556098039,882.3616173992955,16.39275073436377,6.8958629215,296.0,420.0549643999,25.71530748542665,48.70294676298326,15.870435182491867,35.56172938318516,1.0,97.07814645877984,393.87402804188537,662.0182294315397
0.5003864583,623.1503811503812,12.310006196584167,3.4912846651,36.0,632.6001256521,21.469057491892958,37.67532786408263,11.754588071789467,31.184264046867785,1.0,97.61371891208171,132.7342336504052,1264.034130144893
0.3819561111,1091.6910845095588,12.401557809634147,3.961847589,216.0,628.8502700134,23.3228798143208,38.289480212468334,14.310470214934655,32.33648925778883,,95.98035828054232,357.3684847436019,622.3682039062018
0.64076,1437.1615499812804,24.244821173450287,4.1071110397,53.7272897511,1168.0024984542,14.861764391121103,19.60938293446354,8.521646825463375,21.20263081554374,1.0,94.1471383477025,89.64452056892787,988.1117509927897
0.4416833333,1175.571185358587,20.501910476291098,3.9630781906,280.8772038713,772.4719774722,23.26855848332313,36.56337279226089,15.089648207779357,31.44846553979516,1.0,96.09948325076017,323.17570690073484,537.5816471419952
0.39731,1135.7595549104983,16.65918524910069,3.1894316278,247.5772680727,664.1594937109,23.62893934230724,38.16645050829192,14.212257364598877,33.0464388975607,1.0,96.41148916956195,420.6682788885174,704.672683848628
0.3577611111,711.9409857328145,24.53692457764065,6.5999999046,244.0,705.2004932174,19.626663177270053,26.651170085811152,11.385256845139107,27.869840373655713,,95.1491101461709,200.01768228661973,409.2401752398544
0.4853944444,463.61543715846994,25.71784330700916,2.2000000477,219.0,748.622001117,23.942501544952393,47.473751068115234,13.29699993133545,34.58924961090088,1.0,97.83083461216316,372.88070015747167,1373.5273647010476
0.4034392857,924.7674386734275,9.361689316024842,2.2998506043,229.025389183,1101.9432038822,27.16721962645977,47.82446938070839,17.820868663238798,36.51448395974516,,95.91648546385612,250.5059364586918,660.196276289462
0.3798466667,1376.114955053119,7.826477226696948,3.5,249.0,501.9464967722,23.50932416704231,46.270065013099114,12.81740662990897,34.2021575317651,0.0,96.93017810222742,228.76712825409183,452.5648147660907
0.5678465469,1366.0176400329087,20.81807121336639,2.1432432226,196.027027027,731.2992985624,24.75630525640539,42.78025673531197,17.049878300847237,32.46368923702755,1.0,98.56499190116914,627.9598110637241,1027.0174947430885
0.3187787259,1477.3511028103371,16.825855481996292,2.9615384615,230.7692307692,245.2843572122,25.00503700120109,32.3670356954847,19.154232178415572,30.856767960957114,0.0,95.4102777452118,536.5267832426741,786.2518131951667
0.4605249491,949.947516314981,12.968264394604901,3.6727273247,40.4545454545,325.0240000461,18.774607862745015,28.384285654340474,11.222357102802823,26.327892916543146,1.0,97.12704228744812,216.78490436183642,1405.2561306204093
0.4563758992,1563.3942544340466,25.380125830088,3.6400000095,236.0,352.0275001432,24.47356367111206,32.27425038814545,18.05343747138977,30.894999861717224,0.0,95.22561157463898,491.1980394868202,616.2938510121849
0.4922264773,308.2970146170136,9.567802464588803,5.4000000954,38.6666666667,393.7780002535,13.653167247772217,20.92158325513204,8.241999983787538,19.065416733423866,,97.39201674709798,120.7934078804787,1407.368719241338
0.5689606589,449.93200159410185,17.018324307910053,3.9456583143,80.0,400.9879994531,17.570417483647663,20.585666894912716,11.212166627248129,23.929666837056477,1.0,94.67932060774038,63.19712250652191,494.3222873404727
0.2416938596,1396.6436679673643,10.541222411648903,1.1000000238,195.0,220.0827139339,29.07182887581571,41.775656716582006,22.704772307203203,35.43964053653198,0.0,94.7790503870544,113.4204903770046,1094.6330616328992
0.515580303,1126.6395964691046,22.723404585819075,2.9099679578,228.6929323476,346.3589982109,22.72050094604492,39.52099895477295,13.188000202178957,32.25399971008301,1.0,97.25657632064548,402.51928908851227,766.0292843406907
0.5233166667,629.7510570824525,10.97924826135091,2.2999999523,178.6601040441,489.9453536604,23.61607065548823,39.49286012661141,15.267204964702492,31.9666782199031,,97.6605439654019,697.0492703994163,1106.4527216553333
0.419875,599.0740114903684,9.650514148001978,2.5973543294,281.3915171059,243.7411237352,27.632437623881984,55.00084808607988,17.548789064401106,37.71691443416262,1.0,98.06981695813765,468.39905181826737,886.6062082517151
0.373234375,678.1320422535211,21.44376511210707,4.8000001907,234.0,318.1471752867,15.534590110054967,22.23398504902792,7.531841631199304,23.538114451714556,1.0,94.28127370865691,263.94235296528393,1539.1562009438808
0.4217152778,358.0040816326531,13.902572428207009,3.5999999046,164.359778286,349.8005755287,17.246588447428323,29.454922788315088,9.91939082622931,24.574535440449697,,99.00455724797634,139.5477028596464,1539.5266063136417
0.3797380952,323.15077605321505,10.541568278192548,2.6956689593,322.0,235.5104752893,26.476733554180175,30.683489547851448,19.568477797182705,33.385794146900515,,96.18996659653196,340.14677515190306,963.1368490879717
0.2151191261,1673.5256825062695,13.984346923485688,2.9833333492,181.5,110.9198573445,27.866965498243054,61.27200038092477,18.81949996948242,36.915285723549985,0.0,98.79443021015119,509.1470980998371,1250.6510292131766
0.2494655184,1739.8906058709906,16.21754869250727,3.9025045705,202.7738453701,118.4940000433,24.949251413345337,52.634249210357666,15.062249779701231,34.8376247882843,0.0,99.22746289975458,526.1528554585034,1190.8440383134016
0.4197655637,1599.0965794768613,26.732879595325088,4.5860155382,281.097056852,320.264625276,18.938591957347192,29.29295151223976,10.501143827085931,27.377130062265262,1.0,95.55116990957393,177.9893286520506,245.03826882938978
0.2954432598,2216.971110635566,23.98206438941464,3.0,182.0,177.2030237053,24.10136721861814,47.74078099767721,15.496226567146657,32.707070029525944,0.0,97.63625569457083,379.65081797693574,1019.5750314995862
0.3359418316,1744.2645519947678,17.711287788881087,2.6236538678,186.0,142.4520900948,17.882970609465517,33.13695135193656,8.054792497943426,27.712379751796146,0.0,95.55467781671982,202.57560292461653,840.7392618262152
0.4311869792,90.63696808510639,3.025719001032214,2.600381166,162.0,455.4257373502,23.687728841476947,39.91789894610521,15.281934237345904,32.09452082572467,1.0,96.37865185684404,234.67861435168092,985.9963670957235
0.4396891026,27.251693002257337,1.426963329051696,3.6041814914,196.0,254.6611793298,24.66242513088398,42.52941154847724,15.054292572752342,34.27184020978582,1.0,95.56371827606947,505.4844463642843,930.8446307392059
0.5068477273,121.5291847563917,6.566837667534736,5.7339196311,73.3244169287,544.2832994752,20.009376243598865,30.71211355447029,11.07847819155726,28.94148400608043,1.0,94.68403315313527,125.39631739781206,281.8917465520252
0.4317407407,72.53861386138614,3.383743578372616,4.2935174397,321.0,245.1997863903,23.494512526250293,40.947109432414145,14.204143527967364,32.78600986965662,1.0,96.58532937114548,755.7580801024944,1347.982432995878
0.4604738095,97.37379310344828,8.590870550727022,4.8360179737,231.9568182188,312.5389971244,23.19775104522705,42.243999481201165,13.043500185012817,33.35249996185303,,96.51445638328153,315.385915367239,1176.5788650572135
0.3127821429,1298.8990859232176,4.267268879038762,5.0999999046,246.5301777553,181.0619996168,18.431500911712646,37.63274955749512,6.703999996185304,30.160000324249268,1.0,97.71970143309176,352.078703129355,783.0178420717325
0.6049238095,613.5739785799286,16.224078290143783,2.7999999523,181.0,691.8134417268,26.28345355101722,56.30581099382411,13.555753859378115,39.011901964242085,,95.15848022277122,218.81550467383326,505.40597040747457
0.4597059524,498.71150729335494,24.801830034974714,2.0999999046,302.0,290.4534646515,23.93587910990942,43.47170122372035,14.661706579468161,33.21120317205326,1.0,96.79541139708323,225.37194897939392,461.80590494495164
0.4498888889,139.65767045454547,4.536111468872564,3.4456185216,160.2809234864,546.841127104,27.34839654687772,52.36681367069386,17.31306497720792,37.384850533135705,1.0,96.91785447466117,188.82333725197745,877.3908258055578
0.444058057,554.0719497917212,13.137297845500992,6.1323529692,56.0,186.8976096962,17.47173867574552,25.32245116117524,8.590134132199172,26.354341442992045,1.0,96.23632356291397,119.12145830970067,1471.273914146503
0.3828363081,494.13681109420577,14.343450270558003,5.8857143493,48.1904761905,166.2832857401,17.813441344669886,27.72165464219593,8.40705955880029,27.220857097989036,,96.482337002331,151.1828906829681,1794.9932269085193
0.4073491835,627.839180590979,20.399037796051644,3.728571432,27.6428571429,133.9461669289,17.2957715789477,23.766645729541786,9.72704162200292,24.86525022983551,1.0,93.69980520788168,70.37193260189201,1058.6857472098784
0.5446688525,895.6653238434163,18.186898572879013,4.8454545628,69.7272727273,234.2487689255,18.51257782716017,28.646846221043518,11.783076836512638,25.24319237929124,1.0,97.36254378066516,131.77170626408147,1338.8001674845586
0.3526871359,739.92452285088,14.512604698280207,13.2571427482,46.1428571429,132.3867502705,17.51959466934204,23.77546861767769,10.60124996304512,24.43890631198883,1.0,94.85990592700664,95.58582721804032,946.7683580102673
0.4521620015,449.1288201639091,14.884524189132396,4.9999999319,58.4285714286,109.6048334753,19.336834192276,23.502208471298218,12.32474998633067,26.34987489382426,1.0,95.40757086240471,88.10550511378278,1059.0184440692246
0.4509644524,180.96609808974517,13.030656575487352,4.4249999523,65.75,120.1539999843,21.781300926208495,31.032400083541873,15.362600088119507,28.200949859619143,,93.12505129595854,102.41812834641067,1330.8689764578794
0.4601140309,2157.936798310184,13.717022174980213,4.0333333015,207.6666666667,170.8084991382,19.84200096130371,31.378124952316284,12.060500144958496,27.62487483024597,1.0,96.19706227786253,59.97286576259671,830.0991600475264
0.5908644674,1864.315140166327,16.674994997499226,7.5333333015,47.6666666667,224.6723333209,10.640000383059183,15.833083470662434,4.167166690031688,17.11341698964437,1.0,95.20050107505267,68.50032434271293,859.300612214853
0.4616509494,307.4587101336013,18.093925108839425,3.7720684031,292.0982358832,96.2619914016,22.35685321993371,33.2018682370616,16.2037790763048,28.51061265158291,,90.2296343872304,121.44841629921939,990.2402794900548
0.6096348836,326.2911751530536,19.797724973446524,3.82998519,86.059617418,138.6097429143,14.23445510906115,13.92495105848917,9.333346136219944,19.136797668946887,,91.13679173413459,69.05642363153117,924.0633284137157
0.2939827206,991.1129495477732,7.145714112467688,2.3971606097,254.8908380539,99.3046081441,9.439722950518155,17.414391090672336,1.663238584023444,17.21727946720905,0.0,94.70339328775019,120.9941127823486,1478.1813354522772
0.5878689192,270.43132044350773,21.47213464372101,5.4255031025,38.0,128.361234287,19.05636063369835,20.014965045384734,14.077344585562315,24.036384604282233,1.0,94.44439832768573,67.70301648494853,1065.4463193216277
0.3201045918,407.7378580323786,10.131520785831128,9.4878599821,46.6622558842,97.1498571851,20.475076517412244,28.791593640759697,14.255651776291828,26.695645627553706,,96.12796177570961,82.33382476873518,1137.7814178883177
0.4604259524,938.1489890619821,16.417779764200645,2.6912494236,195.6706273461,88.0359972539,31.367248666037895,62.59652611390722,22.65439048246069,40.08134102157149,0.0,96.56636371332735,422.84935477659525,1541.8115525155272
0.5364464744,272.81245923026745,12.128460879392872,2.5456620074,188.1188883099,189.9909140076,15.906376306168632,20.04352704152908,8.032675461431014,23.780957683182656,1.0,95.36993813597665,52.788699307896536,896.065264537526
0.3109495833,1175.8142894325872,24.16297185023057,4.3000001907,283.7181094419,190.7612675932,18.14116658053735,31.664295925646172,8.212274676831665,28.07141505280096,1.0,94.9721034619051,72.65460604157974,513.0565852009966
0.6106837719,1608.0613053943084,15.825543468099434,7.1119504551,48.0717033031,213.7760226174,12.206300521433079,16.73650324667787,6.104944744008854,18.30900317767186,1.0,94.3510011461066,109.3028592864919,934.0838075749488
0.5218904762,1219.7890044576523,22.140745430242177,3.7625956567,231.0,269.9995859754,24.30302420483747,41.09422795081193,16.501112095891838,32.10664281069401,1.0,97.66807526941736,147.81803803442892,1395.6403930237834
0.5615992424,290.75105584232756,19.006088108180947,2.8199297067,216.0833567688,130.5199995468,19.055500745773315,27.242249965667725,12.882500171661375,25.22925043106079,1.0,94.30928006355208,142.49032067696197,844.0812395747192
0.2507151515,732.8052009456266,12.007950763090847,3.4401933115,192.0,93.2951447855,28.851732489376783,67.59588521094489,17.15016444364628,40.55406893313818,,98.73599330727475,560.6507279713961,1318.0389140161433
0.2005545455,444.03332539871457,3.081670382943105,4.8935953213,286.9894558324,45.4469566766,21.304758458173794,33.949392383346,12.697647193178046,29.913116659238106,,95.8658351576376,151.50097590633155,1603.239442911121
0.341485,633.3281796966161,7.700048014512906,5.7699909025,72.0,171.4779998581,20.327500820159912,29.09775018692017,14.619999885559082,26.035500049591064,1.0,97.12748064105553,106.97176963125588,1266.658100526356
0.4958194444,994.2208955223881,10.9099393261161,9.7866148693,61.0,237.963306559,15.936862756175149,22.59321805124035,8.651469450061938,23.223001180954164,1.0,95.17638923350957,108.28344578591324,1260.0035923242708
0.2423166667,630.2864583333334,5.028627002301316,6.0999999046,47.0,128.9716251985,18.410360755032475,31.214302577850148,8.42123704109239,28.40024435639779,1.0,97.25879225294898,287.25991064524914,1589.3807242732228
0.6237855876,791.5889915979916,21.034630286792815,3.0833333333,3.0555555556,603.8839447752,15.755000670750938,27.52644446161058,5.928236120276982,25.582763936784534,1.0,96.38873179626465,337.8304323046172,469.3195661336193
0.5079274092,215.0197497759131,10.33559634151099,5.4600000381,6.8,662.0905005097,22.325709342956543,40.11179161071777,13.295916676521301,31.356458504994713,1.0,95.25464407932114,234.9888708815431,548.121929096683
0.6634309091,1051.660266601443,18.90350733321833,1.6057983442,316.9363868118,787.8074999989,23.971376419067383,48.21474933624267,13.545875072479248,34.39750051498413,1.0,97.3685600094483,273.97773053648325,1062.7576413233046
0.4249307971,189.30261075949366,8.249010794312706,8.5707785925,319.0,301.18436638,21.62689682710104,37.36975354305636,12.702631606440669,30.552196325761354,1.0,95.58026644042123,425.0420144157067,750.0065247110313
0.5669346491,69.24317778136606,1.996250581937673,6.5122376017,346.7175060827,389.879916419,26.701392291125405,56.49168891631082,15.83110703268604,37.5729409416994,1.0,98.20399788708694,772.5678749376601,1360.1273960037377
0.4725083333,53.257720588235294,1.878512841408305,6.122690685,339.0,539.2273792105,22.512751580850935,36.926609271191374,14.262703639747185,30.764251076558295,1.0,95.17865964534302,331.5264618037607,555.6526694580587
0.5890954545,192.19905956112854,14.443310923030223,3.9043871979,284.0219355335,416.7798146935,24.28151795991057,54.90658230054253,11.81437978825452,36.74973586438603,0.0,97.75360357012028,471.67753555132447,659.8416269089025
0.5018963076,286.01023581840127,13.221922594134263,3.3571428912,52.2857142857,280.7328003978,19.84540090560913,27.936849832534794,12.040250062942505,27.651699924468993,1.0,96.24750340279499,143.55831229580264,1594.5399160399495
0.4648678922,629.4713243210911,16.176000351418946,6.8750001192,40.0,512.8389988168,13.896750569343565,20.433624863624573,7.315874934196472,20.478999972343445,,95.68830828641778,150.41672829126787,1497.1777983762256
0.519838104,696.659452200256,18.780561530850953,7.433333238,37.3333333333,440.1310001755,17.39950092633565,22.74166655540466,10.899166623751324,23.90066687266032,,94.18635751065673,83.66407540111209,1116.0683377342689
0.6491059979,387.53757992297915,18.725481333161127,3.6666667461,288.3333333333,705.6465279629,20.034175840154106,20.325498161524376,14.755865164650997,25.313604656244166,1.0,92.59517264964362,243.12650826462132,641.3794493212993
0.4511671195,549.0369643818756,13.40140221708875,3.5490556955,357.4465316907,366.2815648298,17.901523152887478,30.06469330130281,9.872027403647834,25.931915809409773,,96.82213540166941,128.64564248683388,1353.627868343955
0.629138172,286.5262635379061,17.10591665549399,2.5607215385,326.0,587.2388863959,14.896555371280217,15.938610346721015,9.1914058328756,20.602707236040246,1.0,91.37559554042373,66.97741892701674,1024.2953639321738
0.5171483333,560.016129032258,27.461902453845095,2.4576212962,349.0,549.0159958289,16.132500886917114,21.927249670028687,8.511000037193298,23.755000114440914,,95.60978564829662,212.0728157880359,291.6705325307223
0.522709375,1899.5280225590413,28.886960647456615,6.6331535286,255.6940303691,844.5450033539,11.2965008020401,12.899749994277954,5.900750160217286,16.69325017929077,,93.57410327140985,179.76561750471194,224.76752188387914
0.21053,1239.0521350546176,12.823378897470892,4.2551316715,247.0,151.2079495596,19.594476710886745,33.73570790650242,10.737512102472525,28.45326045604685,1.0,97.405643492605,498.8467443850029,810.4073426464274
0.3235305556,603.3545945945946,11.73059890929106,4.63081999,45.0,511.5450036073,20.68350124359131,30.32599973678589,13.106750011444092,28.261499881744385,1.0,97.33551644882147,246.52754757445476,1543.0984149144053
0.51617,850.1651542649728,26.90674842983322,1.2000000477,217.0,443.5109968109,27.12504381706072,47.1452065656145,20.28363489985879,33.96693936775722,1.0,97.78256729460665,678.8442118925689,1196.0327725012662
0.5805791845,1266.5947133047587,22.35136994616532,2.2833333479,239.3055555556,386.3941084626,22.706636196858177,30.199837903718688,16.739493241181243,28.674810809058112,1.0,96.67652395473037,575.785831167825,1145.1339560310075
0.4394498227,387.61197893152746,16.06505578332238,1.9666666587,53.3333333333,287.460399064,22.38045120239258,29.761999893188477,13.98899998664856,30.77305002212524,,96.7613781068249,718.2934154860775,1447.912589945462
0.6583877098,469.89259758822703,20.409147403956833,6.0,309.5,387.0582738308,18.38086645601744,19.098718199559336,11.931783585377739,24.83104383552638,1.0,89.32658085890338,129.55127805150653,246.56291749819448
0.5075934058,1434.7029871424058,18.67185777053228,5.9134181436,235.318465354,279.9684975799,14.833625555038452,27.56624984741211,5.826374977827072,23.841625213623047,1.0,97.93656092901728,315.04229857829444,1354.8865389458426
0.3781130081,798.596538630057,16.179893966186945,2.2281459016,252.3424151759,279.0357380474,25.78406212177721,51.34085075156607,15.737850686791978,35.83159533511245,1.0,97.59638896889716,917.4093950355569,1442.3444816782285
0.6323807143,661.3679987413468,23.030999911073398,2.733811314,216.6690568875,472.9802926552,24.979536357965504,31.94562704630046,18.96774211372734,30.992454656647087,1.0,95.80660564681847,559.9833356317371,1211.6818471158026
0.5961691176,1418.3268336314848,19.69764400319678,3.4268232014,262.0,383.535173866,26.44994053328291,49.63244673436922,18.25845787826586,34.642171487702996,1.0,98.35576708154453,576.615920861697,1138.791078183794
0.4616784722,1044.6371644295302,16.239455890423,3.0,338.0,339.5965588793,29.795072823307517,62.22695710585988,21.086200418513872,38.504457090685705,1.0,98.91418102201193,637.2053341750702,1327.6110308993475
0.6423369048,130.03664265580957,5.287768809335418,10.6999998093,337.0,248.8785648871,15.683791928280902,9.75095842538996,10.22939708993471,21.139269367340887,1.0,89.5841318647982,345.0127624981519,1229.2556219863604
0.3465239583,521.0604056437389,6.75889038226224,3.2999821408,215.0,258.2559961602,24.14000129699707,44.01924991607667,13.642750024795532,34.63800096511841,1.0,97.72053688234497,204.32247663072536,1584.2324475338905
0.3112033333,635.4977192093259,20.074606702222596,5.6999998093,233.0,299.3700612485,24.41012215295295,41.91823414602953,15.940011190051468,32.88124462917345,1.0,97.95372134210027,702.096840713557,1049.34763175281
0.4185736111,780.2588473205258,12.466146442236866,3.7257222443,58.0,245.0259982373,27.17500114440918,49.92900085449219,18.8607497215271,35.49025058746338,,98.09078599633595,820.230734261189,1609.2604040985232
0.4427986111,871.578332448221,16.1762666593697,3.8552793978,193.5279374748,347.7960025072,24.099501132965088,41.55000019073486,15.990500211715698,32.20899963378906,1.0,97.4279776427877,352.8967657587813,856.655135734368
0.432375,17.069651741293534,1.656328561601269,5.5771965312,342.0,472.0763189666,18.56173895973201,24.64459684463918,10.275318038249637,26.849397771525553,,94.2080942067917,798.2600959492157,1361.513078817784
0.4494479167,31.461026967122276,1.396806519433146,3.0036822239,198.625978667,483.5873059453,23.020585549532576,40.7397483612501,12.572380988593999,33.46987725232259,,96.8168421772819,542.6413437452716,972.090883231624
0.5601597403,852.8495528669122,22.108969346778384,2.7000000477,356.5107162066,428.7870012238,23.681751251220703,39.16049861907959,14.917750120162964,32.44700002670288,1.0,95.98798077354097,319.28185625657426,677.568344615136
0.399788875,1136.0916040135276,13.909146770975276,3.6333333651,207.6666666667,389.9274973911,24.32762575149536,42.17550039291382,16.131749868392944,32.524375915527344,1.0,97.88124941624204,557.6460556124437,873.5827306444256
0.4831055034,1107.436380417789,21.980362361484964,2.0871352806,243.2936784208,383.8319061157,17.07935976751018,25.070780824801023,8.844665767991954,25.31492713758654,1.0,95.83835204707924,746.2139672956124,1147.7115325116106
0.3913907976,1486.4124718256949,9.117086973954926,3.1588552155,265.0,413.8968683295,22.698343112101018,35.760985206757994,14.470562592535302,30.927628923505694,1.0,97.08360834995176,397.00572616013693,724.8898874280451
0.4577472222,1351.7362342197152,23.00906529802886,2.8736448012,203.0,275.038147967,23.210237463549554,44.67031524814974,13.213724118459165,33.20763719498426,,98.4264735138758,665.4123971607571,1079.1272230021882
0.3647460784,379.1559617355654,13.825261220794143,3.2000000477,223.7968228041,271.0179357924,17.810957787137,16.3082815086568,11.722520576766872,23.900615590861747,1.0,90.49921270012511,189.6350715619431,418.1587487632082
0.4177455556,413.4203833394766,20.800998461085012,2.9000000954,307.0,441.4152363073,26.69297299390343,40.845603232304654,18.19633026416663,35.19050026330384,1.0,96.08615795124416,484.98433610666694,1058.3406087917047
0.3375934975,390.38207200587806,17.928282030913984,2.8093739646,190.0,404.0983603327,15.589319775391488,17.21800934318574,9.096901560469288,22.082649238671966,1.0,91.25938137234886,125.15394110078006,283.9285756181861
0.3929541667,693.6227873348292,10.394118553331682,2.7200891876,217.0,385.6513139084,26.22477004494708,47.35458851989026,16.477939303186766,35.97272324399767,0.0,96.70035868245346,410.1842210968744,819.5518369765456
0.4323352564,820.3962455606292,17.454829174656666,2.8813742802,191.0,511.4954237062,23.70399604545684,42.07396035348329,14.42925539792859,32.97947936335321,1.0,97.316671385208,543.7918593017207,815.599063233355
0.4377833333,340.5364010989011,16.3223793958979,2.0999999046,306.0,468.8233080603,27.342275744785937,52.288571284221625,17.438460876138045,37.247450653931025,1.0,97.48487054363585,512.9400163675182,1104.638244552109
0.403042965,1245.8741205654044,21.998050004481566,3.0499999523,261.0,480.5287490651,25.38343846797943,44.78556251525879,16.31543755531311,34.45243752002716,1.0,98.30614076360102,485.5780177983564,757.8132049142904
0.4340858974,343.92264302981465,15.09976525035575,3.2999999523,305.0,508.7143947269,27.79916964769515,51.30886977514026,18.169590869891778,37.42999325578439,0.0,95.15758854085696,266.5921360037176,692.077057343055
0.4405416667,257.38129496402877,14.311337313975413,5.2735589727,280.2065614503,318.0270008743,14.520250797271729,20.04175043106079,5.186249971389772,23.855000019073486,1.0,92.12181268628566,155.75993185520448,330.4332653024377
0.5136712963,146.8934200650488,13.01240001180812,4.5295714802,248.7042849164,592.209758925,23.920686061932848,41.227451500147026,13.927003742719414,33.914981006000815,1.0,96.15776009133168,374.51572959471025,931.6243361345528
0.6728347222,646.486906710311,18.280809351966084,2.9772444324,343.0,1233.0979980184,24.728751182556152,49.55175018310547,13.28125,36.17749881744385,1.0,95.02347766332558,197.88128139597302,446.8433891957922
0.3731559524,1276.5144578313252,3.399205055677268,8.0909159521,225.0,194.5059982633,11.305097121226602,18.523096638262984,3.039250894716771,19.571543251969032,,94.5435300716375,73.8208998109782,188.12929594247578
0.4257625,159.85142857142858,8.114417237785398,2.3332278276,309.0094955005,316.7069991035,25.160501956939697,41.92175006866455,15.773750066757202,34.54750061035156,1.0,94.2936293020187,104.0567510825576,647.6066640841815
0.4422650793,497.49451205043897,13.971710459599313,2.4799999714,317.4,590.0885714341,27.01496553421021,45.44978577750069,18.848249980381556,35.18257168361119,0.0,97.68768714540218,542.5642560734892,1233.6457832494955
0.468796243,712.750233537359,15.436163474660338,1.8399999619,318.8,434.2117497792,26.421063661575317,49.14381289482117,17.322312593460083,35.52068781852722,0.0,96.95727083694906,503.09529802935805,1151.636992595248
0.3916905035,1487.2953339763683,14.835318411030425,3.5999999642,271.0,698.6724980846,21.147876262664795,38.780499458312995,12.25487506389618,30.041624784469604,1.0,98.59995870673792,573.1658651117893,1062.4146658178774
0.3660608333,1273.9978803936413,6.175807403290842,3.6083514838,238.6659373092,805.228763796,23.37395718742488,46.6393528488083,13.276076102193606,33.47270412233203,,98.03183216608407,229.82822302960096,913.4817647129466
0.4186101852,810.4288410127378,6.370862359360604,9.1000003815,290.8467143569,535.6687140156,15.709429057783485,23.692329087430508,7.911878282412134,23.507914163266964,1.0,94.72483414459535,84.66196506776693,366.4821527715676
0.3804716667,11.921153846153846,1.952185039336865,5.1585490353,247.8290162703,29.075966892,22.59776815732063,35.10613044260093,15.427096582220923,29.76968781988549,,96.93268639499851,341.2831427630189,1940.3771755608454
0.2392154762,597.4488137796556,29.493301394507217,3.2000000477,225.0,243.0870015882,31.37900161743164,65.59175205230713,23.180999755859375,39.57800006866455,1.0,99.5506674249416,143.21605620223352,1158.00833591949
0.5372259259,320.36030428769016,15.08952319753945,2.7000000477,238.0,550.4063507177,26.3188737069507,32.130106640401266,18.637518993849724,34.00148766092106,,92.68658094092476,270.4982530703464,674.9199110546539
0.5216509259,1060.350511557408,7.189408432436784,2.2000000477,170.0,476.8329900878,22.936380945778417,41.179768287857144,13.29588382215966,32.578279902801334,0.0,97.23736903713053,507.7862890539168,1139.6525842817748
0.4256777778,440.26018002571794,5.460692728212142,2.7999999523,226.7106720628,421.3488527558,30.248917183893646,58.04630148684403,19.925377628827853,40.573452851782925,1.0,99.31056682324625,284.6139636886016,1196.7279522563326
0.3049347222,1317.2866336633665,5.642690867790492,3.0999999046,218.0,614.1312553578,27.247929273613536,52.18873832454262,18.211585539859065,36.28551993653671,0.0,98.25963733016133,193.2485977917849,751.138753933743
0.3847233333,853.3932980599648,14.01538285947701,2.5999999046,302.0,506.6908707107,25.0232926158267,52.47080316697523,14.503095551267986,35.544488577637395,1.0,99.18725284886658,687.0448890722776,1216.9924809495042
0.3198816667,1331.2297136038187,10.79556940702237,2.8481482318,259.0650800856,588.0649969022,14.554000616073608,21.92699956893921,5.669749855995178,23.439000129699707,,94.06667540711885,335.9502880104417,444.66654103392
0.5829775,223.45093457943926,15.060805303949827,2.3007812379,312.0,361.105674165,21.200921543215674,31.92229436721516,12.78562793090689,29.616963074607106,1.0,95.4631767281588,495.31301958897575,851.4755488794273
0.2950896384,1138.8070474352403,11.900016070523494,2.4333333174,269.6666666667,225.6263319508,31.207834879557293,51.10499954223633,24.99691661198934,37.41941706339517,0.0,95.10098678766894,112.05214459136087,1086.0699818947448
0.3040731273,1018.4331580861688,19.43880094908511,4.0295114309,235.0,274.0790000816,23.133626222610474,48.786499977111816,11.518125057220457,34.750624895095825,,99.08959600049597,245.5196434995451,621.0437414390428
0.4480558943,1025.3964804692707,8.120891234017646,3.0999999046,228.3517473745,248.4371010493,29.91150140762329,52.16437530517578,21.600749731063843,38.22312545776367,0.0,95.50684796036094,119.89180324427255,1123.090922476783
0.37903625,1121.680211771177,4.807167958269436,2.7000000477,283.0188389274,417.7711599735,23.358379574946653,45.971097528296525,12.628355455485668,34.08913955194227,,97.83942585804395,134.08688689179587,1119.9279007911027
0.393879798,1206.189704981178,9.918090028193747,2.0055617895,265.1193294071,322.1636388749,27.299154428759586,47.53051823848283,18.615330656677173,35.98442463161392,0.0,97.17528663064782,189.77800470214842,1145.7664644537822
0.4104716667,1201.0614623807842,9.151992259267487,2.4387581731,53.550324588,437.2010783077,17.336429527855262,28.722966302608366,6.934974265330174,27.738837801108684,,95.61289871980101,236.20289460184995,503.5050872291174
0.596125,446.93048433048426,12.564968113359223,4.7309517631,215.0,376.7451592998,22.14298143181713,42.484371800759035,10.897615025985615,33.3895965933082,1.0,95.73267369102489,562.7915669076635,794.7939455063306
0.2643178571,919.1710766423357,16.60050368869174,7.8000001907,291.0,228.7607350694,25.795788781763665,48.74006032545447,16.956453754320595,34.63654076552486,1.0,98.4306547627142,401.6013817777464,789.6938059800535
0.5214270833,897.3240252897787,18.096861189798506,4.2628029646,137.9083207347,308.3883101915,17.388848324763885,29.8127667054283,8.989765230075268,25.7889395816392,1.0,97.57558735219988,181.2607186429696,1392.8912036469196
0.5187055556,638.7320819112628,10.247971148112528,2.6915933761,244.0,353.3227953301,23.196001052856445,27.94225025177002,16.75124979019165,29.64175033569336,1.0,97.34322364785456,611.8773143331682,1167.2235353560718
0.3418466667,467.81456043956047,12.217584427466596,2.5,242.0,118.8160006846,16.508750200271606,14.439249992370605,11.18399977684021,21.834750175476078,,92.44623783609023,243.956564895351,787.2189634085346
0.6111583333,657.9613644077384,20.24157337353455,3.3173106055,265.0,442.6199038251,21.093453941013394,28.891217345948043,13.944752150661106,28.24287815563632,1.0,96.53542940353397,562.6766988363186,1306.246465908265
0.629990625,472.52142551064134,12.86159333778039,2.85607228,7.0,864.4230395275,23.835121299147353,38.69889882050704,15.425062408976263,32.24621577987259,1.0,97.76210834357254,325.6792579209697,778.8302132844092
0.4815440476,259.7240618101545,18.26709326961358,4.9000000954,259.0,341.5309989078,27.583001136779785,48.210999488830566,18.707499980926514,36.45924949645996,1.0,96.89670806893162,235.83144201156233,773.9159475074762
0.4617452381,237.1317365269461,12.40717950390425,2.5646481693,336.0,248.1926634446,19.228947084570123,34.172309056490846,8.550539374314528,29.907846905352436,1.0,96.69270293859348,217.75862016204357,572.4904327446387
0.612435,797.1697802197803,16.261341974040963,4.1806366375,59.0,1091.2647890151,11.884000301361084,15.845499992370605,6.154749989509584,17.61400032043457,1.0,94.06176803490403,19.198264129250873,30.63406167602546
0.4298916667,52.031013094417645,2.105834381527773,2.2974155675,344.5735766124,521.3619383562,25.6777283021505,49.4584666640711,15.518467675558169,35.837247727273876,,98.1322233221596,237.55090641369105,1313.3436148366209
0.493190241,1016.1695230349154,14.415386635397333,3.3199999809,288.0,186.6339993568,17.16055088043213,20.681249856948853,11.218149948120118,23.103900051116945,1.0,94.09000479763633,205.89902733652397,744.5050537917098
0.4871160212,1627.773764355702,21.806417609247667,2.5166666508,239.6666666667,293.5060329289,22.83991765975952,31.705416560173035,15.871958255767822,29.80891640981038,1.0,96.23343150957822,546.4459061053459,1038.6428198422948
0.5068754266,226.1862565260336,17.11560860609142,2.25,242.0,156.527633705,16.521042784055076,12.427125136057535,11.522083282470703,21.521166642506916,,93.8038466659295,224.69592501767286,711.7847086423458
0.3583638308,1023.9944330450292,18.21198092079029,4.1799999714,245.8,245.5078191566,24.091551113128663,43.54375019073486,15.951550102233886,32.23249998092652,,98.3604895425135,201.47518692276648,1287.635943448137
0.4438212121,950.8313159355913,9.964763615637406,3.9298085523,307.0,232.5672198897,20.056169376667498,34.74774732838458,10.586260064319244,29.527362984830795,,98.25394553564264,166.74417383298476,540.5728493392442
0.5003259804,97.56500473335437,9.739573920671685,5.1013185009,111.0,224.8625681515,20.034956451267504,19.850213253687045,14.519138295311807,25.551772590881114,,91.95164042471035,658.0967876944394,1641.4529233040957
0.5203781609,483.4705233146326,20.311342279880122,6.3800183711,340.9919786201,290.8679821495,15.711834810462868,16.276150281485297,9.592773079655053,21.831900018882372,1.0,96.35623359033698,206.4018123517799,577.4644265629778
0.5135439394,730.3933781555246,16.48130741991792,2.4151265851,249.7564853634,197.1372213827,22.028489831319153,29.06998578453431,14.214158404988353,29.84354804716289,1.0,96.45380078352302,661.7514426603876,1386.0706544348657
0.4184613636,1125.7036762891685,22.78228489557902,2.9033869091,309.033869321,165.6283010689,22.782751083374023,39.93350028991699,14.344749689102173,31.221750259399418,1.0,98.58887594290348,584.982994504884,1241.866298396596
0.3969833333,1148.096413199426,25.403859494885207,3.0999999046,291.0,155.3514408097,26.252752133733388,42.0979396125832,19.23577182772044,33.27045778718487,,95.93415495824351,393.2898194378006,1283.648403071075
0.447980303,863.5323481116585,14.394048025592403,3.2000000477,256.0,246.5613697747,23.558192965893397,36.04228693757343,15.01003671654226,32.10747907572333,1.0,95.83741600677291,413.6883881107914,860.1517027885355
0.4946583333,808.9492656875833,19.826896123239926,3.2000000477,318.9506616778,330.1559029578,26.53748882374728,40.17641692348562,18.337075804188984,34.73926876998364,1.0,93.51819661506843,107.10935519489908,1317.2566954348295
0.5055866034,279.8153872350655,2.671590566512891,2.2000000477,310.0,391.1351256439,25.47618865966797,50.16609346866608,15.49484384059906,35.458624958992004,0.0,97.37790535740533,130.5362547905836,736.9046014603556
0.4827572009,316.2805807139051,19.00972910766263,4.6999998093,224.0,389.4929153004,24.7930008373447,42.188711507849185,14.252213904055013,35.334499141746385,1.0,97.35952774414761,505.3217061103221,665.293159182613
0.5761740741,706.8303469309949,8.030620687127431,2.2000000477,339.0,555.3582394095,21.61333633076864,38.763539232051066,11.585480655052816,31.642220197191975,1.0,97.20919419283281,793.4138526206029,1140.0372784600775
0.3987131098,119.52788874607751,10.260712677286339,3.1666665872,230.0,157.8775005658,22.034126043319706,33.750187158584595,14.879499912261961,29.189937353134155,,92.65162914444363,194.90612386141493,738.7528448624555
0.3921543561,161.72360919992136,5.86848280092057,3.7000000477,227.0,178.679574792,23.027810078891637,37.076698846382584,15.42795086563693,30.628966581168253,,93.53668979892701,197.89558903289188,717.2746240960099
0.3349981771,1336.5983149884496,22.92224098456836,3.7550778804,288.6985703833,220.4041227399,24.11011849374304,45.04399750691398,14.882371397343922,33.33899752325083,,97.9424664710966,179.89446537723344,1226.4526525513324
0.5484948864,1487.8898018366358,15.108345640334916,6.5254403585,291.6146489584,269.7135363012,22.593097146441877,37.023010932900974,14.231447149419264,30.95614312008195,1.0,97.85259785519852,237.39295470059542,508.08806785027735
0.3973855856,720.6385473028365,9.314045006580619,6.6494338817,139.0,232.6213613562,15.308770716035516,20.242852062511517,8.905805337055906,21.71249075901989,1.0,95.53447302885534,81.4075298321919,412.1313453195189
0.4528294118,299.88999383965495,13.446967169782766,4.2191726149,141.9998443818,147.9571108594,20.606522014736566,32.360853302394474,13.096960741615183,28.116886293628383,,96.7809718599329,162.8642101750071,732.6352847286886
0.5434283854,495.2510358493965,22.737879721066303,4.8974751128,137.5942839095,181.6771110704,18.363277323100583,27.94422985229467,12.133851554331827,24.593509099557217,1.0,99.5657751861212,111.81264169826635,978.579956184236
0.3282072917,93.7913148371532,9.794899724443658,3.2770947096,227.0,160.4430167456,22.929980193595394,33.861705600191705,16.279643471839172,29.580837167892287,,92.243957545369,189.46022113993237,790.9720773934729
0.3678825397,109.97337200105457,8.791507265784167,3.5790924654,289.5335121189,148.9568314971,18.433861420910585,21.76227596398094,12.521239019416914,24.347497654312185,1.0,93.7860468375495,145.39521811219092,812.9438625732664
0.5170266667,843.1408140814082,25.42308401097559,2.4000000954,233.0,333.0739429934,26.73297857278969,37.3810465811385,20.64120193891013,32.825997878794155,1.0,95.70056864546308,282.61796984716295,1236.525518094239
0.4236453704,175.49122106943335,15.336941825147163,5.3586471917,111.0,155.5758767109,20.86425304536674,33.62824815002383,13.177022716368976,28.551845335286124,,96.07705151801898,163.2044302463949,716.1981459091658
0.5680040668,547.0259321913715,14.56806231071858,2.6294117114,303.2941176471,631.2659438027,25.02636220720079,45.28027783499824,16.306805544429356,33.74688906139798,1.0,97.83913426728944,230.25499861549685,991.0770166431346
0.6380472222,357.48414154652687,19.76898142323842,6.5999999046,227.0,496.7278841855,25.123584651080556,40.16320797350927,16.23114461496581,34.017022892787224,1.0,95.4886024092501,544.5059195738171,937.175489163323
0.241235999,1853.5605013313252,13.370268421908627,4.1499998569,191.0,148.0158954619,9.288853903383497,16.599223860169428,2.123143399478829,16.455558432554433,1.0,81.66009078827729,41.15026115213378,588.6631331502
0.4356519135,402.7302175191064,17.947574953122533,3.0172806206,271.7479817759,333.8721913204,26.071801344347303,45.20773300273186,18.28170706072956,33.86308348686257,,98.45729119756976,492.6929634153263,1142.4348297364654
0.6242026042,506.3122445643289,16.747112786309945,4.7258776191,272.5414088678,408.4013362557,15.854415932844741,18.59185247146571,8.927734356739101,22.78209638146113,1.0,91.43730657228873,332.64062195396,1157.0582596120698
0.3295214286,1986.261153054221,3.088372225385458,13.1999998093,204.0,197.3437184557,7.335866251061854,14.023099501662124,-0.279982578991205,14.952638045855242,,91.19299556138539,68.88648751862983,938.2038061966176
0.4641667561,2415.997757671125,21.787826518316315,5.2375000119,226.875,476.8858558267,17.04075067383902,24.22171412195478,10.0090001140322,24.0735000201634,1.0,96.30735611634663,87.25814468848782,330.9067182008236
0.3321796948,1285.5349000786132,6.251526472755348,3.5403728697,201.9208240835,287.6320370643,21.035403321338144,36.90892153223716,11.497872640016768,30.57377839370916,1.0,97.04883602001392,322.8303039431371,963.6760814090494
0.4622030556,553.9405777433113,10.796429530658571,3.8708440672,258.0,272.2361209481,24.95056491266581,63.71533447133331,11.270018220887604,38.63190251795588,1.0,98.88120077481543,181.90856461256092,685.0394044273694
0.4279869468,153.40398798142584,19.643353981468334,8.5507524007,303.0,137.3111833841,12.458451449590923,9.118793064145319,7.906112607648626,17.011793923322106,1.0,88.14556902600803,98.91983030383568,1344.9654332130735
0.7070980392,159.62223340040242,2.331225590117021,2.7000000477,230.5636610499,183.335002677,19.291500568389893,31.826498985290527,11.018249988555908,27.565500259399418,1.0,97.78441198553082,156.172154024092,609.5703180241032
0.5061930556,506.78506024096384,11.922769709667527,3.0,115.0,224.9770826064,24.81242737883185,40.97514163187483,16.251047061551397,33.375064144750354,,97.58507563171297,285.346636688586,907.6016025256123
0.4994504426,310.19068953877314,19.875147139695574,3.75,225.0,637.0982495696,25.569911016309323,50.38071395519195,15.073044096159853,36.06756424826969,,97.6630022667898,558.3979695061371,947.4301585146724
0.5780542349,1797.7929877062438,16.767719276149375,3.2555803448,230.0,738.5896338576,11.981482616080187,14.568196948972266,5.403284014538356,18.560325856007083,0.0,79.5501233264039,262.51160325581503,1237.7494455389913
0.3609260638,433.49581981532316,17.901715851035355,2.6883336086,230.0,264.703863787,28.94600491457168,61.06622826379347,19.04444241691362,38.848634744022526,,99.33084039443435,486.0315990302382,1004.4017596212635
0.5574097619,726.1389782625755,15.84216364535256,1.9791846897,260.4076695799,690.9279554118,31.509393563762178,64.5418828553859,22.86579216668633,40.15395028777525,1.0,98.67578693840875,449.0261133357351,853.948302199244
0.4068818182,885.0578635014837,11.058375962631285,2.5,175.0494286663,565.2395797586,25.131612534499105,49.56777211616025,15.554456593364579,34.70996389560248,1.0,98.68221652374103,407.5070059812028,1016.8890667872568
0.4409672958,2187.104006586169,26.104411203352864,4.0999999046,236.0,470.5689043934,19.531543960175846,34.29804188266962,10.81407548977284,28.250095093175332,1.0,95.91475543079,66.48370854001719,227.41643488766871
0.5126333333,810.4787522603979,26.770944405205643,2.5,304.2512098417,630.1913091247,26.33059025269476,40.49638442747174,19.961920331851005,32.70049238800856,1.0,98.0427210729173,594.0220902784387,1042.8402064018383
0.3640025478,1404.7995926575795,17.723912074943975,8.1181819222,299.5454545455,325.6098883772,25.022251076168484,45.2829721238878,16.52272219128079,33.52266687817044,,98.39118427125624,287.55858860397655,608.7651335935934
0.4878827637,943.9889599959206,20.549037298345077,2.1499999881,224.7,336.5891010341,26.73100118637085,48.84370002746582,19.472550010681154,33.99047508239746,1.0,98.49557524311265,496.7523223452247,949.0595400969057
0.3746193834,1254.3150611872854,13.502550302745368,4.3888888359,207.8888888889,366.3808561752,26.709929874965123,50.35435744694301,17.276357139859883,36.14450025558472,1.0,97.34639084076855,656.9628415765009,1008.807261967743
0.4655620177,675.5894546533906,19.339363981703496,3.6374999881,157.5,397.2671434309,24.970965589795792,50.45107133047922,14.341321468353271,35.60153579711914,1.0,98.81529064698508,740.9658922044651,1110.0821731214164
,242.8734352306522,15.8631070081892,,,,,,,,,,,
0.4583073529,1260.453707918753,17.018540623054626,3.0999999046,216.5,294.0415032621,24.635751247406002,36.61800003051758,17.633625030517578,31.638749599456787,1.0,95.62934671659059,172.54501446583197,1110.0083547903519
0.4151830078,811.9514556377079,11.748503611859299,2.2687663714,196.4007809979,392.7187760199,19.26494647744448,36.36488494255353,8.09411041617162,30.43693440940561,,97.05499634166631,178.74624857578257,684.1113110713004
0.5579673729,277.9969605579379,17.56284320263247,7.0999999046,305.0,374.6284962469,15.36048062486999,8.266045336874972,11.830524074106203,18.89169901071819,1.0,88.4992216680011,186.80359145337462,536.6510802580973
0.6314656716,668.5754752143123,25.49546038540924,2.5000744992,250.0,512.9123351357,24.5155244710279,41.95088512199814,16.961840915268255,32.07012538794463,1.0,97.83308827890546,247.2231511627476,599.2947998667564
0.5094190972,1071.9439488910318,10.328595380123666,1.9000743992,178.0,390.3726233679,22.543190795708785,33.76881560307844,14.975062812109057,30.11229571181353,,96.39676754959804,700.7342486559751,1167.8825000197908
0.4355848485,483.5364293085655,11.71644002964376,2.5999999046,176.0,254.1116626417,22.142187734398657,28.468371925230187,14.349035696124819,29.936052730242746,1.0,94.43494568564908,431.980874092578,1026.762282323133
0.4821845238,389.9229016331181,13.527412919594315,2.7716966783,152.7746696998,278.2509686051,22.603001133783103,30.55451581425977,14.40078579966616,30.806710676446365,1.0,95.99060855739249,210.69459503719705,779.7866474946512
0.3480375,960.1591211717711,14.566961379585347,2.4177572008,239.0,294.4499989841,22.762251377105713,39.17675018310547,14.032749891281128,31.493250370025635,1.0,98.00117054274006,473.00974539521246,1018.6161079225462
0.6226380856,1871.1517775146212,18.766644822328704,2.4249999523,237.0,801.0769982429,21.962376058101658,32.73865634202957,14.4759062230587,29.44965624809265,1.0,97.60978519081452,489.7353573920331,878.0760279747469
0.5578041041,636.8352825379633,15.186770142014277,3.078947381,311.7368421053,1261.781332632,26.496882143474757,47.39654763539632,17.49701185453506,35.4977381115868,1.0,97.58950292696062,328.73427895880917,684.4773345961411
0.3178582525,1902.5497773223506,17.52282042565292,3.6499999762,177.0,915.8190033699,21.35875105857849,34.790374517440796,12.88100016117096,29.837249755859375,0.0,95.98176748508571,99.23304667239863,686.4200566358029
0.5686351716,265.08119068522933,6.62699658566419,6.9000000954,73.0,1715.9665004212,20.56212592124939,32.893749952316284,12.594250082969666,28.530749797821045,1.0,98.62631137566228,313.44018873321306,1359.8165338239191
0.5196286325,217.9557107824924,14.725648647355424,2.6084818467,268.0,1187.3487937525,24.152106334445744,41.69586026023618,14.008281390911675,34.29676124690922,1.0,95.31202881784502,247.88789572177632,606.5050687455282
0.5261520833,126.59092800665836,3.993903535007521,2.7999999523,223.0,1041.4791788628,26.859566025264265,51.529209440585795,16.815518197004693,36.90448932995367,1.0,96.83740021674222,403.48765095249496,810.931200826185
0.5236616667,614.569803516029,22.553489942461898,2.4129903596,289.0269857438,1050.2154483934,25.581884512915234,40.96350461361828,17.60469113340208,33.56007667498029,1.0,96.0169052756764,180.63033344000436,342.24199374170576
0.6011933637,721.3056541226131,19.86552219733417,4.5612903141,79.9032258065,569.2585243089,14.878576125417437,20.27112698933435,7.788261915956226,21.96982539646209,1.0,95.34270396957432,205.05077412938738,1737.6219240959313
0.6717587486,683.4335743140645,20.945023506628775,2.3249999881,213.75,759.8040026742,27.529938578605652,44.89100003242493,20.436062455177307,34.624937772750854,1.0,97.21707690959616,379.61336437430657,682.5765311082703
0.467628583,580.3356752800765,13.972341670115467,8.6333335241,44.3333333333,486.0130000956,15.010750770568848,19.205666542053223,9.055333455403646,20.96708345413208,,95.43657466085816,237.20525926803853,1664.4367367253242
0.5045718607,273.1517329713816,11.774039011705074,1.8499999642,129.0,496.3869984372,23.282750606536865,39.11899995803833,14.809874773025513,31.756874561309814,1.0,97.24055113899512,220.84690113876883,1445.0046957819836
0.4828916209,523.5955319520283,17.56523884982848,2.3500000238,169.0,499.2857459761,31.937307933994415,59.85640836569657,23.94883993376861,39.92685645551356,,97.33447868787789,671.691143668754,1328.9032320884032
0.4208058858,358.5834085023423,9.10177110017489,11.0,42.0,381.5625001579,15.320250630378723,20.865750074386597,8.646874964237213,21.994999647140503,,96.08205937182029,461.90843298782596,1918.1735325509612
0.4346086022,616.4312318313955,9.609637933766988,2.7770086681,98.3655039723,381.9241549187,32.88447240566947,67.67759598698761,24.82345904447532,40.946365464816786,1.0,97.53035368886304,277.2293919366148,1316.048743011016
0.5376170543,438.89790662352243,19.953773790770317,2.7000000477,146.0,493.2686462225,17.793915673014272,20.82461218158422,11.093093366806944,24.495897844916286,1.0,93.67896215974855,144.2218398597698,1285.331856928743
0.4513820313,302.77821691176473,11.694453371080627,2.9500000477,314.0,510.490450154,16.930690202080402,17.957822323240382,11.181169934336609,22.6811880727073,1.0,91.9489686595497,64.2383958635373,315.47404436477916
0.5061521605,543.4434123425154,8.922417999182581,3.2000000477,254.4415159369,926.3493728567,24.06470696848504,51.24039262981797,10.731971017877134,37.39817628780989,1.0,97.78390138554987,369.08221119987496,564.5158423559697
0.4051108581,504.8397964555185,16.7913834350499,2.6866573866,167.7034724547,337.422774722,19.113403859400226,25.50092412704825,12.166115396353828,26.061480977145084,1.0,96.21039219732688,236.60520073994667,390.5098145859966
0.4856916667,791.3528814935065,10.604740942386886,2.7000000477,206.0,571.593992902,28.18700075149536,50.08299922943115,22.143749713897705,34.2310004234314,1.0,99.82019157800357,298.0156859107325,1370.0869377480858
0.4011444444,529.7314471243043,11.94674011301906,4.0023733202,282.0,474.735674721,25.571265373500474,38.407591261386,17.151830660403235,33.99177013815825,1.0,95.8134799280164,374.745681474626,721.4746712222684
0.4900791667,100.11436436436436,9.847249169682001,2.9606814691,203.0,448.4460566021,21.11278580997582,11.188192954936255,14.774510841368478,27.45241896194955,1.0,90.32681017795952,183.68938333773082,594.752184221108
0.4066408333,757.2240379546652,19.976801331978315,4.5930478253,263.0,472.7993525373,28.72851309390086,53.54314157603258,20.28892491645295,37.1688548428784,1.0,98.35764941385571,367.059238283617,687.5908019528376
0.4238375,653.1275494672756,16.756342510600067,2.9000000954,216.0,337.3350453879,26.73748379154334,40.00237907579779,18.719234412396883,34.75642238924728,,95.9929833150577,145.52173454881054,1126.558759552922
0.4924559524,981.4969615124916,13.986218626568801,4.9932643908,234.3461166522,549.2703877831,25.952655028342075,43.867851354467305,17.536907533159418,34.36935945610312,1.0,96.3671874745175,128.00781855682285,1017.2826013046288
0.4532635417,703.918001525553,10.708816398835928,2.9000000954,274.0,433.9022506259,26.27898823662132,38.61261604116745,18.648739563520103,33.91046960023551,1.0,94.26250894911995,495.4363258937552,877.8426984046206
0.5721722222,146.85363859362224,6.187921139785528,6.1999998093,322.0,575.5277064488,19.69481057870946,29.349267941713137,10.811589730751564,28.579144984443893,1.0,94.37797004100668,121.92277262961872,1096.5539897243527
0.4763541667,460.33076527991784,6.505162395418272,4.0999999046,248.0,948.5964857067,27.587671898361975,69.32436340944078,14.053117496774577,41.12300206251563,1.0,98.83844464553982,465.5018796638894,690.0915813942122
0.45834,1024.9900471451022,14.990379755255937,2.7000000477,268.0,550.5602947385,26.646349349622277,35.55454456193829,20.38985060174527,32.903846047035174,1.0,88.36048331578357,208.44524499459803,940.0552224809034
0.5021316667,447.2379693283977,19.68846342249688,2.6068817771,234.0,543.3384755769,27.344703560413453,37.91533820583645,19.8558443739295,34.83481369299483,1.0,94.4900612639797,275.052983956936,752.3604482261748
0.5357033333,1210.9152725310307,12.880558532666209,2.4674340621,102.0,501.5141299151,15.790649241777412,23.297877920088915,9.872806096857586,21.709450953983495,1.0,96.1621914105103,427.02551326334384,1675.1698241533336
0.3506270833,670.7588881706529,1.844309889372503,3.4000000954,281.0,295.4193067298,27.597603270335608,54.82253766270579,16.980222340028835,38.21604881342151,1.0,97.84725101456903,369.49558584013107,832.0881588368222
0.5550588251,406.3994382132441,18.147492336349604,4.213636355,329.3636363636,427.9627623555,23.268572534833638,35.00532145727249,15.09234527179173,31.44572621300107,,96.46114775990141,401.1945020724431,617.2945840736769
0.5038501056,1467.7088355644019,8.73374812914482,2.6111110316,232.6666666667,463.2073002644,21.15650095939636,40.0762752532959,11.14977502822876,31.164274883270263,0.0,97.86904143136731,299.05244534654196,723.1091035370744
0.4802734108,878.2928579359351,12.44802545427258,3.2666666508,172.7777777778,357.7641111044,18.924223052130802,31.150972260369198,9.903888914320206,27.945694340599907,1.0,95.35919765572564,157.92890016925713,672.0246144773657
0.5376587999,1658.2402241465227,5.175578063424702,2.2999999523,218.5,456.462800027,18.980050849914548,35.912950134277345,8.31920008659363,29.642149639129634,,97.9706543484213,275.24895277121254,655.943461167645
0.5505611935,553.9161371711631,15.756411916530224,5.1999998093,344.0,459.1724991527,24.060001134872437,44.21537494659424,14.021249890327454,34.09962511062622,1.0,96.70690141096057,247.14589091492246,485.44512599456175
0.4444654948,177.69601600873204,6.278251764339298,8.2035909312,345.7296397971,510.8098769809,18.666126353651553,20.26528548510404,12.729896425077396,24.603416823139476,1.0,90.32001547209686,54.99698556736195,1122.6734175554316
0.3968478571,268.78894511483065,6.810558637492896,3.5157111398,229.8993659618,265.7162000996,21.265786422747514,34.740435953628,11.696692312524018,30.83597328697608,1.0,94.85437977926833,176.65758766166147,581.998487203112
0.4877933824,112.21117810004888,9.473731326106533,6.0963837492,249.0,371.2259025756,24.336922695073834,40.19356599836432,14.672098112349362,34.00264444278751,1.0,97.27794546836834,700.825070163645,1041.139149032203
0.3285281216,1641.5957571692102,16.978885697679754,2.2932841342,239.3288372405,460.2498038752,21.822456734811233,39.27878627367278,12.37302649765286,31.27283293584968,1.0,96.88323944147376,197.3362401168197,367.78537764025725
0.5032453704,1073.1335320417288,11.039858432998718,2.8666579244,190.4804206781,439.7114996639,21.83362603187561,41.376999378204346,10.837249875068665,32.83099961280823,1.0,98.56531748410049,509.38831057281243,836.0385021636508
0.4537107843,282.9544011544012,7.63741609670469,2.7999999523,303.0,616.6439364008,28.648297494666416,54.916479369455814,20.148253267123827,37.149496818469245,1.0,97.76056113701848,246.5404752836211,452.46756989618166
0.5693713542,273.8222919357815,14.171341631245978,2.4000000954,110.6553859772,754.7850204331,27.84642951441805,52.911634065291366,19.096521751186785,36.59746244378429,,96.68855007135073,369.44259133384384,679.2251248514417
0.4716714286,56.83984375,2.908106202783529,5.6999998093,334.2485018714,622.4769734317,17.466890017725788,20.228088834686524,10.107027059957844,24.827835684402725,1.0,93.34885381014305,164.79296919596,1249.129468269341
0.33016875,1274.5549674267102,6.753099030205306,5.5,237.0,416.9470315546,20.80017372854432,39.896737238192635,10.096638823852855,31.504595868396397,1.0,97.54719584421939,152.59310128434538,394.35438803714845
0.4192680556,199.91509433962267,2.189750074559288,6.72563464,175.6303875302,611.1005789111,26.97119101901006,54.03509453940256,17.084945886943558,36.85872804268416,1.0,96.95785521855966,245.08053675762707,447.9390588406586
0.4972194444,496.1282191780822,16.5103736211829,3.4000000954,265.8564220836,295.1192551964,23.24235138624842,29.796351097740043,15.778696680045739,30.707695446708215,,94.48968892923492,371.37113619814147,660.7959325953824
0.4246466667,148.55684969495286,2.32793627926461,3.9570168399,216.0,509.8386741928,25.703275161615867,46.59482680776454,15.58969685956232,35.81737429405462,1.0,95.77948491537734,296.5759735717919,587.4664253782565
0.4209194444,102.98782138024357,2.43321735308038,4.3476082105,308.0,430.4369976632,28.81450128555298,57.200750350952156,20.094000339508057,37.535000801086426,,98.42690586314151,182.73324147819852,541.9080042611649
0.4876191346,389.52433772981385,16.34323203050304,2.895238093,133.0952380952,204.3054998545,18.817388343811032,18.605799895524974,13.270537519454956,24.365187454223634,1.0,93.22927979184905,188.01351222297401,1446.6168188414433
0.6003577986,870.8269963574161,22.2060004924764,2.9000000954,178.25,156.0027996995,28.903101634979247,47.20950012207031,21.302000045776367,36.505050086975096,1.0,96.98488389409727,640.7354661757975,1292.2900594211665
0.518560133,1617.297122646527,15.398275493807143,3.25,242.0,286.7189998723,25.006834506988525,36.5901665687561,17.90708335240682,32.10749991734823,1.0,96.37029908122773,139.81684090133973,814.0096298469108
0.4002648284,207.15203557151017,16.53615879167582,2.968943672,120.0,181.7818877863,17.2519997538477,16.492548290811676,10.466565437864007,24.03881315061404,,93.07297476259825,193.39430740817403,1471.1010978582433
0.3765380117,542.0600840336134,13.634270673032319,2.0974919104,143.1654154788,187.9751964706,22.270036143901805,38.20879760009046,13.19000362431446,31.351080958463424,,98.68497535317228,861.4561521614983,1555.5863542333518
0.3626441667,1096.1594956453919,16.822205584434762,3.3265203374,169.0,168.14899017,21.015746914553507,34.398383000569446,12.95860174204639,29.074137815308514,1.0,97.1450921776626,217.85659990414376,590.1263704701457
0.518235,356.2461126005362,16.783487867925505,2.7000000477,156.0,161.399999985,26.89225149154663,36.092000007629395,18.9997501373291,34.78575038909912,,94.79298696631592,585.9476344113075,1323.1148931222554
,482.7993788819876,19.62253626175919,,,,,,,,,,,
0.5195116667,482.7993788819876,19.62253626175919,3.2966909047,161.0,160.4585703926,25.50185929051538,31.22788644738127,17.79641137943235,33.209232742954,1.0,94.59251819268395,557.1726033744932,1292.965398292895
0.36395,955.0056537102473,9.507755863708658,3.7000000477,246.0,180.2035686565,19.71426586327813,38.5616340026309,7.477138271820018,31.95221369332492,1.0,97.282321486576,266.3207491831971,894.9149214730625
0.5526774775,291.2810775486494,15.311460439099532,8.4106829473,346.3069229081,878.4115027998,21.65386199951172,32.69425010681152,13.26075005531311,30.04700016975403,0.0,93.7271326389407,68.54297416858357,251.88689753216886
0.4960119048,214.74663908996897,17.62783719209382,4.6999998093,273.0,582.5268571352,21.49125334489062,27.26516175528357,13.732749531246023,29.249884274099966,1.0,94.18820621207895,405.2438434795372,804.5241177830101
0.5181165605,271.70137940692507,17.006621933479426,4.25,130.0,516.7184963444,14.517937302589417,21.380624771118164,7.062624990940094,21.973374843597412,,97.88440688990444,673.2120836163691,1515.8728497179777
0.4997382149,583.8171757326355,16.671807043671564,4.8000001907,120.0,645.1086669544,21.741490999857582,32.37225023905436,14.503333330154417,28.979749997456867,,96.31880620396345,654.3570269436149,1403.9805350358415
0.3665516667,614.5910382429735,11.300657397149537,8.2565091237,129.6226943527,452.0939979602,22.455249071121216,37.58850026130676,15.027874946594238,29.882749557495117,,98.56274181902694,785.6427960256484,1503.7349317448245
0.6901181818,537.0660428532682,20.19055218335442,5.132672886,323.4873380203,845.4479637606,13.711032384049252,13.871461019858332,8.56177221519469,18.860419955201696,1.0,90.54411757076926,637.0622474685752,1433.784590338739
0.5301094086,509.41986394557824,10.57025149878731,2.593323284,195.3323373024,654.7612965275,27.859583247283837,37.78972319723795,21.045768497878868,34.6734921323312,0.0,95.30764807052172,534.6554548230511,1200.683349470076
0.467985119,274.12277804759594,10.976310188608762,5.4698844906,124.0,442.0919817997,16.98607788691143,24.832407313126453,9.45485782414426,24.517375079231883,,95.59727982547552,713.5623297161245,1559.166247104924
0.3541592105,616.1914690434505,2.522937175163357,3.2000000477,290.0,343.8015902917,20.566168288729443,30.90591929611066,10.614698619310985,30.517749123555394,1.0,92.16045437084155,70.281880494025,532.3478626973204
0.4084128205,677.916129032258,6.431348175865314,4.0991471352,168.6804622451,469.3021448284,21.624936859343762,38.61956253256674,12.80335323277506,30.446571998020765,,98.53155979436704,762.468388218839,1410.3956893385596
0.3732933333,639.8656043295249,17.021240855205942,2.4921005615,175.0,366.6200005822,28.391823768615723,48.216750144958496,19.86299991607666,36.92075061798096,,96.6151519004527,613.5389431112777,1194.9268737508983
0.2464092262,-67.5748987854251,1.621088192446957,3.9000000954,310.0,86.329048466,16.23906474765575,22.145872644043926,10.691526833521284,21.787357119990514,1.0,92.62417196776207,75.92122173029357,753.2878424204288
0.6045227273,327.050222504768,21.55120798530506,3.803255039,162.0,642.4340323433,24.05981686251601,38.35539561308609,17.78818676414047,30.33155556848245,1.0,95.99716685585864,644.9759550411039,1498.5590886685673
0.3426108796,347.09212121212124,16.257352068412185,4.8000001907,116.0,431.8919149382,17.488837452708644,26.757432899759134,9.930249134786616,25.047489345578246,,95.99552982887077,835.2408036522515,1622.8757499620428
0.5251041667,237.37171215880895,12.404136784748168,6.7517616146,316.0,608.2699013625,19.486783128367172,21.705430370290664,11.465632179557938,27.508004814275253,,92.25816664739556,469.22166387857055,1153.7600924916069
0.5202059118,618.9985043380843,16.780345965772508,4.3760417253,318.9270833333,333.5604194302,30.17912102771062,51.25548935449251,23.51956183936006,36.8387769268405,0.0,98.30383440963186,562.8111624404426,1048.050532385751
0.5679115684,373.07958174219567,15.38895801079981,4.0760563259,283.9014084507,390.5277283478,29.52448355810983,57.262499891008645,20.496539296422682,38.55252148764474,0.0,97.80089473336079,624.8903190943544,1148.5687927014344
0.6067767716,2020.8741713528448,19.6311947975092,1.5724999934,174.85,570.1160002034,24.585320435072248,32.85546055592989,18.649256587028503,30.52149989730433,0.0,95.8909569626288,479.12338829409964,804.8133933243419
0.3182073391,1342.7107924851812,3.255678863216437,2.9590909048,315.2727272727,241.9590000036,23.11334578990936,43.95803737640381,12.46548755168915,33.76128759384155,0.0,95.24529636685408,243.54790203614732,977.5691522008213
0.4898583468,386.6273291149909,9.914065126970797,5.152941227,329.1764705882,541.7594623929,22.573232283959022,31.202038508195148,15.444634730999287,29.701903893397407,,94.71467169237167,749.7888399523032,1232.562865006451
0.5916514581,633.3280944126351,20.394239658466088,4.0083333453,324.1666666667,463.7831661454,26.48652629057566,40.335500160853066,19.16354157527288,33.809624910354614,0.0,97.31681909621176,486.3603538624576,925.9912325133963
0.3717200889,1768.7313459801264,12.043636033971069,2.5833332737,109.8333333333,259.7490837068,20.18605160713196,37.16087516148885,10.0597083568573,30.312500039736435,0.0,97.44977616894786,230.53579974804856,945.3175912830832
0.309718887,1619.2671701044274,10.681659180908698,9.566666762,208.0,273.0766667891,4.591412382821242,10.41733330488205,-1.503458312091728,10.686374992132185,,88.9408760187331,57.97096074143893,1030.4315530352824
0.242894246,1363.410741885626,5.412828290475162,3.0900675022,182.0,197.3914435793,5.873429619993884,10.29253631113515,-1.178576141562815,12.92554134721604,,80.78447794155517,72.15880126369527,1249.2206808215765
0.4802970238,102.62597898758357,9.947967562557633,7.3838350982,240.0074652779,329.8957913447,25.377593469352806,44.73969315821801,15.900889239554443,34.85440106565046,,96.05302064192267,196.8835242765663,591.3643770854633
0.4526022727,48.41816888045541,2.108319693614342,3.6054550901,244.4573347498,288.9727682026,25.45812459473689,46.106116865297786,14.963049766434452,35.95327999918732,1.0,97.45234587222635,542.4413054984781,1033.6819668837124
0.41473125,465.1500500166722,24.072771998674483,3.4299717321,242.077427953,341.1600034892,23.16482448577881,45.421749114990234,12.972000122070312,33.357750415802,,97.23438943481253,191.1244118524757,583.251082717959
0.5047604167,150.0615482233503,2.06772466955073,4.2460243236,334.4602433881,525.3231223435,18.94964509290418,31.10750154760087,11.009320208812486,26.890094524152342,1.0,97.46701264732697,532.9803903522828,1437.6724523801422
0.588371143,1693.8927311295554,21.911854640556125,3.2999999821,266.625,677.632002132,23.209754837883843,35.88466660181682,15.806861162185667,30.612750159369575,1.0,98.18383929572146,438.8989449682499,782.1377981953224
0.5704919349,1223.7578109046356,19.67531928375268,3.5625,222.5,528.1986255506,23.504205584526066,34.11371874809265,17.61215630173683,29.396343767642975,,97.34515712932532,582.5259044829573,913.4416747314632
0.6275077029,1826.1505091474612,23.464894357411243,2.3799999952,112.4,607.0968032231,23.8091742515564,31.10745029449463,18.993199825286865,28.62525014877319,,97.35405506445527,165.7733001782417,987.2621695070637
0.5058745229,733.741718087675,12.526644829600809,1.7666666508,139.6666666667,521.3959990159,24.66748678684235,34.62006235122681,17.30181258916855,32.033249855041504,,95.83972138812756,535.4585876756948,1185.6486129832078
0.4803096847,290.45184195996353,13.80818788811937,3.5333333015,20.0,412.0996671446,17.096715927124023,10.348583380381267,14.087166627248129,20.10633341471354,,88.17473777937317,882.5745332811213,1556.5519814319791
0.4992807677,284.7030754262025,12.020460694383234,4.1999999682,22.0,446.4690016725,17.55136227607727,10.202249944210052,14.945374846458437,20.15749979019165,,86.98956953548036,634.5197423537263,1467.6660007370926
0.444175463,1474.8752354369483,16.454388831374562,5.5499999523,304.0,259.5295005482,23.009111881256104,35.30862522125244,15.86412525177002,30.154125452041622,,97.93874187030072,492.8357815305394,997.1966677033779
0.5198478774,410.06679826292935,13.437802509309932,3.5413509898,65.0767196209,403.3428107016,18.58674794746726,25.605755250757433,13.516380235474372,23.657197957076914,,98.78541164097567,109.96464307607188,1154.1770952768547
0.3266588954,945.1748839825623,23.95007755081373,3.7999999523,236.0,366.4255006732,27.987274169921875,42.6737494468689,23.352874755859375,32.621750354766846,1.0,99.20558278748813,1157.0532366988234,1416.9441671474983
0.6800319444,739.0639542330189,26.296341318195154,1.9694807624,231.0,651.6304417891,24.963706146668883,31.811187905200207,18.976119033711136,30.951388843104773,,97.62617631819514,520.4457063407527,948.5066909415439
0.4001877907,651.2433798748194,5.075109862623362,4.1698425214,280.0,302.8781622627,24.15497422877496,43.58665706323934,13.899036501396075,34.411035905174664,1.0,96.70976759478245,556.7160818227935,1042.050539461327
0.3515907407,624.5669141039236,2.706216737890294,2.4902034359,358.0,271.0967033971,15.440076369863288,27.00024968695382,5.161431661255402,25.718822263970058,1.0,96.27082570585083,229.93329097940062,711.2790060579728
0.3631157407,711.503518283539,14.123155756621147,2.2127329046,198.0,417.7162436551,22.590884032535964,36.74107579372913,13.831365692122901,31.35054412618855,1.0,95.8897968216884,367.8546608019938,617.1558656844621
0.6655102941,157.9442914979757,2.499957867981451,1.7999999523,39.3957289043,293.176837208,14.874385244615638,27.408690185662905,5.472305997052272,24.276568783449974,,100.02815532996888,157.80971558674247,1470.9252339377656
0.553116627,119.9301664636622,18.54115981993712,6.2270323804,319.0,333.4033635333,15.450966584431544,12.514059548468232,9.434780082182796,21.467231668646708,,89.77326590470966,183.5902192802412,499.54710003622415
0.4020416667,1027.5500550055006,7.754637708233792,3.0999999046,235.0,341.4069590065,23.161910240927106,33.51132823695166,15.937857812368028,30.386014454340163,,97.31599733533845,617.9666874663073,891.0275905364028
0.3962533333,1036.3908323281062,16.485361386553368,4.7273124023,216.0,405.9374921605,25.34579789551433,38.44753082308961,18.050131184656102,32.64152161913515,1.0,94.95623299855184,690.5740191455822,1073.4056529853867
0.4500272187,1827.6020740557135,13.352455708205822,1.980769217,251.6923076923,210.2915306023,24.001136898994442,41.06836877266566,15.308446566263834,32.36127565304438,,96.53631621059361,174.7145512582303,757.8803958110516
0.6456220062,1837.8712743284325,18.654597880867286,3.036363645,249.3636363636,320.1246549918,24.823845137720525,37.66198604003243,18.551457042279452,31.096382866735045,0.0,94.45703105633004,424.328931041174,1076.4885808606728
0.4100480952,101.79358830146232,4.694722240979992,4.5,185.0,238.085139012,23.486307132405045,38.37273858215138,14.377954502655268,32.55118888760323,,96.93102078015698,381.31657227419277,651.0516887715206
0.3137847222,225.98160919540229,15.48753668535715,2.1026073655,258.0,101.1609694404,29.36601990042507,48.706861082136825,21.151415343315943,37.71148315745128,,97.69196155360059,584.1875818369172,1287.6689034792896
0.5988056539,1651.9414923592005,16.999837601430833,6.2250000238,272.0,217.8531460053,25.00334922472636,33.796282529830926,19.00029941399892,31.00654490788778,,96.26640412686143,727.5040803045177,1069.9841433057252
0.5612021712,263.90371668931465,17.47701455203235,12.9599998474,317.2,290.131731341,16.84916639328003,15.669816215833029,11.607449611028034,22.091057936350506,0.0,90.72804472679775,742.7924372902553,1451.6381043169204
0.327044902,818.944307944308,15.56973351781921,6.6758214403,251.0192534942,226.5118449244,18.73436224460602,34.89299917221069,9.921362161636353,28.190625429153442,1.0,96.53735126536594,80.01026322513982,489.2011591604363
0.3295822917,446.70117871933735,9.03202836327053,4.2473814996,352.0,94.9983157198,12.864953235180854,12.360381553293259,7.157835504861062,18.189951206236156,,91.53311607178519,206.04459241795394,786.2515705901837
0.4425488095,892.5206643491696,16.272193822496046,2.9716328415,206.0,100.1334994808,27.767149448394775,36.575199127197266,22.574674606323246,32.95974922180176,1.0,96.1285841503926,915.4338428824005,1668.320846651729
0.249640625,1345.1935483870968,5.91059412821172,3.5,235.0,93.4986117795,17.497896349799795,24.733137869561453,11.518800296707205,23.443624831202204,,95.32141644642587,229.88952950868506,725.4971195706544
0.5149333333,1077.438654082889,15.09737931297703,1.9154974575,311.0,315.278631737,25.146082492072384,34.312292848783045,18.851036689287525,31.456123620883275,,95.74835198821606,385.92934886893653,645.1170731262255
0.284705,1240.5395683453237,11.277201887821244,4.2539100749,253.0,114.2077496205,21.630362104224563,38.150778839550334,13.647183377541017,29.100349245511534,1.0,98.55599435607033,457.35815046534583,944.5216697543176
0.38528125,1295.6408839779006,8.004015848501613,4.4000000954,228.0,175.5715383785,19.1180134499439,22.333122547183308,11.737278144365382,26.498879154713425,1.0,92.74848853935046,127.43691013698026,1090.611576526102
0.23690625,1164.1941470378301,6.677948480329712,5.8832790926,235.250814683,162.2478955864,15.909443541850338,17.317625458767374,9.97089351304173,21.908169251777323,,92.91421042951315,401.41767713763375,785.8161874397042
0.4627588235,962.2833184656555,8.584061155273488,5.5999999046,173.0,322.7441320829,24.74449709361413,52.90483594883196,13.494766463956195,35.99436786421231,,98.33818190111572,263.20525151092863,1049.059913568774
0.5267566667,274.58363095238093,9.656936309477757,7.3897660224,343.7143427466,356.5034991139,27.340466739060087,46.05834649203862,19.750005393809488,34.93107779494004,,93.18248942382723,124.01013567884263,699.2892647423662
0.4709266667,650.3574279379158,8.734854693357272,1.5,305.0,505.9650429524,29.112437898397246,54.10415674761029,20.694958823714973,37.53008087291688,1.0,98.45196730833237,510.6148377117368,810.5662093273015
0.5786125,982.4009983361065,23.987011412746426,1.8999153837,344.0,427.1670850747,26.078174591064453,32.21649885177612,21.045149326324463,31.111323833465576,,97.2578758193296,154.6586041185973,926.8581471083211
0.4002773678,903.3441819717781,13.257646316040562,3.1000000068,188.7142857143,226.8754546189,31.6298791885376,51.14748878479004,25.248114109039307,38.011789321899414,,96.57323156601558,358.55271436344947,1472.0639817933095
0.2278116135,98.69935131239113,1.635806402371083,3.6952306591,183.5114338266,38.2867244999,27.86872368691977,54.45328852538865,19.122688629042344,36.61489745558537,,98.43866679353819,591.0102405182414,2260.7420448907915
0.39285,533.8036715357284,15.33270801569909,2.4500000477,299.0,288.5120229521,24.06218960399562,27.14481836152668,17.114854259340852,31.009653720058513,,93.0084654307233,553.1854594913999,1309.8051726237118
0.6073842593,1073.257161043921,22.741178171146,2.7000000477,164.0,394.9934142079,14.680259215101051,19.28321442467884,9.981054046848037,19.37956675406931,,96.39566308583645,28.5109961231695,104.32302021327784
0.4081692786,637.7958449103309,10.596269751995628,2.2563007755,225.9936942825,528.9994196277,26.914257685343426,46.333648681640625,18.831316312154133,34.99734020233154,1.0,96.22257717362122,256.3934073128028,660.7080237307158
0.3390050439,741.9915832244958,9.358750852477119,4.0999999046,30.8817751781,656.2870962222,14.947504587373057,15.059414816189658,9.368712604767119,20.526451791673804,1.0,94.31003942212988,127.09885724045594,786.0765452878104
0.4925640476,1456.6267594975027,12.49071005140353,3.9916104776,253.0,682.032345509,27.108682749886746,37.38068187308738,21.35219227897317,32.865332074321046,,96.2514995263865,343.2857830520876,757.9082237308634
0.4364432292,1138.6805251641138,24.324128744217347,4.0743642622,284.66436799,558.4948690144,21.752161383663044,30.333139140593406,14.871430520323878,28.633031309622872,,97.09413945887285,203.35988862227322,530.9885817168197
0.4417712963,823.2928571428571,8.381362507419478,2.9000000954,275.6113782893,654.0000220828,26.51031157731039,36.73244205709587,19.466465868218144,33.5543263939961,,95.09672528979107,372.77293220171043,975.7277446861042
0.4068797619,771.7032569360675,14.34083927528514,2.2000000477,233.0,477.0717033075,26.74216816112993,43.783360166161216,19.46373259316408,34.02072470999281,1.0,96.00766647206004,251.57511246379488,642.8834012086011
0.4686130952,540.284971398856,17.972425670996966,3.7017238937,242.0,444.8865128622,20.9178746830758,23.879971045785187,12.998082043920624,28.83782587326042,1.0,92.8238522572248,121.17340275330673,245.7583675653778
0.439247619,609.9209694415174,5.034224569546286,2.0999999046,223.0,473.3879718415,27.559396500871053,40.79377720972822,21.11529109913659,34.00363509435333,,96.37834688995366,354.10271322581593,683.3923023329668
0.6052339367,727.1248469606414,13.584297089784593,2.7759615206,207.2019230769,1079.2269629846,30.398621581849596,49.888531766619,23.55842128708249,37.238821937924335,1.0,97.2547849630254,471.82608135227133,680.6381624023394
0.4781627468,751.2848327508736,17.400539224873885,2.5,244.0,474.3634647161,25.810539841651917,41.2689425945282,17.7823246717453,33.83875560760498,1.0,98.17402394784298,850.63926842546,1186.6998657824033
0.4137190942,206.18335754099786,9.594537140729935,5.2799999237,281.8,263.6146926393,22.216182867685955,35.60679086049397,13.765141328175861,30.667223930358883,,94.40023832849266,183.87240120595726,576.6064810742553
0.4807679568,503.9732083829168,14.877881869996362,1.7957375795,210.0853065543,558.6060375599,27.07747459411621,39.711498498916626,20.96152424812317,33.19342398643494,0.0,97.41337324326734,342.12372976636266,507.937670519211
0.5388779693,393.79117989682146,10.900874509310878,6.4604313593,325.7556571192,653.5137708757,21.438169976821897,31.53417533634999,13.286860607962442,29.589479726919084,1.0,94.50172502901914,242.6192771247285,389.32026640458093
0.5299048387,414.5824621194676,15.617348120943085,5.7518291631,320.8752933371,554.6603391639,24.917849302291874,39.89976143836975,16.92826211452484,32.90743684768677,1.0,96.34784869024591,606.1375736109416,855.4810697039894
0.5536918011,198.31943669827106,13.254268877109888,4.3540161038,19.4053913017,799.3546010406,27.9638721696827,47.503485571957846,20.48298549643753,35.444758789256724,1.0,96.02858573250614,344.0892022948501,519.5848646984623
0.5159304264,531.8805493452571,15.180052575235814,4.1644726383,326.0,766.0267680767,27.137263599228053,48.734932624516325,19.338301780130493,34.93622495033457,,98.31901425927155,562.7264928924551,792.2054989955582
0.5779422222,742.8820453224869,14.158889577690308,2.5,201.0739225959,692.2848969908,27.324894211624247,42.04227503043898,20.05529982977278,34.594488678398385,1.0,96.9379641914705,347.2558904855746,541.8587490848838
0.5267625,386.2136953955136,17.02529442237147,4.4000000954,281.0,542.2046970336,27.36299432079022,47.08571117309493,20.300530632108394,34.425457654339155,1.0,97.15058445395007,450.0336746725816,718.4638798191487
0.5204342593,123.13620253164557,5.909938151157356,2.6374342749,162.1928739673,721.6861979254,26.00191485241884,43.094617776006416,17.12141536418528,34.88241370734142,1.0,95.93652324212873,319.69725264268345,502.66804085400116
0.5018979167,1035.9097905087644,14.31205164285336,2.0999999046,48.8670674079,452.102786422,28.43001127243042,60.90192413330078,18.69539976119995,38.16462326049805,1.0,98.2429770421478,332.34528824114614,617.2534506812913
0.5400237516,1440.313652665834,19.637841263520784,3.3199999968,279.4666666667,492.6234424825,27.53593115373091,39.18752869692716,21.630256262692537,33.44160608811812,,97.72083721230231,215.01119569641367,719.3793437623443
0.6181828668,1685.4270712374412,27.518149728731196,2.7916667064,209.9166666667,848.4785142763,26.949785879680086,38.832473891122,22.08912433896746,31.810447522572108,,96.71847065904103,680.7150759702255,1037.8869877323705
0.6319205545,1268.5671442452644,22.77584555461129,2.2800000191,51.8,607.1736843057,29.478481224605016,44.2822345324925,23.75717074530465,35.19979177202497,,97.50281280815581,293.21980250538945,1069.9736363344384
0.6573761434,871.1937080029,21.83417548435936,3.4500000477,240.0,635.9168561247,33.09315129688808,55.97301265171596,26.97709928240095,39.20920249394008,1.0,96.17549118367128,390.59892373733754,1116.3080793198246
0.3973261155,1038.5401077978281,11.972178821294033,3.3249999285,266.5,608.0935850115,22.451168298721313,30.308024168014526,15.820574641227722,29.081761837005615,,95.37858718217099,263.81915931368576,392.23358969198387
0.4748085249,1400.7894471008149,11.90509772710856,3.2983249653,237.4147092109,505.6647509181,24.690004622303952,35.39885530301625,18.102004692941836,31.278004613117247,1.0,96.06386481488764,189.4637203096458,784.4495223335684
0.6611433998,235.1847209788123,20.577590894130164,1.521159761,20.0,599.0066499316,15.16084212598656,18.045463105451717,9.566520409601099,20.755163575079905,,94.69632661979291,107.98985010903898,1370.811091998058
0.5680517727,2058.712103970773,26.58020652937248,3.9372583609,266.044739025,1067.0069706284,25.634478775667823,41.231992511910505,19.368808338808623,31.900148560643554,,97.55835501273545,310.60097654717816,470.2303141793829
0.4023051724,384.3060384734081,10.573805207517482,3.5,198.0,412.3008722611,27.027787252698,39.61414987980194,18.947360900465817,35.10821316104628,,95.90371283884375,486.5364344488082,793.6550277531362
0.38029375,321.81429792082025,13.561021802628087,3.8998205958,287.0,298.14199408,24.269198894500732,36.47822284698486,16.676024436950684,31.86237382888794,,96.58089405405651,241.63346684072818,680.0121056818514
0.3396259259,728.9562886597938,1.714255149647133,8.9910036693,239.9100370366,293.8955837709,19.888026089692183,28.02495216623429,13.474923438046249,26.30112825550982,,95.84679253723542,281.87448713603044,644.0948831608242
0.2027333333,1024.9765297569154,19.098240053363934,1.9983624497,278.0,276.8960887883,31.265960693359375,63.191049575805664,23.40359926223755,39.12832355499267,,99.70251773735906,587.696719509392,1006.770705482108
0.3554916667,743.6680107526881,1.492539959822825,7.3050030544,233.0,314.3565898624,26.36476182937622,48.36312389373779,17.723774433135986,35.005749225616455,,97.9202666673636,355.2618751793385,724.1678821142766
0.2595270833,1226.817728531856,17.14876363439243,3.491921685,240.0,356.209587066,26.03472471237183,38.43774890899658,20.8857741355896,31.183674812316895,,97.95078916310422,670.0031363167125,904.6993671751225
0.3893625,611.8834110592938,14.34506120116293,2.2999999523,229.0,386.0975242065,28.0862743267254,45.03183565270203,19.83586739119826,36.33668081562608,,96.83617436465505,816.4975170271165,1234.669974047372
0.3688840278,343.96465696465697,19.031949397019027,2.5,102.7872199079,422.3048159696,15.794235834055257,14.460876681306909,10.807183749603727,20.781287791808303,1.0,89.87029219819011,128.94020952373447,1672.149319705983
0.6636237009,340.9651911785658,18.509626982543384,5.0714285714,22.2857142857,564.5648874736,14.022139271100363,15.634778817494713,8.748220642407734,19.2960577805837,,93.66526131281844,165.73840570667625,1609.093046191177
0.617581674,818.7408403824015,22.440797245170124,5.4666666985,23.0,680.6019342677,13.031712055206299,15.190099716186523,8.878574669361116,17.184849619865417,,95.4582915694925,183.45783106315525,1565.8560931601678
0.478052598,570.2064428849243,15.968490254784252,5.6333333651,38.3333333333,431.7865228951,9.298000383378803,14.499701204375363,2.361643826131829,16.23435691617622,,98.12229591642195,231.08393013767346,1614.011145443
0.4555979167,371.5961978524908,9.928857315679897,3.9225808603,13.0,535.5438725173,15.913251628458925,21.535743669692938,10.181753168735977,21.64475017420901,,97.06458819259645,179.60183506740282,1642.5902639932335
0.5497548271,603.5536507936508,18.9692237026477,8.1841252879,30.9974443757,536.004783383,14.665796676050284,18.761666332725163,9.00153112697958,20.330062041323686,,95.36989582941725,165.3608761431403,1522.4287629506678
